dataset,method,file_name,touch_prob,gt,pred,error
d1,B1_components,IMG_5931_JPG.rf.12844a31d22ba038ec137c0790b6ad86.jpg,,98,92,-6
d1,B1_components,IMG20240925164310_jpg.rf.17bbacb4e46d4c4a6a9820d01379e75a.jpg,,82,78,-4
d1,B1_components,IMG_5935_JPG.rf.1ea22149625a94f356e888dcc1594ee7.jpg,,98,105,7
d1,B1_components,IMG20240925164337_jpg.rf.3cc4d01a9f078a5d7d538796ed66a51a.jpg,,80,77,-3
d1,B1_components,IMG_5938_JPG.rf.3cc3d357661a689aa8dcad0338bd3276.jpg,,104,109,5
d1,B1_components,IMG20240925164318_jpg.rf.031a92b2fc3575c5f4e67e870930aefe.jpg,,80,75,-5
d1,B1_components,IMG_5974_JPG.rf.01d37e6f9e5fa5d90b047c1eb803cc7a.jpg,,116,135,19
d1,B1_components,IMG_5957_JPG.rf.4aadb140e129d8799cd5bdafd7045e91.jpg,,92,84,-8
d1,B1_components,IMG20240925164316_jpg.rf.4b4efde2cdd707e707e25ece4084e127.jpg,,82,75,-7
d1,B1_components,IMG_5953_JPG.rf.16804498eeee182e039aeb36480d4080.jpg,,95,86,-9
d1,B1_components,IMG_5954_JPG.rf.58394540b72dbc67cf9dbff0cc27da90.jpg,,95,88,-7
d1,B1_components,IMG20240925164307_jpg.rf.521b7a54a67b3f2017d9e0919a667601.jpg,,82,77,-5
d1,B1_components,IMG_5940_JPG.rf.61e57f3b0b8f2ba5201369e9233846ad.jpg,,95,90,-5
d1,B1_components,IMG_5932_JPG.rf.4884a527699978225f4f4f045697af34.jpg,,90,88,-2
d1,B1_components,IMG_5950_JPG.rf.537a5fcc7d8331af9db13b558a3ce74d.jpg,,94,88,-6
d1,B1_components,IMG20240925164328_jpg.rf.637036885e97c154b682414350759392.jpg,,81,78,-3
d1,B1_components,IMG_5947_JPG.rf.8809428ac09f730c14fd2a85905a8098.jpg,,91,88,-3
d1,B1_components,IMG20240925164302_jpg.rf.502d49991e020141f182d716e988dd24.jpg,,80,78,-2
d1,B1_components,IMG_5956_JPG.rf.832244f729ef68075e6fc4da1b841b73.jpg,,94,85,-9
d1,B1_components,IMG_5928_JPG.rf.6e10f535ae48c6f2e2ba3fa5ea7c39d3.jpg,,96,89,-7
d1,B1_components,IMG20240925164301_jpg.rf.7d610693a4581b74bb1da62b0ea6214b.jpg,,85,78,-7
d1,B1_components,IMG_5959_JPG.rf.4f8c5415c7461f9c230377f286500515.jpg,,124,116,-8
d1,B1_components,IMG_5945_JPG.rf.b58acf84b02a1d421112db1958841e12.jpg,,93,84,-9
d1,B1_components,IMG_5937_JPG.rf.bbf96bc90cb64ac9497f5a720d75083a.jpg,,103,86,-17
d1,B1_components,IMG_5944_JPG.rf.027061606e8aabacea1a1595deb1eeb9.jpg,,93,105,12
d1,B1_components,IMG20240925164317_jpg.rf.b206e016514f83e52d5c772740ccf146.jpg,,82,75,-7
d1,B1_components,IMG_5946_JPG.rf.bec7217cae4100c67795e1968d9059fb.jpg,,92,99,7
d1,B1_components,IMG_5949_JPG.rf.bb2df54a582d7db6bb4228a5ec6e5f1d.jpg,,96,102,6
d1,B1_components,IMG20240925164327_jpg.rf.c543e6a91d445a0dafb720a3a64fabe2.jpg,,82,78,-4
d1,B1_components,IMG_5930_JPG.rf.bd0c252f6e89ff547f1965b6d1333f63.jpg,,98,92,-6
d1,B1_components,IMG20240925164338_jpg.rf.adb1fa30b6f2e281d65ecd292487264f.jpg,,78,75,-3
d1,B1_components,IMG_5941_JPG.rf.b46b9e2d2e9e494ac46df2badd7780fa.jpg,,96,105,9
d1,B1_components,IMG_5933_JPG.rf.65416be7b56bea7ca538afaa7ba37d7f.jpg,,95,87,-8
d1,B1_components,IMG20240925164339_jpg.rf.7b5491580dadfd8d5e0ab761adb5a214.jpg,,79,76,-3
d1,B1_components,IMG_5958_JPG.rf.cf64eae898aa1a916c9e80136e6c2adc.jpg,,123,115,-8
d1,B1_components,IMG_6011_JPG.rf.7c1f4cf4382a68ff1e5ea4366b212164.jpg,,71,62,-9
d1,B1_components,IMG20240925164301_01_jpg.rf.d5b25bc8bd02e1907bee8f46f5599125.jpg,,80,79,-1
d1,B1_components,IMG_5934_JPG.rf.81133f65b37d725a23702a16ca646968.jpg,,94,88,-6
d1,B1_components,IMG_5948_JPG.rf.ac653268560b0c3a0704b264ddcc05e8.jpg,,92,91,-1
d1,B1_components,IMG_5942_JPG.rf.dd5fa3f8586c5668eb042424af30581a.jpg,,96,105,9
d1,B1_components,IMG_5939_JPG.rf.be590b4ed20446ca614e2a3ea4896055.jpg,,99,88,-11
d1,B1_components,IMG_5936_JPG.rf.f847c7336e0f80a436be0320ec1acdc6.jpg,,96,88,-8
d1,B1_components,IMG20240925164358_jpg.rf.dcb46ad347ee9bbff715da325937bc30.jpg,,74,75,1
d1,B1_components,IMG_5927_JPG.rf.ff753868c7100f53e6f58b613711d93b.jpg,,95,89,-6
d1,B1_components,IMG_5943_JPG.rf.ea4a94adbd531657509db2bc7fd1c8ab.jpg,,94,89,-5
d1,B1_components,IMG_5952_JPG.rf.7508bf43c981626c1ab7f99a98f35e59.jpg,,93,86,-7
d1,B1_components,IMG20240925164308_jpg.rf.030ee892fd6cfa6de0f590b704a8cabb.jpg,,81,77,-4
d1,B1_components,IMG20240925164329_jpg.rf.03acd5bb7f4e884c276105976d967f86.jpg,,80,77,-3
d1,B1_components,IMG20240925164309_jpg.rf.8c2aa7c8e4ce03acbd348a379ac26493.jpg,,79,78,-1
d1,B1_components,IMG_5929_JPG.rf.63ca4de6ea5795f3e8c58ed96a47278c.jpg,,98,89,-9
d1,B1_components,IMG_5955_JPG.rf.505bb675b19da4faa0f06a961900f4dd.jpg,,93,88,-5
d1,B2_area,IMG_5931_JPG.rf.12844a31d22ba038ec137c0790b6ad86.jpg,,98,107,9
d1,B2_area,IMG20240925164310_jpg.rf.17bbacb4e46d4c4a6a9820d01379e75a.jpg,,82,112,30
d1,B2_area,IMG_5935_JPG.rf.1ea22149625a94f356e888dcc1594ee7.jpg,,98,120,22
d1,B2_area,IMG20240925164337_jpg.rf.3cc4d01a9f078a5d7d538796ed66a51a.jpg,,80,113,33
d1,B2_area,IMG_5938_JPG.rf.3cc3d357661a689aa8dcad0338bd3276.jpg,,104,131,27
d1,B2_area,IMG20240925164318_jpg.rf.031a92b2fc3575c5f4e67e870930aefe.jpg,,80,113,33
d1,B2_area,IMG_5974_JPG.rf.01d37e6f9e5fa5d90b047c1eb803cc7a.jpg,,116,203,87
d1,B2_area,IMG_5957_JPG.rf.4aadb140e129d8799cd5bdafd7045e91.jpg,,92,129,37
d1,B2_area,IMG20240925164316_jpg.rf.4b4efde2cdd707e707e25ece4084e127.jpg,,82,114,32
d1,B2_area,IMG_5953_JPG.rf.16804498eeee182e039aeb36480d4080.jpg,,95,94,-1
d1,B2_area,IMG_5954_JPG.rf.58394540b72dbc67cf9dbff0cc27da90.jpg,,95,124,29
d1,B2_area,IMG20240925164307_jpg.rf.521b7a54a67b3f2017d9e0919a667601.jpg,,82,113,31
d1,B2_area,IMG_5940_JPG.rf.61e57f3b0b8f2ba5201369e9233846ad.jpg,,95,85,-10
d1,B2_area,IMG_5932_JPG.rf.4884a527699978225f4f4f045697af34.jpg,,90,122,32
d1,B2_area,IMG_5950_JPG.rf.537a5fcc7d8331af9db13b558a3ce74d.jpg,,94,116,22
d1,B2_area,IMG20240925164328_jpg.rf.637036885e97c154b682414350759392.jpg,,81,112,31
d1,B2_area,IMG_5947_JPG.rf.8809428ac09f730c14fd2a85905a8098.jpg,,91,122,31
d1,B2_area,IMG20240925164302_jpg.rf.502d49991e020141f182d716e988dd24.jpg,,80,83,3
d1,B2_area,IMG_5956_JPG.rf.832244f729ef68075e6fc4da1b841b73.jpg,,94,128,34
d1,B2_area,IMG_5928_JPG.rf.6e10f535ae48c6f2e2ba3fa5ea7c39d3.jpg,,96,120,24
d1,B2_area,IMG20240925164301_jpg.rf.7d610693a4581b74bb1da62b0ea6214b.jpg,,85,83,-2
d1,B2_area,IMG_5959_JPG.rf.4f8c5415c7461f9c230377f286500515.jpg,,124,156,32
d1,B2_area,IMG_5945_JPG.rf.b58acf84b02a1d421112db1958841e12.jpg,,93,118,25
d1,B2_area,IMG_5937_JPG.rf.bbf96bc90cb64ac9497f5a720d75083a.jpg,,103,109,6
d1,B2_area,IMG_5944_JPG.rf.027061606e8aabacea1a1595deb1eeb9.jpg,,93,108,15
d1,B2_area,IMG20240925164317_jpg.rf.b206e016514f83e52d5c772740ccf146.jpg,,82,113,31
d1,B2_area,IMG_5946_JPG.rf.bec7217cae4100c67795e1968d9059fb.jpg,,92,86,-6
d1,B2_area,IMG_5949_JPG.rf.bb2df54a582d7db6bb4228a5ec6e5f1d.jpg,,96,102,6
d1,B2_area,IMG20240925164327_jpg.rf.c543e6a91d445a0dafb720a3a64fabe2.jpg,,82,113,31
d1,B2_area,IMG_5930_JPG.rf.bd0c252f6e89ff547f1965b6d1333f63.jpg,,98,104,6
d1,B2_area,IMG20240925164338_jpg.rf.adb1fa30b6f2e281d65ecd292487264f.jpg,,78,112,34
d1,B2_area,IMG_5941_JPG.rf.b46b9e2d2e9e494ac46df2badd7780fa.jpg,,96,117,21
d1,B2_area,IMG_5933_JPG.rf.65416be7b56bea7ca538afaa7ba37d7f.jpg,,95,122,27
d1,B2_area,IMG20240925164339_jpg.rf.7b5491580dadfd8d5e0ab761adb5a214.jpg,,79,113,34
d1,B2_area,IMG_5958_JPG.rf.cf64eae898aa1a916c9e80136e6c2adc.jpg,,123,155,32
d1,B2_area,IMG_6011_JPG.rf.7c1f4cf4382a68ff1e5ea4366b212164.jpg,,71,105,34
d1,B2_area,IMG20240925164301_01_jpg.rf.d5b25bc8bd02e1907bee8f46f5599125.jpg,,80,83,3
d1,B2_area,IMG_5934_JPG.rf.81133f65b37d725a23702a16ca646968.jpg,,94,127,33
d1,B2_area,IMG_5948_JPG.rf.ac653268560b0c3a0704b264ddcc05e8.jpg,,92,107,15
d1,B2_area,IMG_5942_JPG.rf.dd5fa3f8586c5668eb042424af30581a.jpg,,96,100,4
d1,B2_area,IMG_5939_JPG.rf.be590b4ed20446ca614e2a3ea4896055.jpg,,99,90,-9
d1,B2_area,IMG_5936_JPG.rf.f847c7336e0f80a436be0320ec1acdc6.jpg,,96,110,14
d1,B2_area,IMG20240925164358_jpg.rf.dcb46ad347ee9bbff715da325937bc30.jpg,,74,91,17
d1,B2_area,IMG_5927_JPG.rf.ff753868c7100f53e6f58b613711d93b.jpg,,95,114,19
d1,B2_area,IMG_5943_JPG.rf.ea4a94adbd531657509db2bc7fd1c8ab.jpg,,94,94,0
d1,B2_area,IMG_5952_JPG.rf.7508bf43c981626c1ab7f99a98f35e59.jpg,,93,92,-1
d1,B2_area,IMG20240925164308_jpg.rf.030ee892fd6cfa6de0f590b704a8cabb.jpg,,81,112,31
d1,B2_area,IMG20240925164329_jpg.rf.03acd5bb7f4e884c276105976d967f86.jpg,,80,112,32
d1,B2_area,IMG20240925164309_jpg.rf.8c2aa7c8e4ce03acbd348a379ac26493.jpg,,79,112,33
d1,B2_area,IMG_5929_JPG.rf.63ca4de6ea5795f3e8c58ed96a47278c.jpg,,98,117,19
d1,B2_area,IMG_5955_JPG.rf.505bb675b19da4faa0f06a961900f4dd.jpg,,93,124,31
d1,B3_dist_watershed,IMG_5931_JPG.rf.12844a31d22ba038ec137c0790b6ad86.jpg,,98,19,-79
d1,B3_dist_watershed,IMG20240925164310_jpg.rf.17bbacb4e46d4c4a6a9820d01379e75a.jpg,,82,1,-81
d1,B3_dist_watershed,IMG_5935_JPG.rf.1ea22149625a94f356e888dcc1594ee7.jpg,,98,5,-93
d1,B3_dist_watershed,IMG20240925164337_jpg.rf.3cc4d01a9f078a5d7d538796ed66a51a.jpg,,80,1,-79
d1,B3_dist_watershed,IMG_5938_JPG.rf.3cc3d357661a689aa8dcad0338bd3276.jpg,,104,1,-103
d1,B3_dist_watershed,IMG20240925164318_jpg.rf.031a92b2fc3575c5f4e67e870930aefe.jpg,,80,1,-79
d1,B3_dist_watershed,IMG_5974_JPG.rf.01d37e6f9e5fa5d90b047c1eb803cc7a.jpg,,116,6,-110
d1,B3_dist_watershed,IMG_5957_JPG.rf.4aadb140e129d8799cd5bdafd7045e91.jpg,,92,1,-91
d1,B3_dist_watershed,IMG20240925164316_jpg.rf.4b4efde2cdd707e707e25ece4084e127.jpg,,82,1,-81
d1,B3_dist_watershed,IMG_5953_JPG.rf.16804498eeee182e039aeb36480d4080.jpg,,95,12,-83
d1,B3_dist_watershed,IMG_5954_JPG.rf.58394540b72dbc67cf9dbff0cc27da90.jpg,,95,1,-94
d1,B3_dist_watershed,IMG20240925164307_jpg.rf.521b7a54a67b3f2017d9e0919a667601.jpg,,82,1,-81
d1,B3_dist_watershed,IMG_5940_JPG.rf.61e57f3b0b8f2ba5201369e9233846ad.jpg,,95,99,4
d1,B3_dist_watershed,IMG_5932_JPG.rf.4884a527699978225f4f4f045697af34.jpg,,90,1,-89
d1,B3_dist_watershed,IMG_5950_JPG.rf.537a5fcc7d8331af9db13b558a3ce74d.jpg,,94,1,-93
d1,B3_dist_watershed,IMG20240925164328_jpg.rf.637036885e97c154b682414350759392.jpg,,81,1,-80
d1,B3_dist_watershed,IMG_5947_JPG.rf.8809428ac09f730c14fd2a85905a8098.jpg,,91,1,-90
d1,B3_dist_watershed,IMG20240925164302_jpg.rf.502d49991e020141f182d716e988dd24.jpg,,80,38,-42
d1,B3_dist_watershed,IMG_5956_JPG.rf.832244f729ef68075e6fc4da1b841b73.jpg,,94,1,-93
d1,B3_dist_watershed,IMG_5928_JPG.rf.6e10f535ae48c6f2e2ba3fa5ea7c39d3.jpg,,96,11,-85
d1,B3_dist_watershed,IMG20240925164301_jpg.rf.7d610693a4581b74bb1da62b0ea6214b.jpg,,85,88,3
d1,B3_dist_watershed,IMG_5959_JPG.rf.4f8c5415c7461f9c230377f286500515.jpg,,124,1,-123
d1,B3_dist_watershed,IMG_5945_JPG.rf.b58acf84b02a1d421112db1958841e12.jpg,,93,1,-92
d1,B3_dist_watershed,IMG_5937_JPG.rf.bbf96bc90cb64ac9497f5a720d75083a.jpg,,103,7,-96
d1,B3_dist_watershed,IMG_5944_JPG.rf.027061606e8aabacea1a1595deb1eeb9.jpg,,93,4,-89
d1,B3_dist_watershed,IMG20240925164317_jpg.rf.b206e016514f83e52d5c772740ccf146.jpg,,82,1,-81
d1,B3_dist_watershed,IMG_5946_JPG.rf.bec7217cae4100c67795e1968d9059fb.jpg,,92,109,17
d1,B3_dist_watershed,IMG_5949_JPG.rf.bb2df54a582d7db6bb4228a5ec6e5f1d.jpg,,96,1,-95
d1,B3_dist_watershed,IMG20240925164327_jpg.rf.c543e6a91d445a0dafb720a3a64fabe2.jpg,,82,1,-81
d1,B3_dist_watershed,IMG_5930_JPG.rf.bd0c252f6e89ff547f1965b6d1333f63.jpg,,98,69,-29
d1,B3_dist_watershed,IMG20240925164338_jpg.rf.adb1fa30b6f2e281d65ecd292487264f.jpg,,78,1,-77
d1,B3_dist_watershed,IMG_5941_JPG.rf.b46b9e2d2e9e494ac46df2badd7780fa.jpg,,96,7,-89
d1,B3_dist_watershed,IMG_5933_JPG.rf.65416be7b56bea7ca538afaa7ba37d7f.jpg,,95,1,-94
d1,B3_dist_watershed,IMG20240925164339_jpg.rf.7b5491580dadfd8d5e0ab761adb5a214.jpg,,79,1,-78
d1,B3_dist_watershed,IMG_5958_JPG.rf.cf64eae898aa1a916c9e80136e6c2adc.jpg,,123,1,-122
d1,B3_dist_watershed,IMG_6011_JPG.rf.7c1f4cf4382a68ff1e5ea4366b212164.jpg,,71,1,-70
d1,B3_dist_watershed,IMG20240925164301_01_jpg.rf.d5b25bc8bd02e1907bee8f46f5599125.jpg,,80,39,-41
d1,B3_dist_watershed,IMG_5934_JPG.rf.81133f65b37d725a23702a16ca646968.jpg,,94,1,-93
d1,B3_dist_watershed,IMG_5948_JPG.rf.ac653268560b0c3a0704b264ddcc05e8.jpg,,92,1,-91
d1,B3_dist_watershed,IMG_5942_JPG.rf.dd5fa3f8586c5668eb042424af30581a.jpg,,96,79,-17
d1,B3_dist_watershed,IMG_5939_JPG.rf.be590b4ed20446ca614e2a3ea4896055.jpg,,99,108,9
d1,B3_dist_watershed,IMG_5936_JPG.rf.f847c7336e0f80a436be0320ec1acdc6.jpg,,96,11,-85
d1,B3_dist_watershed,IMG20240925164358_jpg.rf.dcb46ad347ee9bbff715da325937bc30.jpg,,74,1,-73
d1,B3_dist_watershed,IMG_5927_JPG.rf.ff753868c7100f53e6f58b613711d93b.jpg,,95,23,-72
d1,B3_dist_watershed,IMG_5943_JPG.rf.ea4a94adbd531657509db2bc7fd1c8ab.jpg,,94,65,-29
d1,B3_dist_watershed,IMG_5952_JPG.rf.7508bf43c981626c1ab7f99a98f35e59.jpg,,93,66,-27
d1,B3_dist_watershed,IMG20240925164308_jpg.rf.030ee892fd6cfa6de0f590b704a8cabb.jpg,,81,1,-80
d1,B3_dist_watershed,IMG20240925164329_jpg.rf.03acd5bb7f4e884c276105976d967f86.jpg,,80,1,-79
d1,B3_dist_watershed,IMG20240925164309_jpg.rf.8c2aa7c8e4ce03acbd348a379ac26493.jpg,,79,1,-78
d1,B3_dist_watershed,IMG_5929_JPG.rf.63ca4de6ea5795f3e8c58ed96a47278c.jpg,,98,10,-88
d1,B3_dist_watershed,IMG_5955_JPG.rf.505bb675b19da4faa0f06a961900f4dd.jpg,,93,1,-92
d1,B4_erosion_watershed,IMG_5931_JPG.rf.12844a31d22ba038ec137c0790b6ad86.jpg,,98,94,-4
d1,B4_erosion_watershed,IMG20240925164310_jpg.rf.17bbacb4e46d4c4a6a9820d01379e75a.jpg,,82,79,-3
d1,B4_erosion_watershed,IMG_5935_JPG.rf.1ea22149625a94f356e888dcc1594ee7.jpg,,98,108,10
d1,B4_erosion_watershed,IMG20240925164337_jpg.rf.3cc4d01a9f078a5d7d538796ed66a51a.jpg,,80,77,-3
d1,B4_erosion_watershed,IMG_5938_JPG.rf.3cc3d357661a689aa8dcad0338bd3276.jpg,,104,111,7
d1,B4_erosion_watershed,IMG20240925164318_jpg.rf.031a92b2fc3575c5f4e67e870930aefe.jpg,,80,77,-3
d1,B4_erosion_watershed,IMG_5974_JPG.rf.01d37e6f9e5fa5d90b047c1eb803cc7a.jpg,,116,142,26
d1,B4_erosion_watershed,IMG_5957_JPG.rf.4aadb140e129d8799cd5bdafd7045e91.jpg,,92,85,-7
d1,B4_erosion_watershed,IMG20240925164316_jpg.rf.4b4efde2cdd707e707e25ece4084e127.jpg,,82,76,-6
d1,B4_erosion_watershed,IMG_5953_JPG.rf.16804498eeee182e039aeb36480d4080.jpg,,95,88,-7
d1,B4_erosion_watershed,IMG_5954_JPG.rf.58394540b72dbc67cf9dbff0cc27da90.jpg,,95,88,-7
d1,B4_erosion_watershed,IMG20240925164307_jpg.rf.521b7a54a67b3f2017d9e0919a667601.jpg,,82,80,-2
d1,B4_erosion_watershed,IMG_5940_JPG.rf.61e57f3b0b8f2ba5201369e9233846ad.jpg,,95,93,-2
d1,B4_erosion_watershed,IMG_5932_JPG.rf.4884a527699978225f4f4f045697af34.jpg,,90,91,1
d1,B4_erosion_watershed,IMG_5950_JPG.rf.537a5fcc7d8331af9db13b558a3ce74d.jpg,,94,90,-4
d1,B4_erosion_watershed,IMG20240925164328_jpg.rf.637036885e97c154b682414350759392.jpg,,81,79,-2
d1,B4_erosion_watershed,IMG_5947_JPG.rf.8809428ac09f730c14fd2a85905a8098.jpg,,91,91,0
d1,B4_erosion_watershed,IMG20240925164302_jpg.rf.502d49991e020141f182d716e988dd24.jpg,,80,80,0
d1,B4_erosion_watershed,IMG_5956_JPG.rf.832244f729ef68075e6fc4da1b841b73.jpg,,94,88,-6
d1,B4_erosion_watershed,IMG_5928_JPG.rf.6e10f535ae48c6f2e2ba3fa5ea7c39d3.jpg,,96,91,-5
d1,B4_erosion_watershed,IMG20240925164301_jpg.rf.7d610693a4581b74bb1da62b0ea6214b.jpg,,85,78,-7
d1,B4_erosion_watershed,IMG_5959_JPG.rf.4f8c5415c7461f9c230377f286500515.jpg,,124,119,-5
d1,B4_erosion_watershed,IMG_5945_JPG.rf.b58acf84b02a1d421112db1958841e12.jpg,,93,89,-4
d1,B4_erosion_watershed,IMG_5937_JPG.rf.bbf96bc90cb64ac9497f5a720d75083a.jpg,,103,91,-12
d1,B4_erosion_watershed,IMG_5944_JPG.rf.027061606e8aabacea1a1595deb1eeb9.jpg,,93,106,13
d1,B4_erosion_watershed,IMG20240925164317_jpg.rf.b206e016514f83e52d5c772740ccf146.jpg,,82,77,-5
d1,B4_erosion_watershed,IMG_5946_JPG.rf.bec7217cae4100c67795e1968d9059fb.jpg,,92,103,11
d1,B4_erosion_watershed,IMG_5949_JPG.rf.bb2df54a582d7db6bb4228a5ec6e5f1d.jpg,,96,107,11
d1,B4_erosion_watershed,IMG20240925164327_jpg.rf.c543e6a91d445a0dafb720a3a64fabe2.jpg,,82,78,-4
d1,B4_erosion_watershed,IMG_5930_JPG.rf.bd0c252f6e89ff547f1965b6d1333f63.jpg,,98,95,-3
d1,B4_erosion_watershed,IMG20240925164338_jpg.rf.adb1fa30b6f2e281d65ecd292487264f.jpg,,78,76,-2
d1,B4_erosion_watershed,IMG_5941_JPG.rf.b46b9e2d2e9e494ac46df2badd7780fa.jpg,,96,110,14
d1,B4_erosion_watershed,IMG_5933_JPG.rf.65416be7b56bea7ca538afaa7ba37d7f.jpg,,95,88,-7
d1,B4_erosion_watershed,IMG20240925164339_jpg.rf.7b5491580dadfd8d5e0ab761adb5a214.jpg,,79,77,-2
d1,B4_erosion_watershed,IMG_5958_JPG.rf.cf64eae898aa1a916c9e80136e6c2adc.jpg,,123,120,-3
d1,B4_erosion_watershed,IMG_6011_JPG.rf.7c1f4cf4382a68ff1e5ea4366b212164.jpg,,71,62,-9
d1,B4_erosion_watershed,IMG20240925164301_01_jpg.rf.d5b25bc8bd02e1907bee8f46f5599125.jpg,,80,79,-1
d1,B4_erosion_watershed,IMG_5934_JPG.rf.81133f65b37d725a23702a16ca646968.jpg,,94,88,-6
d1,B4_erosion_watershed,IMG_5948_JPG.rf.ac653268560b0c3a0704b264ddcc05e8.jpg,,92,93,1
d1,B4_erosion_watershed,IMG_5942_JPG.rf.dd5fa3f8586c5668eb042424af30581a.jpg,,96,106,10
d1,B4_erosion_watershed,IMG_5939_JPG.rf.be590b4ed20446ca614e2a3ea4896055.jpg,,99,91,-8
d1,B4_erosion_watershed,IMG_5936_JPG.rf.f847c7336e0f80a436be0320ec1acdc6.jpg,,96,88,-8
d1,B4_erosion_watershed,IMG20240925164358_jpg.rf.dcb46ad347ee9bbff715da325937bc30.jpg,,74,76,2
d1,B4_erosion_watershed,IMG_5927_JPG.rf.ff753868c7100f53e6f58b613711d93b.jpg,,95,92,-3
d1,B4_erosion_watershed,IMG_5943_JPG.rf.ea4a94adbd531657509db2bc7fd1c8ab.jpg,,94,90,-4
d1,B4_erosion_watershed,IMG_5952_JPG.rf.7508bf43c981626c1ab7f99a98f35e59.jpg,,93,87,-6
d1,B4_erosion_watershed,IMG20240925164308_jpg.rf.030ee892fd6cfa6de0f590b704a8cabb.jpg,,81,79,-2
d1,B4_erosion_watershed,IMG20240925164329_jpg.rf.03acd5bb7f4e884c276105976d967f86.jpg,,80,79,-1
d1,B4_erosion_watershed,IMG20240925164309_jpg.rf.8c2aa7c8e4ce03acbd348a379ac26493.jpg,,79,79,0
d1,B4_erosion_watershed,IMG_5929_JPG.rf.63ca4de6ea5795f3e8c58ed96a47278c.jpg,,98,91,-7
d1,B4_erosion_watershed,IMG_5955_JPG.rf.505bb675b19da4faa0f06a961900f4dd.jpg,,93,91,-2
d1,B5_concave_ellipse,IMG_5931_JPG.rf.12844a31d22ba038ec137c0790b6ad86.jpg,,98,123,25
d1,B5_concave_ellipse,IMG20240925164310_jpg.rf.17bbacb4e46d4c4a6a9820d01379e75a.jpg,,82,93,11
d1,B5_concave_ellipse,IMG_5935_JPG.rf.1ea22149625a94f356e888dcc1594ee7.jpg,,98,145,47
d1,B5_concave_ellipse,IMG20240925164337_jpg.rf.3cc4d01a9f078a5d7d538796ed66a51a.jpg,,80,86,6
d1,B5_concave_ellipse,IMG_5938_JPG.rf.3cc3d357661a689aa8dcad0338bd3276.jpg,,104,140,36
d1,B5_concave_ellipse,IMG20240925164318_jpg.rf.031a92b2fc3575c5f4e67e870930aefe.jpg,,80,92,12
d1,B5_concave_ellipse,IMG_5974_JPG.rf.01d37e6f9e5fa5d90b047c1eb803cc7a.jpg,,116,194,78
d1,B5_concave_ellipse,IMG_5957_JPG.rf.4aadb140e129d8799cd5bdafd7045e91.jpg,,92,108,16
d1,B5_concave_ellipse,IMG20240925164316_jpg.rf.4b4efde2cdd707e707e25ece4084e127.jpg,,82,94,12
d1,B5_concave_ellipse,IMG_5953_JPG.rf.16804498eeee182e039aeb36480d4080.jpg,,95,105,10
d1,B5_concave_ellipse,IMG_5954_JPG.rf.58394540b72dbc67cf9dbff0cc27da90.jpg,,95,114,19
d1,B5_concave_ellipse,IMG20240925164307_jpg.rf.521b7a54a67b3f2017d9e0919a667601.jpg,,82,92,10
d1,B5_concave_ellipse,IMG_5940_JPG.rf.61e57f3b0b8f2ba5201369e9233846ad.jpg,,95,107,12
d1,B5_concave_ellipse,IMG_5932_JPG.rf.4884a527699978225f4f4f045697af34.jpg,,90,119,29
d1,B5_concave_ellipse,IMG_5950_JPG.rf.537a5fcc7d8331af9db13b558a3ce74d.jpg,,94,110,16
d1,B5_concave_ellipse,IMG20240925164328_jpg.rf.637036885e97c154b682414350759392.jpg,,81,89,8
d1,B5_concave_ellipse,IMG_5947_JPG.rf.8809428ac09f730c14fd2a85905a8098.jpg,,91,102,11
d1,B5_concave_ellipse,IMG20240925164302_jpg.rf.502d49991e020141f182d716e988dd24.jpg,,80,93,13
d1,B5_concave_ellipse,IMG_5956_JPG.rf.832244f729ef68075e6fc4da1b841b73.jpg,,94,112,18
d1,B5_concave_ellipse,IMG_5928_JPG.rf.6e10f535ae48c6f2e2ba3fa5ea7c39d3.jpg,,96,121,25
d1,B5_concave_ellipse,IMG20240925164301_jpg.rf.7d610693a4581b74bb1da62b0ea6214b.jpg,,85,93,8
d1,B5_concave_ellipse,IMG_5959_JPG.rf.4f8c5415c7461f9c230377f286500515.jpg,,124,141,17
d1,B5_concave_ellipse,IMG_5945_JPG.rf.b58acf84b02a1d421112db1958841e12.jpg,,93,102,9
d1,B5_concave_ellipse,IMG_5937_JPG.rf.bbf96bc90cb64ac9497f5a720d75083a.jpg,,103,124,21
d1,B5_concave_ellipse,IMG_5944_JPG.rf.027061606e8aabacea1a1595deb1eeb9.jpg,,93,123,30
d1,B5_concave_ellipse,IMG20240925164317_jpg.rf.b206e016514f83e52d5c772740ccf146.jpg,,82,91,9
d1,B5_concave_ellipse,IMG_5946_JPG.rf.bec7217cae4100c67795e1968d9059fb.jpg,,92,121,29
d1,B5_concave_ellipse,IMG_5949_JPG.rf.bb2df54a582d7db6bb4228a5ec6e5f1d.jpg,,96,134,38
d1,B5_concave_ellipse,IMG20240925164327_jpg.rf.c543e6a91d445a0dafb720a3a64fabe2.jpg,,82,90,8
d1,B5_concave_ellipse,IMG_5930_JPG.rf.bd0c252f6e89ff547f1965b6d1333f63.jpg,,98,118,20
d1,B5_concave_ellipse,IMG20240925164338_jpg.rf.adb1fa30b6f2e281d65ecd292487264f.jpg,,78,92,14
d1,B5_concave_ellipse,IMG_5941_JPG.rf.b46b9e2d2e9e494ac46df2badd7780fa.jpg,,96,130,34
d1,B5_concave_ellipse,IMG_5933_JPG.rf.65416be7b56bea7ca538afaa7ba37d7f.jpg,,95,116,21
d1,B5_concave_ellipse,IMG20240925164339_jpg.rf.7b5491580dadfd8d5e0ab761adb5a214.jpg,,79,86,7
d1,B5_concave_ellipse,IMG_5958_JPG.rf.cf64eae898aa1a916c9e80136e6c2adc.jpg,,123,135,12
d1,B5_concave_ellipse,IMG_6011_JPG.rf.7c1f4cf4382a68ff1e5ea4366b212164.jpg,,71,68,-3
d1,B5_concave_ellipse,IMG20240925164301_01_jpg.rf.d5b25bc8bd02e1907bee8f46f5599125.jpg,,80,96,16
d1,B5_concave_ellipse,IMG_5934_JPG.rf.81133f65b37d725a23702a16ca646968.jpg,,94,117,23
d1,B5_concave_ellipse,IMG_5948_JPG.rf.ac653268560b0c3a0704b264ddcc05e8.jpg,,92,106,14
d1,B5_concave_ellipse,IMG_5942_JPG.rf.dd5fa3f8586c5668eb042424af30581a.jpg,,96,132,36
d1,B5_concave_ellipse,IMG_5939_JPG.rf.be590b4ed20446ca614e2a3ea4896055.jpg,,99,113,14
d1,B5_concave_ellipse,IMG_5936_JPG.rf.f847c7336e0f80a436be0320ec1acdc6.jpg,,96,123,27
d1,B5_concave_ellipse,IMG20240925164358_jpg.rf.dcb46ad347ee9bbff715da325937bc30.jpg,,74,105,31
d1,B5_concave_ellipse,IMG_5927_JPG.rf.ff753868c7100f53e6f58b613711d93b.jpg,,95,120,25
d1,B5_concave_ellipse,IMG_5943_JPG.rf.ea4a94adbd531657509db2bc7fd1c8ab.jpg,,94,110,16
d1,B5_concave_ellipse,IMG_5952_JPG.rf.7508bf43c981626c1ab7f99a98f35e59.jpg,,93,100,7
d1,B5_concave_ellipse,IMG20240925164308_jpg.rf.030ee892fd6cfa6de0f590b704a8cabb.jpg,,81,90,9
d1,B5_concave_ellipse,IMG20240925164329_jpg.rf.03acd5bb7f4e884c276105976d967f86.jpg,,80,87,7
d1,B5_concave_ellipse,IMG20240925164309_jpg.rf.8c2aa7c8e4ce03acbd348a379ac26493.jpg,,79,92,13
d1,B5_concave_ellipse,IMG_5929_JPG.rf.63ca4de6ea5795f3e8c58ed96a47278c.jpg,,98,120,22
d1,B5_concave_ellipse,IMG_5955_JPG.rf.505bb675b19da4faa0f06a961900f4dd.jpg,,93,105,12
d1,Ours_ASW_SPC,IMG_5931_JPG.rf.12844a31d22ba038ec137c0790b6ad86.jpg,,98,98,0
d1,Ours_ASW_SPC,IMG20240925164310_jpg.rf.17bbacb4e46d4c4a6a9820d01379e75a.jpg,,82,83,1
d1,Ours_ASW_SPC,IMG_5935_JPG.rf.1ea22149625a94f356e888dcc1594ee7.jpg,,98,91,-7
d1,Ours_ASW_SPC,IMG20240925164337_jpg.rf.3cc4d01a9f078a5d7d538796ed66a51a.jpg,,80,80,0
d1,Ours_ASW_SPC,IMG_5938_JPG.rf.3cc3d357661a689aa8dcad0338bd3276.jpg,,104,86,-18
d1,Ours_ASW_SPC,IMG20240925164318_jpg.rf.031a92b2fc3575c5f4e67e870930aefe.jpg,,80,81,1
d1,Ours_ASW_SPC,IMG_5974_JPG.rf.01d37e6f9e5fa5d90b047c1eb803cc7a.jpg,,116,116,0
d1,Ours_ASW_SPC,IMG_5957_JPG.rf.4aadb140e129d8799cd5bdafd7045e91.jpg,,92,94,2
d1,Ours_ASW_SPC,IMG20240925164316_jpg.rf.4b4efde2cdd707e707e25ece4084e127.jpg,,82,82,0
d1,Ours_ASW_SPC,IMG_5953_JPG.rf.16804498eeee182e039aeb36480d4080.jpg,,95,98,3
d1,Ours_ASW_SPC,IMG_5954_JPG.rf.58394540b72dbc67cf9dbff0cc27da90.jpg,,95,96,1
d1,Ours_ASW_SPC,IMG20240925164307_jpg.rf.521b7a54a67b3f2017d9e0919a667601.jpg,,82,83,1
d1,Ours_ASW_SPC,IMG_5940_JPG.rf.61e57f3b0b8f2ba5201369e9233846ad.jpg,,95,90,-5
d1,Ours_ASW_SPC,IMG_5932_JPG.rf.4884a527699978225f4f4f045697af34.jpg,,90,97,7
d1,Ours_ASW_SPC,IMG_5950_JPG.rf.537a5fcc7d8331af9db13b558a3ce74d.jpg,,94,93,-1
d1,Ours_ASW_SPC,IMG20240925164328_jpg.rf.637036885e97c154b682414350759392.jpg,,81,83,2
d1,Ours_ASW_SPC,IMG_5947_JPG.rf.8809428ac09f730c14fd2a85905a8098.jpg,,91,93,2
d1,Ours_ASW_SPC,IMG20240925164302_jpg.rf.502d49991e020141f182d716e988dd24.jpg,,80,84,4
d1,Ours_ASW_SPC,IMG_5956_JPG.rf.832244f729ef68075e6fc4da1b841b73.jpg,,94,94,0
d1,Ours_ASW_SPC,IMG_5928_JPG.rf.6e10f535ae48c6f2e2ba3fa5ea7c39d3.jpg,,96,95,-1
d1,Ours_ASW_SPC,IMG20240925164301_jpg.rf.7d610693a4581b74bb1da62b0ea6214b.jpg,,85,83,-2
d1,Ours_ASW_SPC,IMG_5959_JPG.rf.4f8c5415c7461f9c230377f286500515.jpg,,124,124,0
d1,Ours_ASW_SPC,IMG_5945_JPG.rf.b58acf84b02a1d421112db1958841e12.jpg,,93,91,-2
d1,Ours_ASW_SPC,IMG_5937_JPG.rf.bbf96bc90cb64ac9497f5a720d75083a.jpg,,103,95,-8
d1,Ours_ASW_SPC,IMG_5944_JPG.rf.027061606e8aabacea1a1595deb1eeb9.jpg,,93,93,0
d1,Ours_ASW_SPC,IMG20240925164317_jpg.rf.b206e016514f83e52d5c772740ccf146.jpg,,82,82,0
d1,Ours_ASW_SPC,IMG_5946_JPG.rf.bec7217cae4100c67795e1968d9059fb.jpg,,92,90,-2
d1,Ours_ASW_SPC,IMG_5949_JPG.rf.bb2df54a582d7db6bb4228a5ec6e5f1d.jpg,,96,93,-3
d1,Ours_ASW_SPC,IMG20240925164327_jpg.rf.c543e6a91d445a0dafb720a3a64fabe2.jpg,,82,84,2
d1,Ours_ASW_SPC,IMG_5930_JPG.rf.bd0c252f6e89ff547f1965b6d1333f63.jpg,,98,98,0
d1,Ours_ASW_SPC,IMG20240925164338_jpg.rf.adb1fa30b6f2e281d65ecd292487264f.jpg,,78,80,2
d1,Ours_ASW_SPC,IMG_5941_JPG.rf.b46b9e2d2e9e494ac46df2badd7780fa.jpg,,96,92,-4
d1,Ours_ASW_SPC,IMG_5933_JPG.rf.65416be7b56bea7ca538afaa7ba37d7f.jpg,,95,97,2
d1,Ours_ASW_SPC,IMG20240925164339_jpg.rf.7b5491580dadfd8d5e0ab761adb5a214.jpg,,79,80,1
d1,Ours_ASW_SPC,IMG_5958_JPG.rf.cf64eae898aa1a916c9e80136e6c2adc.jpg,,123,124,1
d1,Ours_ASW_SPC,IMG_6011_JPG.rf.7c1f4cf4382a68ff1e5ea4366b212164.jpg,,71,65,-6
d1,Ours_ASW_SPC,IMG20240925164301_01_jpg.rf.d5b25bc8bd02e1907bee8f46f5599125.jpg,,80,85,5
d1,Ours_ASW_SPC,IMG_5934_JPG.rf.81133f65b37d725a23702a16ca646968.jpg,,94,97,3
d1,Ours_ASW_SPC,IMG_5948_JPG.rf.ac653268560b0c3a0704b264ddcc05e8.jpg,,92,93,1
d1,Ours_ASW_SPC,IMG_5942_JPG.rf.dd5fa3f8586c5668eb042424af30581a.jpg,,96,90,-6
d1,Ours_ASW_SPC,IMG_5939_JPG.rf.be590b4ed20446ca614e2a3ea4896055.jpg,,99,94,-5
d1,Ours_ASW_SPC,IMG_5936_JPG.rf.f847c7336e0f80a436be0320ec1acdc6.jpg,,96,94,-2
d1,Ours_ASW_SPC,IMG20240925164358_jpg.rf.dcb46ad347ee9bbff715da325937bc30.jpg,,74,80,6
d1,Ours_ASW_SPC,IMG_5927_JPG.rf.ff753868c7100f53e6f58b613711d93b.jpg,,95,96,1
d1,Ours_ASW_SPC,IMG_5943_JPG.rf.ea4a94adbd531657509db2bc7fd1c8ab.jpg,,94,94,0
d1,Ours_ASW_SPC,IMG_5952_JPG.rf.7508bf43c981626c1ab7f99a98f35e59.jpg,,93,99,6
d1,Ours_ASW_SPC,IMG20240925164308_jpg.rf.030ee892fd6cfa6de0f590b704a8cabb.jpg,,81,83,2
d1,Ours_ASW_SPC,IMG20240925164329_jpg.rf.03acd5bb7f4e884c276105976d967f86.jpg,,80,83,3
d1,Ours_ASW_SPC,IMG20240925164309_jpg.rf.8c2aa7c8e4ce03acbd348a379ac26493.jpg,,79,83,4
d1,Ours_ASW_SPC,IMG_5929_JPG.rf.63ca4de6ea5795f3e8c58ed96a47278c.jpg,,98,94,-4
d1,Ours_ASW_SPC,IMG_5955_JPG.rf.505bb675b19da4faa0f06a961900f4dd.jpg,,93,94,1
d2,B1_components,touch00_00.png,0.0,91,91,0
d2,B1_components,touch00_01.png,0.0,63,63,0
d2,B1_components,touch00_02.png,0.0,86,86,0
d2,B1_components,touch00_03.png,0.0,87,87,0
d2,B1_components,touch00_04.png,0.0,70,69,-1
d2,B1_components,touch00_05.png,0.0,64,64,0
d2,B1_components,touch00_06.png,0.0,89,89,0
d2,B1_components,touch00_07.png,0.0,53,52,-1
d2,B1_components,touch20_00.png,0.2,94,75,-19
d2,B1_components,touch20_01.png,0.2,58,44,-14
d2,B1_components,touch20_02.png,0.2,67,57,-10
d2,B1_components,touch20_03.png,0.2,49,41,-8
d2,B1_components,touch20_04.png,0.2,44,36,-8
d2,B1_components,touch20_05.png,0.2,75,59,-16
d2,B1_components,touch20_06.png,0.2,44,32,-12
d2,B1_components,touch20_07.png,0.2,79,66,-13
d2,B1_components,touch40_00.png,0.4,62,40,-22
d2,B1_components,touch40_01.png,0.4,81,51,-30
d2,B1_components,touch40_02.png,0.4,98,68,-30
d2,B1_components,touch40_03.png,0.4,59,39,-20
d2,B1_components,touch40_04.png,0.4,93,56,-37
d2,B1_components,touch40_05.png,0.4,49,26,-23
d2,B1_components,touch40_06.png,0.4,80,50,-30
d2,B1_components,touch40_07.png,0.4,69,40,-29
d2,B1_components,touch60_00.png,0.6,77,40,-37
d2,B1_components,touch60_01.png,0.6,88,52,-36
d2,B1_components,touch60_02.png,0.6,98,64,-34
d2,B1_components,touch60_03.png,0.6,64,30,-34
d2,B1_components,touch60_04.png,0.6,91,60,-31
d2,B1_components,touch60_05.png,0.6,58,26,-32
d2,B1_components,touch60_06.png,0.6,55,26,-29
d2,B1_components,touch60_07.png,0.6,89,38,-51
d2,B1_components,touch80_00.png,0.8,64,25,-39
d2,B1_components,touch80_01.png,0.8,90,39,-51
d2,B1_components,touch80_02.png,0.8,67,33,-34
d2,B1_components,touch80_03.png,0.8,52,24,-28
d2,B1_components,touch80_04.png,0.8,69,27,-42
d2,B1_components,touch80_05.png,0.8,87,38,-49
d2,B1_components,touch80_06.png,0.8,44,22,-22
d2,B1_components,touch80_07.png,0.8,89,43,-46
d2,B2_area,touch00_00.png,0.0,91,90,-1
d2,B2_area,touch00_01.png,0.0,63,63,0
d2,B2_area,touch00_02.png,0.0,86,85,-1
d2,B2_area,touch00_03.png,0.0,87,88,1
d2,B2_area,touch00_04.png,0.0,70,68,-2
d2,B2_area,touch00_05.png,0.0,64,63,-1
d2,B2_area,touch00_06.png,0.0,89,88,-1
d2,B2_area,touch00_07.png,0.0,53,55,2
d2,B2_area,touch20_00.png,0.2,94,94,0
d2,B2_area,touch20_01.png,0.2,58,56,-2
d2,B2_area,touch20_02.png,0.2,67,66,-1
d2,B2_area,touch20_03.png,0.2,49,48,-1
d2,B2_area,touch20_04.png,0.2,44,44,0
d2,B2_area,touch20_05.png,0.2,75,73,-2
d2,B2_area,touch20_06.png,0.2,44,46,2
d2,B2_area,touch20_07.png,0.2,79,78,-1
d2,B2_area,touch40_00.png,0.4,62,60,-2
d2,B2_area,touch40_01.png,0.4,81,79,-2
d2,B2_area,touch40_02.png,0.4,98,98,0
d2,B2_area,touch40_03.png,0.4,59,62,3
d2,B2_area,touch40_04.png,0.4,93,89,-4
d2,B2_area,touch40_05.png,0.4,49,52,3
d2,B2_area,touch40_06.png,0.4,80,79,-1
d2,B2_area,touch40_07.png,0.4,69,66,-3
d2,B2_area,touch60_00.png,0.6,77,69,-8
d2,B2_area,touch60_01.png,0.6,88,87,-1
d2,B2_area,touch60_02.png,0.6,98,96,-2
d2,B2_area,touch60_03.png,0.6,64,64,0
d2,B2_area,touch60_04.png,0.6,91,92,1
d2,B2_area,touch60_05.png,0.6,58,58,0
d2,B2_area,touch60_06.png,0.6,55,52,-3
d2,B2_area,touch60_07.png,0.6,89,84,-5
d2,B2_area,touch80_00.png,0.8,64,63,-1
d2,B2_area,touch80_01.png,0.8,90,91,1
d2,B2_area,touch80_02.png,0.8,67,72,5
d2,B2_area,touch80_03.png,0.8,52,51,-1
d2,B2_area,touch80_04.png,0.8,69,51,-18
d2,B2_area,touch80_05.png,0.8,87,80,-7
d2,B2_area,touch80_06.png,0.8,44,42,-2
d2,B2_area,touch80_07.png,0.8,89,90,1
d2,B3_dist_watershed,touch00_00.png,0.0,91,91,0
d2,B3_dist_watershed,touch00_01.png,0.0,63,63,0
d2,B3_dist_watershed,touch00_02.png,0.0,86,86,0
d2,B3_dist_watershed,touch00_03.png,0.0,87,87,0
d2,B3_dist_watershed,touch00_04.png,0.0,70,70,0
d2,B3_dist_watershed,touch00_05.png,0.0,64,64,0
d2,B3_dist_watershed,touch00_06.png,0.0,89,89,0
d2,B3_dist_watershed,touch00_07.png,0.0,53,53,0
d2,B3_dist_watershed,touch20_00.png,0.2,94,90,-4
d2,B3_dist_watershed,touch20_01.png,0.2,58,54,-4
d2,B3_dist_watershed,touch20_02.png,0.2,67,63,-4
d2,B3_dist_watershed,touch20_03.png,0.2,49,47,-2
d2,B3_dist_watershed,touch20_04.png,0.2,44,39,-5
d2,B3_dist_watershed,touch20_05.png,0.2,75,69,-6
d2,B3_dist_watershed,touch20_06.png,0.2,44,38,-6
d2,B3_dist_watershed,touch20_07.png,0.2,79,74,-5
d2,B3_dist_watershed,touch40_00.png,0.4,62,51,-11
d2,B3_dist_watershed,touch40_01.png,0.4,81,71,-10
d2,B3_dist_watershed,touch40_02.png,0.4,98,89,-9
d2,B3_dist_watershed,touch40_03.png,0.4,59,49,-10
d2,B3_dist_watershed,touch40_04.png,0.4,93,78,-15
d2,B3_dist_watershed,touch40_05.png,0.4,49,43,-6
d2,B3_dist_watershed,touch40_06.png,0.4,80,68,-12
d2,B3_dist_watershed,touch40_07.png,0.4,69,57,-12
d2,B3_dist_watershed,touch60_00.png,0.6,77,61,-16
d2,B3_dist_watershed,touch60_01.png,0.6,88,76,-12
d2,B3_dist_watershed,touch60_02.png,0.6,98,82,-16
d2,B3_dist_watershed,touch60_03.png,0.6,64,52,-12
d2,B3_dist_watershed,touch60_04.png,0.6,91,82,-9
d2,B3_dist_watershed,touch60_05.png,0.6,58,49,-9
d2,B3_dist_watershed,touch60_06.png,0.6,55,51,-4
d2,B3_dist_watershed,touch60_07.png,0.6,89,78,-11
d2,B3_dist_watershed,touch80_00.png,0.8,64,49,-15
d2,B3_dist_watershed,touch80_01.png,0.8,90,72,-18
d2,B3_dist_watershed,touch80_02.png,0.8,67,58,-9
d2,B3_dist_watershed,touch80_03.png,0.8,52,42,-10
d2,B3_dist_watershed,touch80_04.png,0.8,69,54,-15
d2,B3_dist_watershed,touch80_05.png,0.8,87,66,-21
d2,B3_dist_watershed,touch80_06.png,0.8,44,38,-6
d2,B3_dist_watershed,touch80_07.png,0.8,89,65,-24
d2,B4_erosion_watershed,touch00_00.png,0.0,91,91,0
d2,B4_erosion_watershed,touch00_01.png,0.0,63,63,0
d2,B4_erosion_watershed,touch00_02.png,0.0,86,86,0
d2,B4_erosion_watershed,touch00_03.png,0.0,87,87,0
d2,B4_erosion_watershed,touch00_04.png,0.0,70,70,0
d2,B4_erosion_watershed,touch00_05.png,0.0,64,64,0
d2,B4_erosion_watershed,touch00_06.png,0.0,89,89,0
d2,B4_erosion_watershed,touch00_07.png,0.0,53,52,-1
d2,B4_erosion_watershed,touch20_00.png,0.2,94,75,-19
d2,B4_erosion_watershed,touch20_01.png,0.2,58,44,-14
d2,B4_erosion_watershed,touch20_02.png,0.2,67,57,-10
d2,B4_erosion_watershed,touch20_03.png,0.2,49,41,-8
d2,B4_erosion_watershed,touch20_04.png,0.2,44,36,-8
d2,B4_erosion_watershed,touch20_05.png,0.2,75,59,-16
d2,B4_erosion_watershed,touch20_06.png,0.2,44,32,-12
d2,B4_erosion_watershed,touch20_07.png,0.2,79,66,-13
d2,B4_erosion_watershed,touch40_00.png,0.4,62,40,-22
d2,B4_erosion_watershed,touch40_01.png,0.4,81,51,-30
d2,B4_erosion_watershed,touch40_02.png,0.4,98,68,-30
d2,B4_erosion_watershed,touch40_03.png,0.4,59,39,-20
d2,B4_erosion_watershed,touch40_04.png,0.4,93,56,-37
d2,B4_erosion_watershed,touch40_05.png,0.4,49,26,-23
d2,B4_erosion_watershed,touch40_06.png,0.4,80,50,-30
d2,B4_erosion_watershed,touch40_07.png,0.4,69,40,-29
d2,B4_erosion_watershed,touch60_00.png,0.6,77,40,-37
d2,B4_erosion_watershed,touch60_01.png,0.6,88,52,-36
d2,B4_erosion_watershed,touch60_02.png,0.6,98,64,-34
d2,B4_erosion_watershed,touch60_03.png,0.6,64,30,-34
d2,B4_erosion_watershed,touch60_04.png,0.6,91,60,-31
d2,B4_erosion_watershed,touch60_05.png,0.6,58,26,-32
d2,B4_erosion_watershed,touch60_06.png,0.6,55,26,-29
d2,B4_erosion_watershed,touch60_07.png,0.6,89,38,-51
d2,B4_erosion_watershed,touch80_00.png,0.8,64,25,-39
d2,B4_erosion_watershed,touch80_01.png,0.8,90,39,-51
d2,B4_erosion_watershed,touch80_02.png,0.8,67,33,-34
d2,B4_erosion_watershed,touch80_03.png,0.8,52,24,-28
d2,B4_erosion_watershed,touch80_04.png,0.8,69,27,-42
d2,B4_erosion_watershed,touch80_05.png,0.8,87,38,-49
d2,B4_erosion_watershed,touch80_06.png,0.8,44,22,-22
d2,B4_erosion_watershed,touch80_07.png,0.8,89,43,-46
d2,B5_concave_ellipse,touch00_00.png,0.0,91,91,0
d2,B5_concave_ellipse,touch00_01.png,0.0,63,63,0
d2,B5_concave_ellipse,touch00_02.png,0.0,86,86,0
d2,B5_concave_ellipse,touch00_03.png,0.0,87,87,0
d2,B5_concave_ellipse,touch00_04.png,0.0,70,70,0
d2,B5_concave_ellipse,touch00_05.png,0.0,64,64,0
d2,B5_concave_ellipse,touch00_06.png,0.0,89,89,0
d2,B5_concave_ellipse,touch00_07.png,0.0,53,53,0
d2,B5_concave_ellipse,touch20_00.png,0.2,94,85,-9
d2,B5_concave_ellipse,touch20_01.png,0.2,58,47,-11
d2,B5_concave_ellipse,touch20_02.png,0.2,67,62,-5
d2,B5_concave_ellipse,touch20_03.png,0.2,49,45,-4
d2,B5_concave_ellipse,touch20_04.png,0.2,44,39,-5
d2,B5_concave_ellipse,touch20_05.png,0.2,75,65,-10
d2,B5_concave_ellipse,touch20_06.png,0.2,44,37,-7
d2,B5_concave_ellipse,touch20_07.png,0.2,79,69,-10
d2,B5_concave_ellipse,touch40_00.png,0.4,62,49,-13
d2,B5_concave_ellipse,touch40_01.png,0.4,81,65,-16
d2,B5_concave_ellipse,touch40_02.png,0.4,98,79,-19
d2,B5_concave_ellipse,touch40_03.png,0.4,59,50,-9
d2,B5_concave_ellipse,touch40_04.png,0.4,93,67,-26
d2,B5_concave_ellipse,touch40_05.png,0.4,49,39,-10
d2,B5_concave_ellipse,touch40_06.png,0.4,80,63,-17
d2,B5_concave_ellipse,touch40_07.png,0.4,69,52,-17
d2,B5_concave_ellipse,touch60_00.png,0.6,77,58,-19
d2,B5_concave_ellipse,touch60_01.png,0.6,88,71,-17
d2,B5_concave_ellipse,touch60_02.png,0.6,98,80,-18
d2,B5_concave_ellipse,touch60_03.png,0.6,64,51,-13
d2,B5_concave_ellipse,touch60_04.png,0.6,91,78,-13
d2,B5_concave_ellipse,touch60_05.png,0.6,58,45,-13
d2,B5_concave_ellipse,touch60_06.png,0.6,55,40,-15
d2,B5_concave_ellipse,touch60_07.png,0.6,89,66,-23
d2,B5_concave_ellipse,touch80_00.png,0.8,64,49,-15
d2,B5_concave_ellipse,touch80_01.png,0.8,90,64,-26
d2,B5_concave_ellipse,touch80_02.png,0.8,67,55,-12
d2,B5_concave_ellipse,touch80_03.png,0.8,52,38,-14
d2,B5_concave_ellipse,touch80_04.png,0.8,69,48,-21
d2,B5_concave_ellipse,touch80_05.png,0.8,87,60,-27
d2,B5_concave_ellipse,touch80_06.png,0.8,44,32,-12
d2,B5_concave_ellipse,touch80_07.png,0.8,89,70,-19
d2,Ours_ASW_SPC,touch00_00.png,0.0,91,91,0
d2,Ours_ASW_SPC,touch00_01.png,0.0,63,63,0
d2,Ours_ASW_SPC,touch00_02.png,0.0,86,86,0
d2,Ours_ASW_SPC,touch00_03.png,0.0,87,87,0
d2,Ours_ASW_SPC,touch00_04.png,0.0,70,70,0
d2,Ours_ASW_SPC,touch00_05.png,0.0,64,64,0
d2,Ours_ASW_SPC,touch00_06.png,0.0,89,89,0
d2,Ours_ASW_SPC,touch00_07.png,0.0,53,53,0
d2,Ours_ASW_SPC,touch20_00.png,0.2,94,93,-1
d2,Ours_ASW_SPC,touch20_01.png,0.2,58,58,0
d2,Ours_ASW_SPC,touch20_02.png,0.2,67,67,0
d2,Ours_ASW_SPC,touch20_03.png,0.2,49,49,0
d2,Ours_ASW_SPC,touch20_04.png,0.2,44,44,0
d2,Ours_ASW_SPC,touch20_05.png,0.2,75,75,0
d2,Ours_ASW_SPC,touch20_06.png,0.2,44,44,0
d2,Ours_ASW_SPC,touch20_07.png,0.2,79,79,0
d2,Ours_ASW_SPC,touch40_00.png,0.4,62,61,-1
d2,Ours_ASW_SPC,touch40_01.png,0.4,81,81,0
d2,Ours_ASW_SPC,touch40_02.png,0.4,98,98,0
d2,Ours_ASW_SPC,touch40_03.png,0.4,59,59,0
d2,Ours_ASW_SPC,touch40_04.png,0.4,93,93,0
d2,Ours_ASW_SPC,touch40_05.png,0.4,49,49,0
d2,Ours_ASW_SPC,touch40_06.png,0.4,80,80,0
d2,Ours_ASW_SPC,touch40_07.png,0.4,69,69,0
d2,Ours_ASW_SPC,touch60_00.png,0.6,77,77,0
d2,Ours_ASW_SPC,touch60_01.png,0.6,88,88,0
d2,Ours_ASW_SPC,touch60_02.png,0.6,98,98,0
d2,Ours_ASW_SPC,touch60_03.png,0.6,64,63,-1
d2,Ours_ASW_SPC,touch60_04.png,0.6,91,91,0
d2,Ours_ASW_SPC,touch60_05.png,0.6,58,58,0
d2,Ours_ASW_SPC,touch60_06.png,0.6,55,55,0
d2,Ours_ASW_SPC,touch60_07.png,0.6,89,89,0
d2,Ours_ASW_SPC,touch80_00.png,0.8,64,63,-1
d2,Ours_ASW_SPC,touch80_01.png,0.8,90,90,0
d2,Ours_ASW_SPC,touch80_02.png,0.8,67,67,0
d2,Ours_ASW_SPC,touch80_03.png,0.8,52,51,-1
d2,Ours_ASW_SPC,touch80_04.png,0.8,69,66,-3
d2,Ours_ASW_SPC,touch80_05.png,0.8,87,87,0
d2,Ours_ASW_SPC,touch80_06.png,0.8,44,43,-1
d2,Ours_ASW_SPC,touch80_07.png,0.8,89,88,-1
d3,B1_components,WIN_20240202_13_53_14_Pro_jpg.rf.c67045ee3774ac939ab68fdc9eebc6f9.jpg,,15,17,2
d3,B1_components,WIN_20240201_15_03_05_Pro_jpg.rf.c786ba6bc82242f8c3aba0bf62d3e11f.jpg,,14,16,2
d3,B1_components,WIN_20240126_13_57_50_Pro_jpg.rf.c6a3d267492c7c8014f8acd6436d8347.jpg,,13,17,4
d3,B1_components,WIN_20240131_11_20_56_Pro_jpg.rf.c6fc305a0ac5dfb42d384d8abe772872.jpg,,12,18,6
d3,B1_components,WIN_20240129_10_22_34_Pro_jpg.rf.cbf887d7aa87a4cd2278044a3096dad2.jpg,,14,17,3
d3,B1_components,WIN_20240126_14_10_51_Pro_jpg.rf.ca74ce2427e6a24dd61413fde1002377.jpg,,15,17,2
d3,B1_components,WIN_20240127_13_49_42_Pro_jpg.rf.c5b4523b3b8f6ec8be649aade31904cd.jpg,,13,16,3
d3,B1_components,WIN_20240202_13_49_29_Pro_jpg.rf.c7f6fa9837a9b93e2b82dd908749747f.jpg,,17,20,3
d3,B1_components,WIN_20240127_13_55_28_Pro_jpg.rf.c9de9822a7891ddd1d1cd294229696c6.jpg,,18,19,1
d3,B1_components,WIN_20240202_14_01_39_Pro_jpg.rf.c68312b74da19dab1a07fdf9703e7858.jpg,,16,17,1
d3,B1_components,WIN_20240129_16_53_09_Pro_jpg.rf.c7a96ab65e29d13f49f60439e8413816.jpg,,15,17,2
d3,B1_components,WIN_20240130_16_53_42_Pro_jpg.rf.ca929a9bba99c9f59a1f052d675f4bb9.jpg,,12,17,5
d3,B1_components,WIN_20240131_10_54_15_Pro_jpg.rf.ca2ee0d4068d5c9789a1b0e6cf52749f.jpg,,14,8,-6
d3,B1_components,WIN_20240130_16_29_13_Pro_jpg.rf.cdc580339d42e40a862d166e2dbfb99a.jpg,,15,22,7
d3,B1_components,WIN_20240202_13_08_10_Pro_jpg.rf.c9985984a16f62cd1b38c6e2cbcdf508.jpg,,18,18,0
d3,B1_components,WIN_20240202_11_53_16_Pro_jpg.rf.c5c0f80d022663ffa50a09a40c9e2dcc.jpg,,13,16,3
d3,B1_components,WIN_20240202_13_19_54_Pro_jpg.rf.c6ef19ef2b7dd38f2a2a72553077903c.jpg,,17,19,2
d3,B1_components,WIN_20240129_11_02_01_Pro_jpg.rf.cd8626cea54afe5dfac807b08a4c417e.jpg,,14,17,3
d3,B1_components,WIN_20240127_13_43_16_Pro_jpg.rf.cc823cd7d145486c8aac51eba6d24641.jpg,,13,18,5
d3,B1_components,WIN_20240202_13_00_05_Pro_jpg.rf.c5ed46a01ee6dc7e414125c00caded8b.jpg,,15,15,0
d3,B1_components,WIN_20240127_13_41_33_Pro_jpg.rf.cb1fb3a59038e64c9d42accf61c900d0.jpg,,18,22,4
d3,B1_components,WIN_20240126_14_36_54_Pro_jpg.rf.c90acb0ce5e19f9d626974563deb244a.jpg,,15,23,8
d3,B1_components,WIN_20240202_14_03_09_Pro_jpg.rf.cdd3eb0f39cc4fa86b65e679af988ecd.jpg,,21,23,2
d3,B1_components,WIN_20240131_10_53_23_Pro_jpg.rf.ccefbf87fdabc8b9509e42e9249a15ca.jpg,,17,21,4
d3,B1_components,WIN_20240129_18_23_47_Pro_jpg.rf.cdc1a74a0c05a62ab02664bad340fbb3.jpg,,17,20,3
d3,B1_components,WIN_20240202_13_02_17_Pro_jpg.rf.ca4874f6e69e7e7e9aa8295a98e7549b.jpg,,14,17,3
d3,B1_components,WIN_20240202_12_38_40_Pro_jpg.rf.cad8d19f5343f8ce627cdf2efe2ff52b.jpg,,15,22,7
d3,B1_components,WIN_20240202_12_00_29_Pro_jpg.rf.c5b44336b3ecd8da919ce4802a6584cb.jpg,,14,15,1
d3,B1_components,WIN_20240129_18_27_33_Pro_jpg.rf.cef06924412b7d65bab2159a68004dd2.jpg,,16,16,0
d3,B1_components,WIN_20240129_17_59_40_Pro_jpg.rf.d0280384a4488a2205bfbb66dee79bbd.jpg,,12,14,2
d3,B1_components,WIN_20240129_17_00_03_Pro_jpg.rf.d10357e0d7e36cdc5011569c65f718c9.jpg,,16,19,3
d3,B1_components,WIN_20240202_11_58_32_Pro_jpg.rf.d1a2dafeb02970915f8e2167cc2e6ad3.jpg,,14,19,5
d3,B1_components,WIN_20240130_15_42_03_Pro_jpg.rf.cf0f7c567599534d74c5d4fa571cde39.jpg,,14,17,3
d3,B1_components,WIN_20240202_13_54_07_Pro_jpg.rf.cfc807306b078bcebee228a9fa948266.jpg,,13,17,4
d3,B1_components,WIN_20240129_10_53_04_Pro_jpg.rf.d0dd4a25f360754f7d2d5ad8fa10773f.jpg,,17,21,4
d3,B1_components,WIN_20240129_18_31_31_Pro_jpg.rf.ced4fa815b7823c582b31aa500a15210.jpg,,13,16,3
d3,B1_components,WIN_20240201_15_10_42_Pro_jpg.rf.ce02383e32bad6c1a5db0c9f1556900b.jpg,,15,17,2
d3,B1_components,WIN_20240129_17_50_41_Pro_jpg.rf.d293d67f2e761bf7877221dc90c6061f.jpg,,15,19,4
d3,B1_components,WIN_20240126_14_55_14_Pro_jpg.rf.d0fde38195c4c1467ca37643edb21268.jpg,,14,18,4
d3,B1_components,WIN_20240129_18_19_30_Pro_jpg.rf.d093d86534e3a9ea29e91eaa4dd94b29.jpg,,15,17,2
d3,B1_components,WIN_20240130_16_39_08_Pro_jpg.rf.cfbffbddffefb52f4d16f797c6e1f8e8.jpg,,12,21,9
d3,B1_components,WIN_20240130_16_38_17_Pro_jpg.rf.d38a971699935def54ee68bfe3692a0d.jpg,,13,19,6
d3,B1_components,WIN_20240202_12_39_14_Pro_jpg.rf.d0f70d7aa7370ef0e25dca02cb05dcb9.jpg,,19,24,5
d3,B1_components,WIN_20240129_17_58_00_Pro_jpg.rf.d4a83f344e39e6219af233e4e4ec7726.jpg,,17,21,4
d3,B1_components,WIN_20240126_11_42_53_Pro_jpg.rf.cfb241fcb06b77a968d2b72b327158f8.jpg,,11,18,7
d3,B1_components,WIN_20240202_13_37_28_Pro_jpg.rf.d3a318fb6c3d5e4771d718d548830139.jpg,,13,17,4
d3,B1_components,WIN_20240126_14_14_47_Pro_jpg.rf.d3c65eb1c50896995173472f69aa5647.jpg,,13,14,1
d3,B1_components,WIN_20240131_11_21_40_Pro_jpg.rf.d3449c92167c270b0fddac46a20f78f5.jpg,,13,17,4
d3,B1_components,WIN_20240130_15_53_27_Pro_jpg.rf.cf54d199fff3d269e7be1b6cfed1810d.jpg,,13,20,7
d3,B1_components,WIN_20240130_16_42_49_Pro_jpg.rf.d5724b5911261166abbcdcbb0692e1b0.jpg,,12,18,6
d3,B1_components,WIN_20240129_17_43_18_Pro_jpg.rf.d49ae6ab4c60d57adc136618f148162c.jpg,,18,21,3
d3,B1_components,WIN_20240126_12_20_57_Pro_jpg.rf.cf38758ee9f1f2d1332cebc2c9dea410.jpg,,11,15,4
d3,B1_components,WIN_20240130_15_49_21_Pro_jpg.rf.d3b3864a050b2bc09d2625243e9bc769.jpg,,18,20,2
d3,B1_components,WIN_20240202_12_45_04_Pro_jpg.rf.d64d4568e0bcf084bc03ff07afcb8bd4.jpg,,14,12,-2
d3,B1_components,WIN_20240202_12_49_13_Pro_jpg.rf.d4bf7135491de284c4dd001b535b9b5e.jpg,,13,17,4
d3,B1_components,WIN_20240126_11_35_48_Pro_jpg.rf.d292467913e0e21117306d984c8e5cbc.jpg,,13,18,5
d3,B1_components,WIN_20240129_10_47_53_Pro_jpg.rf.d6878d939159f619aedbd4cf1c91654a.jpg,,14,21,7
d3,B1_components,WIN_20240201_15_07_34_Pro_jpg.rf.d6d8fe46c2d4bc35700cdce3f1da0623.jpg,,15,20,5
d3,B1_components,WIN_20240131_11_02_44_Pro_jpg.rf.d7fec851bef03e14c09eec4a6a93ca29.jpg,,16,19,3
d3,B1_components,WIN_20240130_16_07_23_Pro_jpg.rf.d995f013bc016d6dd558a735b0de4ee7.jpg,,14,18,4
d3,B1_components,WIN_20240126_12_13_46_Pro_jpg.rf.d9a13d89b57a95929c58db645fe9ffd1.jpg,,15,20,5
d3,B1_components,WIN_20240126_14_01_27_Pro_jpg.rf.d4d96e8fc1816340526a2554bf6ab9a0.jpg,,13,18,5
d3,B1_components,WIN_20240202_13_06_54_Pro_jpg.rf.d7677627792bc5401c5cd879864702b0.jpg,,14,22,8
d3,B1_components,WIN_20240129_11_26_55_Pro_jpg.rf.d77ab49cd6e5e98de9bdf3966a002ac8.jpg,,18,21,3
d3,B1_components,WIN_20240201_15_02_27_Pro_jpg.rf.d3e27df3572f0807bba7de8929512384.jpg,,15,20,5
d3,B1_components,WIN_20240126_14_43_32_Pro_jpg.rf.d8a31eb1c7858ab8aaafb003cb5c5fdc.jpg,,16,17,1
d3,B1_components,WIN_20240126_14_28_23_Pro_jpg.rf.d823e6f7e2bc6b66766fd6ac8d78cf42.jpg,,15,17,2
d3,B1_components,WIN_20240127_13_51_46_Pro_jpg.rf.d7cbe25ddf6d61045294b8d6799cd412.jpg,,17,19,2
d3,B1_components,WIN_20240126_11_59_11_Pro_jpg.rf.db15ea299ec84dad9573b751bec302b9.jpg,,19,21,2
d3,B1_components,WIN_20240129_10_42_21_Pro_jpg.rf.d9f3d3168dc9d26354003342e0fb053b.jpg,,14,16,2
d3,B1_components,WIN_20240131_11_00_04_Pro_jpg.rf.dc1068b65824330afa875368b07a6cc8.jpg,,13,19,6
d3,B1_components,WIN_20240129_11_39_46_Pro_jpg.rf.dd719c26d39447f78818098b2e2e57e3.jpg,,15,16,1
d3,B1_components,WIN_20240202_12_45_49_Pro_jpg.rf.dc8e8bdbd4490f8ad382db9b38e7dafe.jpg,,17,19,2
d3,B1_components,WIN_20240129_11_07_36_Pro_jpg.rf.db96d8c12e02d096818638cb5e5712f1.jpg,,15,21,6
d3,B1_components,WIN_20240129_18_33_27_Pro_jpg.rf.dd1ff897647ae67a1d6c33c4b1dabafd.jpg,,19,23,4
d3,B1_components,WIN_20240126_11_52_45_Pro_jpg.rf.ddfe539322245f199d3a742c388bd657.jpg,,17,18,1
d3,B1_components,WIN_20240129_10_18_49_Pro_jpg.rf.de5e1130db13909451772b2d2cfcdfbb.jpg,,14,18,4
d3,B1_components,WIN_20240126_14_13_27_Pro_jpg.rf.d6b7575b53d88be6b7c7167391270695.jpg,,14,14,0
d3,B1_components,WIN_20240130_15_40_27_Pro_jpg.rf.e0af9c72a479d5215610039844358b5b.jpg,,19,20,1
d3,B1_components,WIN_20240129_10_36_37_Pro_jpg.rf.d6398647368e47e020feb08d09960460.jpg,,12,15,3
d3,B1_components,WIN_20240202_11_59_56_Pro_jpg.rf.df8d8ec9416bd23b96016f7d9a092845.jpg,,12,14,2
d3,B1_components,WIN_20240202_13_52_22_Pro_jpg.rf.df12bf7bfb47d41f933162fe33d88b03.jpg,,17,21,4
d3,B1_components,WIN_20240129_11_21_43_Pro_jpg.rf.e1d1febf6a073f3a66faef1e6968433f.jpg,,17,18,1
d3,B1_components,WIN_20240131_11_16_21_Pro_jpg.rf.dec40d5f116a57a93a97bd3578986211.jpg,,11,16,5
d3,B1_components,WIN_20240126_14_05_03_Pro_jpg.rf.ddf89dff75c42d36c02444efcb2fec75.jpg,,13,15,2
d3,B1_components,WIN_20240202_12_56_40_Pro_jpg.rf.e2c078090454e23289c0bc6bc4ccc206.jpg,,17,15,-2
d3,B1_components,WIN_20240129_10_59_31_Pro_jpg.rf.e396d288d8177a5a7a80c127a5a11dfa.jpg,,15,15,0
d3,B1_components,WIN_20240130_16_09_09_Pro_jpg.rf.de05dbc315b3ca08e1c3283e6162cf03.jpg,,15,17,2
d3,B1_components,WIN_20240202_12_03_34_Pro_jpg.rf.e3e4e73e3cd6a2ba23c9839f67e5767f.jpg,,13,16,3
d3,B1_components,WIN_20240129_17_02_13_Pro_jpg.rf.e37a4c1374506a271c5b0a2f39bd5cea.jpg,,14,17,3
d3,B1_components,WIN_20240126_14_55_56_Pro_jpg.rf.e400db2e41031a8ac61a5e3956e44d8c.jpg,,17,23,6
d3,B1_components,WIN_20240130_15_56_53_Pro_jpg.rf.e50ab1b39ff542b2f56353045b45f145.jpg,,15,19,4
d3,B1_components,WIN_20240202_13_18_45_Pro_jpg.rf.e47cf60a9416308948d5c1bdf60d39d7.jpg,,13,16,3
d3,B1_components,WIN_20240130_16_17_35_Pro_jpg.rf.e41891862a463cc912b597c8402870da.jpg,,17,18,1
d3,B1_components,WIN_20240202_12_12_38_Pro_jpg.rf.e85375c803d37bb06cd30238d35d9463.jpg,,14,20,6
d3,B1_components,WIN_20240126_13_48_00_Pro_jpg.rf.e47b2a9d1689137de52242a1528d29d2.jpg,,13,15,2
d3,B1_components,WIN_20240131_11_35_56_Pro_jpg.rf.e7324ca8b3f8dab041ee3ee6ba284e0f.jpg,,11,15,4
d3,B1_components,WIN_20240126_11_39_51_Pro_jpg.rf.e715ea3d8db436ffda3439abaf226a88.jpg,,16,20,4
d3,B1_components,WIN_20240129_18_01_08_Pro_jpg.rf.e74cede877dd3d7522c550a349c645fd.jpg,,14,14,0
d3,B1_components,WIN_20240202_12_31_04_Pro_jpg.rf.e8edaefabb7117ad77bed0e9ae8cbd0d.jpg,,11,15,4
d3,B1_components,WIN_20240202_12_28_28_Pro_jpg.rf.e5eed96766661b3c2b7fe5278cfa9beb.jpg,,13,16,3
d3,B1_components,WIN_20240202_12_26_14_Pro_jpg.rf.e93fce6b4773dac406ec6369d3c01643.jpg,,14,15,1
d3,B1_components,WIN_20240130_16_51_04_Pro_jpg.rf.dfdbc639f451f061cab1cb3fc79a07dc.jpg,,12,19,7
d3,B1_components,WIN_20240126_11_21_56_Pro_jpg.rf.e1b307dfe311eeb5553dc59f023450d2.jpg,,9,12,3
d3,B1_components,WIN_20240202_13_44_05_Pro_jpg.rf.e983475d245b2077ddfd254b362bddc4.jpg,,19,22,3
d3,B1_components,WIN_20240126_12_11_45_Pro_jpg.rf.e4b3fec7f1512c4648b8fe8cde0ed8b2.jpg,,15,17,2
d3,B1_components,WIN_20240126_14_15_22_Pro_jpg.rf.e397001745fb2efc300997e833eafb16.jpg,,14,17,3
d3,B1_components,WIN_20240202_13_57_56_Pro_jpg.rf.e5830d71dd103819d962441b29da577b.jpg,,16,16,0
d3,B1_components,WIN_20240131_11_03_34_Pro_jpg.rf.e640fda76c6a7ae6ec97721974e3a62e.jpg,,13,6,-7
d3,B1_components,WIN_20240126_13_56_36_Pro_jpg.rf.e95a7e66376375375ea1c20839cc75c2.jpg,,13,17,4
d3,B1_components,WIN_20240126_11_55_55_Pro_jpg.rf.e752068588c848f95848a4f75f8c23dc.jpg,,16,20,4
d3,B1_components,WIN_20240202_13_14_46_Pro_jpg.rf.ea0e45ea152623a0ebf770bc8879f7a6.jpg,,13,17,4
d3,B1_components,WIN_20240202_12_47_21_Pro_jpg.rf.e9d878444058ded84abd0338c6df57b0.jpg,,16,19,3
d3,B1_components,WIN_20240126_14_00_24_Pro_jpg.rf.ec116e41a2a0cf41b0a2a3afa74392e5.jpg,,12,15,3
d3,B1_components,WIN_20240129_10_40_38_Pro_jpg.rf.e9b435f77cdc6e057f35f63218d9abe3.jpg,,12,16,4
d3,B1_components,WIN_20240130_16_26_57_Pro_jpg.rf.ee3679e3df742dd22a973fd35eca16a2.jpg,,16,17,1
d3,B1_components,WIN_20240126_14_11_34_Pro_jpg.rf.e862702866f021912cbc0797d5d06240.jpg,,16,18,2
d3,B1_components,WIN_20240129_10_30_57_Pro_jpg.rf.ee25dcb793d54cb19a02641d793f3670.jpg,,15,17,2
d3,B1_components,WIN_20240202_13_46_50_Pro_jpg.rf.ef5acb5cb6d24d9a56d51e6d061575d0.jpg,,18,24,6
d3,B1_components,WIN_20240126_14_18_23_Pro_jpg.rf.ebb2343e9341477b4193c2289583c57a.jpg,,15,20,5
d3,B1_components,WIN_20240129_11_03_17_Pro_jpg.rf.ec3b3dffa04f45917c2456c48493fee1.jpg,,14,15,1
d3,B1_components,WIN_20240126_14_51_23_Pro_jpg.rf.ef796a881658047434439ab038b49b53.jpg,,15,17,2
d3,B1_components,WIN_20240126_11_20_40_Pro_jpg.rf.edb671c512776c8f6966fe4db083263e.jpg,,12,15,3
d3,B1_components,WIN_20240131_11_10_31_Pro_jpg.rf.ec62882b2f8f27ddd551c76976214360.jpg,,15,15,0
d3,B1_components,WIN_20240129_18_05_03_Pro_jpg.rf.ebc70f4d56dc452372cca0d5b46b2d65.jpg,,17,20,3
d3,B1_components,WIN_20240129_11_34_39_Pro_jpg.rf.ed736b242cae197773ea50bef350ef95.jpg,,16,18,2
d3,B1_components,WIN_20240130_15_58_25_Pro_jpg.rf.de90205182a4e92b27f25528e0d1aef4.jpg,,15,17,2
d3,B1_components,WIN_20240131_11_27_26_Pro_jpg.rf.f0de6f1178050698a1af3159b7151c0e.jpg,,13,14,1
d3,B1_components,WIN_20240130_15_43_50_Pro_jpg.rf.f0ce7d7ada13c17bb6473cac3db5ec56.jpg,,16,18,2
d3,B1_components,WIN_20240126_14_36_26_Pro_jpg.rf.ef81bc4ce8daed454474f9a397276b90.jpg,,19,19,0
d3,B1_components,WIN_20240126_14_16_20_Pro_jpg.rf.efa481f28c7a7de66d509a24fb2f21bf.jpg,,16,19,3
d3,B1_components,WIN_20240129_11_23_31_Pro_jpg.rf.f0c0e3900aca8dc0e47a11f0367a970d.jpg,,19,23,4
d3,B1_components,WIN_20240126_14_34_30_Pro_jpg.rf.f12a8f9893d0968828d853765201ad31.jpg,,13,17,4
d3,B1_components,WIN_20240129_10_39_49_Pro_jpg.rf.eea7c8dbaf9ca0352f882c4b9a8f629a.jpg,,13,14,1
d3,B1_components,WIN_20240129_18_28_53_Pro_jpg.rf.efa3f92beb892c44e164045b506c2483.jpg,,18,19,1
d3,B1_components,WIN_20240130_16_36_40_Pro_jpg.rf.f21bcfd33cfc578575cfb7b9fb87d2ed.jpg,,13,13,0
d3,B1_components,WIN_20240126_14_49_02_Pro_jpg.rf.f24767ef69d1836015abb2309e39fd1f.jpg,,15,19,4
d3,B1_components,WIN_20240126_14_28_54_Pro_jpg.rf.f2de65c9f56e32ff9cf1ad6f36219767.jpg,,12,13,1
d3,B1_components,WIN_20240202_13_43_19_Pro_jpg.rf.f3d7ad73ea2cdb5d1252d0818fbaeac7.jpg,,16,18,2
d3,B1_components,WIN_20240130_16_35_10_Pro_jpg.rf.f3cbc1ebc34c6fc2152ed4a713189fa6.jpg,,13,17,4
d3,B1_components,WIN_20240129_18_05_44_Pro_jpg.rf.f3926d6aa332bf8656b2d016d0afadf6.jpg,,13,14,1
d3,B1_components,WIN_20240126_13_53_19_Pro_jpg.rf.f2d7d574d86ba7eff1a07233c2b32c84.jpg,,13,13,0
d3,B1_components,WIN_20240126_12_08_41_Pro_jpg.rf.f557868f8421f64d2a446f69d8bd9d04.jpg,,14,19,5
d3,B1_components,WIN_20240129_18_17_12_Pro_jpg.rf.f3b24996794ee3c916118a6eeb192c0b.jpg,,14,16,2
d3,B1_components,WIN_20240130_16_16_06_Pro_jpg.rf.f29151f6b2274731dda89311b7f14123.jpg,,15,18,3
d3,B1_components,WIN_20240126_14_45_36_Pro_jpg.rf.f21dd9bd9e5358deb7264eeb968c403b.jpg,,14,16,2
d3,B1_components,WIN_20240129_17_44_01_Pro_jpg.rf.f238dc81d9ad6d10402e7cc022cbb535.jpg,,12,16,4
d3,B1_components,WIN_20240129_18_00_27_Pro_jpg.rf.f563baac01ab77c4f17963790f6a71e7.jpg,,16,21,5
d3,B1_components,WIN_20240129_16_40_55_Pro_jpg.rf.f2e6fef7b51cb926c92dfd1e70a72ec6.jpg,,19,23,4
d3,B1_components,WIN_20240201_15_03_37_Pro_jpg.rf.f5740b5fe92d27d46b40c9f89b53db8f.jpg,,15,16,1
d3,B1_components,WIN_20240130_16_00_11_Pro_jpg.rf.f59b06f13ec3bdc0f539cc79bd0dfac6.jpg,,16,19,3
d3,B1_components,WIN_20240126_14_44_10_Pro_jpg.rf.f5aca6f1ceb429e51173c47c0b64e70f.jpg,,14,14,0
d3,B1_components,WIN_20240129_11_25_00_Pro_jpg.rf.f625e5faeaa4cfa323f1cfe90854d03e.jpg,,14,16,2
d3,B1_components,WIN_20240129_11_06_26_Pro_jpg.rf.f2e9aed80c975b01f6dd4384b88c7420.jpg,,14,16,2
d3,B1_components,WIN_20240129_18_13_52_Pro_jpg.rf.f4f40db32253a37adb820988182efb3d.jpg,,16,17,1
d3,B1_components,WIN_20240131_10_56_21_Pro_jpg.rf.f5ce9f46950804d8f9dc9ba259458fbb.jpg,,13,17,4
d3,B1_components,WIN_20240131_11_09_46_Pro_jpg.rf.f53f8c7d68b018ba898927314ad47672.jpg,,13,18,5
d3,B1_components,WIN_20240201_15_12_43_Pro_jpg.rf.f7328eea93ef246f50c0deec55430509.jpg,,14,20,6
d3,B1_components,WIN_20240127_13_58_00_Pro_jpg.rf.f8b772dc3d88ba8c4138195d4ec8a0db.jpg,,14,19,5
d3,B1_components,WIN_20240202_11_51_43_Pro_jpg.rf.f84cc1ccc350bbf703a45998aee44502.jpg,,12,18,6
d3,B1_components,WIN_20240202_13_40_59_Pro_jpg.rf.faa56c0ec095e1befbf0202f77c5d4d0.jpg,,12,14,2
d3,B1_components,WIN_20240129_18_10_31_Pro_jpg.rf.f7a4296b52dd5ea35a7042f6264d24b4.jpg,,15,16,1
d3,B1_components,WIN_20240202_12_06_42_Pro_jpg.rf.fbde63617b71a338d5eadee2053fd31d.jpg,,16,22,6
d3,B1_components,WIN_20240130_15_44_31_Pro_jpg.rf.fb8934c9c676e091b8e370be5521803f.jpg,,19,26,7
d3,B1_components,WIN_20240126_11_17_54_Pro_jpg.rf.f9a62c2278edaa99a7f57eb7e49151f2.jpg,,10,15,5
d3,B1_components,WIN_20240129_16_50_50_Pro_jpg.rf.f8ba1f2fa5997acf8d22896807ca6c8b.jpg,,19,21,2
d3,B1_components,WIN_20240131_11_04_23_Pro_jpg.rf.fc8cc0b9f8cd0fbe208670dc3ae183b3.jpg,,12,19,7
d3,B1_components,WIN_20240130_16_22_49_Pro_jpg.rf.fc0c3bd4ae86ac62869980c9de5df821.jpg,,13,17,4
d3,B1_components,WIN_20240129_17_47_09_Pro_jpg.rf.fc34fbde1b2356d5138ba7fbf9f57f0a.jpg,,14,21,7
d3,B1_components,WIN_20240129_11_19_36_Pro_jpg.rf.fc071bb883e7781511c6707756239d32.jpg,,17,24,7
d3,B1_components,WIN_20240129_16_40_06_Pro_jpg.rf.fbdeec7ad2d06eab24eb2315a218e101.jpg,,13,21,8
d3,B1_components,WIN_20240130_16_09_56_Pro_jpg.rf.ff2fd1b69e34ee0338794195e241c371.jpg,,18,20,2
d3,B1_components,WIN_20240126_11_24_40_Pro_jpg.rf.faf48b522c8f7121db047c6cda2fb159.jpg,,11,12,1
d3,B1_components,WIN_20240129_10_35_33_Pro_jpg.rf.fec9bcb40dedf4d0cbb9cae66a6a02d9.jpg,,13,15,2
d3,B1_components,WIN_20240202_12_15_02_Pro_jpg.rf.ff8dbd7676e536b5acd35d493863f7b7.jpg,,14,16,2
d3,B1_components,WIN_20240202_12_48_07_Pro_jpg.rf.fe0db3de3f6f5c14c96d222c420cb88f.jpg,,17,18,1
d3,B1_components,WIN_20240129_18_07_25_Pro_jpg.rf.fce2d3a86e3fcc1e41c4cfb80cdcb07f.jpg,,17,16,-1
d3,B1_components,WIN_20240126_11_18_24_Pro_jpg.rf.f7c802189b7cb9dacd8c5d58cc218939.jpg,,10,11,1
d3,B1_components,WIN_20240202_12_14_19_Pro_jpg.rf.fce1c9facaefb7fe5ca58cfe02cd6faa.jpg,,14,20,6
d3,B1_components,WIN_20240130_16_22_01_Pro_jpg.rf.fdc98eab0dc01c600cb2991b0aed570b.jpg,,14,18,4
d3,B1_components,WIN_20240202_12_11_06_Pro_jpg.rf.fdb0b57b490ea1aa82226da1948187d5.jpg,,13,15,2
d3,B1_components,WIN_20240130_15_56_19_Pro_jpg.rf.fe7a2d0866a583921a60749353620a57.jpg,,14,16,2
d3,B1_components,WIN_20240202_13_53_45_Pro_jpg.rf.ffb77e33ab62a616534b59d94dde7f42.jpg,,11,14,3
d3,B1_components,WIN_20240130_16_45_14_Pro_jpg.rf.fdc6011f7cd447eea4794f333aa0fdb9.jpg,,14,20,6
d3,B1_components,WIN_20240129_17_52_20_Pro_jpg.rf.320ae413d97fcbf28313a05745bcb8fa.jpg,,14,18,4
d3,B1_components,WIN_20240202_13_48_12_Pro_jpg.rf.355b546cabf43999eb2a67e3b2dc3788.jpg,,16,15,-1
d3,B1_components,WIN_20240129_17_44_31_Pro_jpg.rf.3387a739585d27e50bc7c08addf966e9.jpg,,17,23,6
d3,B1_components,WIN_20240126_11_32_13_Pro_jpg.rf.345ca9061e287e822e30ab1a630c0aea.jpg,,12,13,1
d3,B1_components,WIN_20240129_10_51_23_Pro_jpg.rf.36ac671c1c96f603033573122b0ce75b.jpg,,14,16,2
d3,B1_components,WIN_20240130_15_59_17_Pro_jpg.rf.343fca61d6b7cd9c2480de46a22c2a70.jpg,,12,13,1
d3,B1_components,WIN_20240202_12_05_22_Pro_jpg.rf.35a4e7ddedbfefe77b0477a12f18e22d.jpg,,13,14,1
d3,B1_components,WIN_20240126_14_39_29_Pro_jpg.rf.3727947deb78dc55bcddb616ad5a0ebf.jpg,,16,21,5
d3,B1_components,WIN_20240202_13_48_42_Pro_jpg.rf.36d610495f43498150b412ca6a76e4b5.jpg,,16,19,3
d3,B1_components,WIN_20240130_16_27_40_Pro_jpg.rf.3225155397432b15a888da2fbea6aca0.jpg,,13,5,-8
d3,B1_components,WIN_20240126_11_48_08_Pro_jpg.rf.321a012baad91cb6476a211ba50fa4dc.jpg,,16,19,3
d3,B1_components,WIN_20240129_18_07_56_Pro_jpg.rf.327f7d04c1ac5290bc9ad852875480e2.jpg,,14,16,2
d3,B1_components,WIN_20240130_15_46_10_Pro_jpg.rf.320b097b6f4bb8cf620d5ff9f2032ee9.jpg,,15,15,0
d3,B1_components,WIN_20240202_11_56_51_Pro_jpg.rf.3804c1256edf98ccb3071e5c877fb44c.jpg,,12,12,0
d3,B1_components,WIN_20240127_14_01_22_Pro_jpg.rf.36165435850e87625cc1910e2aa4d36a.jpg,,13,15,2
d3,B1_components,WIN_20240126_14_02_22_Pro_jpg.rf.39662d9dabb614f4c53dc3ec7c231c71.jpg,,13,14,1
d3,B1_components,WIN_20240126_11_44_00_Pro_jpg.rf.3252d867f41ce70e9a2aacbcbdf72a33.jpg,,16,19,3
d3,B1_components,WIN_20240129_10_19_31_Pro_jpg.rf.3a25f797eb8058f7170eff55e181a575.jpg,,14,19,5
d3,B1_components,WIN_20240202_13_36_57_Pro_jpg.rf.3c7e263e386e1e50ac3f3e815cd2a2fe.jpg,,17,22,5
d3,B1_components,WIN_20240129_10_26_17_Pro_jpg.rf.3b9fabd4ea8083e4d399bff8e893523c.jpg,,14,17,3
d3,B1_components,WIN_20240129_18_03_41_Pro_jpg.rf.3894c9c2e6d675e116aa535f7d9a2752.jpg,,14,17,3
d3,B1_components,WIN_20240126_14_06_12_Pro_jpg.rf.3dcaf4ca5c49029d60546dbca1ace8d2.jpg,,15,22,7
d3,B1_components,WIN_20240126_13_59_41_Pro_jpg.rf.3c9ec2a569323261fee68424fdf09743.jpg,,13,16,3
d3,B1_components,WIN_20240130_16_31_45_Pro_jpg.rf.3f155ea858ca875d4d59ba1f96df4e8a.jpg,,14,15,1
d3,B1_components,WIN_20240201_15_01_45_Pro_jpg.rf.3d8925aaf6af6f9cd7fc4907f09d53f8.jpg,,14,18,4
d3,B1_components,WIN_20240202_12_34_24_Pro_jpg.rf.3ce65ab8c920f72a5abd4b332b4fab38.jpg,,17,19,2
d3,B1_components,WIN_20240129_10_56_33_Pro_jpg.rf.3acdb36964ea5ec05a4ddf365641bb95.jpg,,12,15,3
d3,B1_components,WIN_20240202_13_38_13_Pro_jpg.rf.3ddae99e53547d55998ec48f9d268ffb.jpg,,13,13,0
d3,B1_components,WIN_20240126_11_32_47_Pro_jpg.rf.3d2b5a0cf18226d4550a0cd59668b085.jpg,,10,11,1
d3,B1_components,WIN_20240129_18_23_58_Pro_jpg.rf.3b51f84f2bff1744a4a68523a568d149.jpg,,15,19,4
d3,B1_components,WIN_20240129_11_27_22_Pro_jpg.rf.40044b626623619c5485a62859d2fc1b.jpg,,12,13,1
d3,B1_components,WIN_20240130_15_36_53_Pro_jpg.rf.3c19c0706d781e87edf60b0001f1d8c6.jpg,,17,23,6
d3,B1_components,WIN_20240202_11_52_17_Pro_jpg.rf.3af79db71efcde11e8f4ffd817ff132b.jpg,,12,21,9
d3,B1_components,WIN_20240129_16_49_55_Pro_jpg.rf.3f3740c23bc31757d8250773e7413a30.jpg,,18,23,5
d3,B1_components,WIN_20240129_18_13_15_Pro_jpg.rf.3f0f82b73f3d4cc0399c25dd1564741b.jpg,,15,19,4
d3,B1_components,WIN_20240126_14_27_23_Pro_jpg.rf.3c75ae12f3f31e8efe6b6da4fa6283b3.jpg,,13,17,4
d3,B1_components,WIN_20240131_11_02_04_Pro_jpg.rf.39ae1f5b7e9e9dce13c81c40918e1fb9.jpg,,14,15,1
d3,B1_components,WIN_20240126_11_23_03_Pro_jpg.rf.411e01d1929ceff84d47a9344ffdbee8.jpg,,10,11,1
d3,B1_components,WIN_20240130_16_24_52_Pro_jpg.rf.41102f04a2532387760bf5ea7e665c21.jpg,,13,15,2
d3,B1_components,WIN_20240129_18_34_48_Pro_jpg.rf.414bba05ba6eff8632390f78d22f9af3.jpg,,16,21,5
d3,B1_components,WIN_20240130_15_55_38_Pro_jpg.rf.4005cc3c25b63fd05a8c610203ce6989.jpg,,13,18,5
d3,B1_components,WIN_20240131_11_25_54_Pro_jpg.rf.4208c18c5fe49badca52992e404d2f34.jpg,,11,16,5
d3,B1_components,WIN_20240127_13_59_22_Pro_jpg.rf.406c35748e046494864bcb6650d904a5.jpg,,16,18,2
d3,B1_components,WIN_20240126_11_33_55_Pro_jpg.rf.42501a57e81e1485e2db74fd0890aa57.jpg,,10,14,4
d3,B1_components,WIN_20240129_10_55_03_Pro_jpg.rf.414f65d02dbcd8282a12a9e1d6c6e5bb.jpg,,16,21,5
d3,B1_components,WIN_20240129_10_58_32_Pro_jpg.rf.436eaca96d44db6eef73c65b04fca909.jpg,,17,19,2
d3,B1_components,WIN_20240129_16_45_02_Pro_jpg.rf.42da2af13efb43a6eb772245693bf32a.jpg,,15,20,5
d3,B1_components,WIN_20240126_11_30_29_Pro_jpg.rf.437d565c6a390b9d773c66efdd766623.jpg,,14,18,4
d3,B1_components,WIN_20240201_15_05_15_Pro_jpg.rf.41bd2eaa3ead195b0270c969c23e995c.jpg,,19,24,5
d3,B1_components,WIN_20240129_11_24_02_Pro_jpg.rf.43ba822244f4d9ea56d60702bfa2e3b9.jpg,,16,20,4
d3,B1_components,WIN_20240202_12_17_22_Pro_jpg.rf.4058c86f6c3911a3194f86b50312d3ba.jpg,,15,17,2
d3,B1_components,WIN_20240126_11_31_40_Pro_jpg.rf.43a501fdb37eb9643b56b017d3b41784.jpg,,12,18,6
d3,B1_components,WIN_20240202_12_59_12_Pro_jpg.rf.42224ee8e44e17bb355e0c85c022032f.jpg,,13,15,2
d3,B1_components,WIN_20240202_13_11_37_Pro_jpg.rf.42e2ec994f840a7481f4d1ab5c741234.jpg,,18,21,3
d3,B1_components,WIN_20240201_15_04_14_Pro_jpg.rf.44456d6b2689d4e5629e5e64c526649e.jpg,,13,16,3
d3,B1_components,WIN_20240129_10_14_26_Pro_jpg.rf.445877753176976e192ae7593c0f2978.jpg,,17,19,2
d3,B1_components,WIN_20240126_14_48_19_Pro_jpg.rf.4a2a24b179a3f8d05cf8e2f96fb904e4.jpg,,15,16,1
d3,B1_components,WIN_20240129_10_43_46_Pro_jpg.rf.445fd45d94dcb48b99028539fc7a2c10.jpg,,13,16,3
d3,B1_components,WIN_20240130_16_12_40_Pro_jpg.rf.4705e142e81fd0256821bd0c3f919f81.jpg,,15,19,4
d3,B1_components,WIN_20240130_16_57_04_Pro_jpg.rf.474e1cd060928c159591aa731c218bd8.jpg,,13,17,4
d3,B1_components,WIN_20240126_11_21_14_Pro_jpg.rf.44f0d226131bf87e2447b614e785850a.jpg,,10,12,2
d3,B1_components,WIN_20240202_11_55_32_Pro_jpg.rf.47e256590609a764b0433ec29b5356ce.jpg,,12,18,6
d3,B1_components,WIN_20240129_11_32_42_Pro_jpg.rf.464f13ad7c1bfa2f54662d16573a9500.jpg,,17,17,0
d3,B1_components,WIN_20240126_11_36_23_Pro_jpg.rf.417a61c3e3c32a8e510594b69d238aa1.jpg,,10,14,4
d3,B1_components,WIN_20240202_12_26_46_Pro_jpg.rf.4c2f215f4cedf5cb16ed898296d7797a.jpg,,15,17,2
d3,B1_components,WIN_20240202_14_03_55_Pro_jpg.rf.4a6d6dcfde76473af82d30656056aba3.jpg,,15,17,2
d3,B1_components,WIN_20240126_11_47_28_Pro_jpg.rf.4ac510e402753739715241a9b9c9e4a7.jpg,,14,16,2
d3,B1_components,WIN_20240126_14_42_39_Pro_jpg.rf.4c1708d1f6e3d1583d0e2d5b0c884953.jpg,,15,16,1
d3,B1_components,WIN_20240202_11_50_07_Pro_jpg.rf.4d1539522adc939fb51793c68b6a22eb.jpg,,14,18,4
d3,B1_components,WIN_20240126_11_51_20_Pro_jpg.rf.4a15e040f4dc58d57016a7f2e92dd43f.jpg,,12,14,2
d3,B1_components,WIN_20240126_11_41_24_Pro_jpg.rf.4df07d2d2285435927cdbbd86aeaa685.jpg,,15,17,2
d3,B1_components,WIN_20240126_14_06_43_Pro_jpg.rf.4d05ee8c0e2792c3cc63ff2477f15b1a.jpg,,15,20,5
d3,B1_components,WIN_20240130_16_52_15_Pro_jpg.rf.4d19f3a3f79beb51e814ab26810e970d.jpg,,14,18,4
d3,B1_components,WIN_20240130_16_56_01_Pro_jpg.rf.4713f051c723fbecd5080321c6fea461.jpg,,13,15,2
d3,B1_components,WIN_20240202_12_08_16_Pro_jpg.rf.4e6bb42821972d8908809c0610d56ae6.jpg,,12,14,2
d3,B1_components,WIN_20240129_11_09_19_Pro_jpg.rf.4ebee8e368f2fb94facb1364d7fe932c.jpg,,15,16,1
d3,B1_components,WIN_20240130_16_41_56_Pro_jpg.rf.4e2e453f78b7f07f28f12fdbb29d506d.jpg,,13,19,6
d3,B1_components,WIN_20240202_13_17_39_Pro_jpg.rf.4ef730e0b4cadc2a985c675a34c03120.jpg,,14,19,5
d3,B1_components,WIN_20240130_16_53_09_Pro_jpg.rf.4ea4b3e211842c099bac687fff89cf71.jpg,,12,13,1
d3,B1_components,WIN_20240202_13_20_40_Pro_jpg.rf.4810f1128dc2bb8fc9d311b9512969b5.jpg,,18,20,2
d3,B1_components,WIN_20240129_10_49_13_Pro_jpg.rf.527020603388449407e49fa9891aefc7.jpg,,16,23,7
d3,B1_components,WIN_20240129_11_16_48_Pro_jpg.rf.52cef322e1febe699db508a4bfbaf660.jpg,,14,17,3
d3,B1_components,WIN_20240129_11_35_15_Pro_jpg.rf.50d029b57aafc92af6d5e2217bbbdeec.jpg,,17,18,1
d3,B1_components,WIN_20240129_17_51_30_Pro_jpg.rf.521bcf8157807ee0ab9603afce51fd30.jpg,,18,23,5
d3,B1_components,WIN_20240202_13_59_27_Pro_jpg.rf.53039310194e95821491c246fc5c923f.jpg,,14,14,0
d3,B1_components,WIN_20240129_18_06_43_Pro_jpg.rf.4ee9fe246fa41ba10fb8ed954bffa405.jpg,,15,19,4
d3,B1_components,WIN_20240126_11_33_13_Pro_jpg.rf.52062c50934c7e419f915c18108f2d04.jpg,,11,15,4
d3,B1_components,WIN_20240202_12_57_18_Pro_jpg.rf.5277a3c2228851bb6d024af37b611098.jpg,,14,17,3
d3,B1_components,WIN_20240202_12_22_37_Pro_jpg.rf.54e105a0580f61ae6ce979433208aaf5.jpg,,17,19,2
d3,B1_components,WIN_20240130_16_08_17_Pro_jpg.rf.5360a38a65150926f5abd85d2fc8555f.jpg,,15,21,6
d3,B1_components,WIN_20240129_11_20_17_Pro_jpg.rf.55a1347e40b51726b491e8be7c8c1b72.jpg,,16,15,-1
d3,B1_components,WIN_20240129_10_34_22_Pro_jpg.rf.57dfe8be3efa6f226116424bc7603e60.jpg,,14,20,6
d3,B1_components,WIN_20240129_16_55_01_Pro_jpg.rf.53baeabdb09705569e7d942722d5964c.jpg,,17,22,5
d3,B1_components,WIN_20240130_16_54_32_Pro_jpg.rf.55509111c1bd90cbea3a725ac77e7af7.jpg,,14,13,-1
d3,B1_components,WIN_20240129_17_53_55_Pro_jpg.rf.5962868a84df0f507203f1162fa86d6d.jpg,,13,18,5
d3,B1_components,WIN_20240130_16_18_39_Pro_jpg.rf.5433fd811deecabb18029f952e058acb.jpg,,15,17,2
d3,B1_components,WIN_20240126_14_04_22_Pro_jpg.rf.585709c2251dae8d4119de171206f56a.jpg,,13,5,-8
d3,B1_components,WIN_20240202_13_40_27_Pro_jpg.rf.589ff581d9d41e690b95c4cbc520fc05.jpg,,16,18,2
d3,B1_components,WIN_20240126_14_13_58_Pro_jpg.rf.5499ea7e37bba31056d0d45c796b4bbd.jpg,,17,18,1
d3,B1_components,WIN_20240129_18_32_21_Pro_jpg.rf.58adcf0d6803b9c57020089717df5198.jpg,,19,25,6
d3,B1_components,WIN_20240129_16_52_29_Pro_jpg.rf.521391635b21813a6def6492cd707376.jpg,,11,13,2
d3,B1_components,WIN_20240129_11_30_36_Pro_jpg.rf.58ea1ada47ffb929c2683016d7641133.jpg,,17,18,1
d3,B1_components,WIN_20240131_11_17_06_Pro_jpg.rf.5a72f504c334907e8ccc834669ce65ac.jpg,,12,14,2
d3,B1_components,WIN_20240130_15_52_32_Pro_jpg.rf.5b665f9bb0f140e21118f2f3de8d8c7d.jpg,,16,20,4
d3,B1_components,WIN_20240131_10_55_02_Pro_jpg.rf.5d1419ff4697e04a70f11cd8b5bc3a6e.jpg,,15,17,2
d3,B1_components,WIN_20240202_13_13_44_Pro_jpg.rf.5b669f75c45b247f5797519b2c4ab4a9.jpg,,15,19,4
d3,B1_components,WIN_20240129_10_28_59_Pro_jpg.rf.5c4fcfb79c80ab3b03d9a5e4ed704d5a.jpg,,16,21,5
d3,B1_components,WIN_20240127_14_01_48_Pro_jpg.rf.60fd37839aeb3b5ce4687b2d51ff079b.jpg,,15,18,3
d3,B1_components,WIN_20240129_11_06_55_Pro_jpg.rf.5e5fec26b4865629574c79a84b855a76.jpg,,15,15,0
d3,B1_components,WIN_20240129_11_32_12_Pro_jpg.rf.60331de47e1bcee3c395cf07b4c8e2ea.jpg,,15,20,5
d3,B1_components,WIN_20240202_11_50_55_Pro_jpg.rf.61d277d7784ab604d0dd1385a24b2ba1.jpg,,13,14,1
d3,B1_components,WIN_20240131_11_14_25_Pro_jpg.rf.606037e07bc301e2a139f85b6cda01c8.jpg,,12,12,0
d3,B1_components,WIN_20240130_16_28_31_Pro_jpg.rf.5ee74c7495a3cb3cad96fff51585c3bf.jpg,,13,19,6
d3,B1_components,WIN_20240129_17_03_10_Pro_jpg.rf.62dbc3d49354b1e820b88eeac587e0a8.jpg,,15,21,6
d3,B1_components,WIN_20240129_11_04_36_Pro_jpg.rf.62b1803fb9dfcf9083fda6c7170f362c.jpg,,14,18,4
d3,B1_components,WIN_20240131_10_58_14_Pro_jpg.rf.62c94ec75c97d7def9a726cce0d50ae9.jpg,,14,20,6
d3,B1_components,WIN_20240129_10_23_17_Pro_jpg.rf.61b0a7a6a091aed9dbbcf893f41a4632.jpg,,13,13,0
d3,B1_components,WIN_20240129_17_04_48_Pro_jpg.rf.58dbd04b46d16fb5f81a5a1d0dd94808.jpg,,18,17,-1
d3,B1_components,WIN_20240126_14_35_05_Pro_jpg.rf.6057971e8d5bdbb710b627482b7d19a8.jpg,,15,19,4
d3,B1_components,WIN_20240129_11_39_16_Pro_jpg.rf.62c64a7ecebd450b6e10df421e783fd6.jpg,,16,20,4
d3,B1_components,WIN_20240129_11_29_58_Pro_jpg.rf.631e6d8c8c73fd97f8566f049c40e55b.jpg,,15,6,-9
d3,B1_components,WIN_20240129_17_03_57_Pro_jpg.rf.6201a15314182ba92ffee4192b80ec3a.jpg,,16,19,3
d3,B1_components,WIN_20240129_11_37_16_Pro_jpg.rf.63cb7f316886473e333339c72b2e8c7b.jpg,,15,17,2
d3,B1_components,WIN_20240202_12_43_17_Pro_jpg.rf.615a1b21d6e0e5526bd7ee139e064c1c.jpg,,13,14,1
d3,B1_components,WIN_20240202_13_46_11_Pro_jpg.rf.62dc1b606d74f1574842a063cb2cfb0d.jpg,,18,19,1
d3,B1_components,WIN_20240202_12_08_51_Pro_jpg.rf.6616a0dc11f1d7badde5c154bc60393f.jpg,,15,15,0
d3,B1_components,WIN_20240131_11_23_09_Pro_jpg.rf.66ebc2ced1666ac8636e31b69a5ac10d.jpg,,10,17,7
d3,B1_components,WIN_20240129_16_49_22_Pro_jpg.rf.661c9233969276f4776b52744720cd28.jpg,,14,16,2
d3,B1_components,WIN_20240129_11_27_53_Pro_jpg.rf.697e118c8d6f7c1afa24efa9ce41cd23.jpg,,15,18,3
d3,B1_components,WIN_20240131_11_28_43_Pro_jpg.rf.698bdd28eb50efd660f998a5ce781ff3.jpg,,11,15,4
d3,B1_components,WIN_20240126_12_03_33_Pro_jpg.rf.6b0b6eee0b6563aa6e2ae89cd1527148.jpg,,12,13,1
d3,B1_components,WIN_20240130_15_47_44_Pro_jpg.rf.62e9617f63069b6d0c57d3aa830c73a8.jpg,,18,23,5
d3,B1_components,WIN_20240129_11_20_41_Pro_jpg.rf.695091c30f847406645d0be0867e86e1.jpg,,15,18,3
d3,B1_components,WIN_20240131_10_59_21_Pro_jpg.rf.6890229c592d8cec631fa34143a91870.jpg,,14,18,4
d3,B1_components,WIN_20240130_16_04_10_Pro_jpg.rf.64f3d7463da18ea62393fc53e725bf6f.jpg,,14,19,5
d3,B1_components,WIN_20240126_14_47_35_Pro_jpg.rf.683819ad6af2c7d24bf59aeb7f728846.jpg,,14,16,2
d3,B1_components,WIN_20240129_11_26_09_Pro_jpg.rf.6a9c3019af2c127f41ce7f6520f9aead.jpg,,15,15,0
d3,B1_components,WIN_20240131_11_15_29_Pro_jpg.rf.6d25728137c891405f31a7c703988f45.jpg,,13,14,1
d3,B1_components,WIN_20240129_10_46_56_Pro_jpg.rf.69baac9c2a52b246f58fffe009fb9698.jpg,,15,20,5
d3,B1_components,WIN_20240129_11_17_45_Pro_jpg.rf.69834591e170e362770518b0114dd78d.jpg,,13,19,6
d3,B1_components,WIN_20240130_15_35_36_Pro_jpg.rf.6d2d1ddd3c52f5caa970aed95ed9acbe.jpg,,19,22,3
d3,B1_components,WIN_20240202_13_13_07_Pro_jpg.rf.6d27de4aedc8495a7286315a5238b58a.jpg,,13,17,4
d3,B1_components,WIN_20240129_10_21_40_Pro_jpg.rf.6c32a9234b28b53e1834b4d29aad0127.jpg,,13,17,4
d3,B1_components,WIN_20240127_13_45_20_Pro_jpg.rf.6d9ee628a7a4bd98283f5abdb85bfd67.jpg,,4,20,16
d3,B1_components,WIN_20240126_14_03_11_Pro_jpg.rf.6d67b04c02ddbab1e6562fb099fc97d4.jpg,,11,14,3
d3,B1_components,WIN_20240129_18_35_52_Pro_jpg.rf.6ea1cbccd58663b871c1480b39bfae61.jpg,,14,18,4
d3,B1_components,WIN_20240129_11_37_45_Pro_jpg.rf.6ff969519c47d1bde3d488f0b1cadd5b.jpg,,14,16,2
d3,B1_components,WIN_20240126_13_54_02_Pro_jpg.rf.6f729ff0362bd5b3cb427db50c3fccb5.jpg,,12,13,1
d3,B1_components,WIN_20240129_10_45_20_Pro_jpg.rf.72ccb4185601876108af1766721936a5.jpg,,15,15,0
d3,B1_components,WIN_20240126_11_22_27_Pro_jpg.rf.71b7c193b718365e6004e7cba637c6c6.jpg,,11,16,5
d3,B1_components,WIN_20240202_12_51_02_Pro_jpg.rf.720f9aaf5401445d610b3bcf4776d308.jpg,,14,18,4
d3,B1_components,WIN_20240130_16_06_23_Pro_jpg.rf.737690dd5415723f9388f64449ca3f17.jpg,,16,19,3
d3,B1_components,WIN_20240129_11_29_04_Pro_jpg.rf.731d514f69eb277dcbdd541921c1c04e.jpg,,19,21,2
d3,B1_components,WIN_20240126_12_12_16_Pro_jpg.rf.6e297730ed0e8e8706788711537def03.jpg,,12,15,3
d3,B1_components,WIN_20240129_10_50_14_Pro_jpg.rf.761a9d9043521638e850f9eabaa88653.jpg,,17,19,2
d3,B1_components,WIN_20240126_14_41_41_Pro_jpg.rf.738b78acacb5e4965aa74ba60b5ee260.jpg,,17,21,4
d3,B1_components,WIN_20240129_18_01_54_Pro_jpg.rf.743f6b905ee4597000cc958e76836e24.jpg,,14,17,3
d3,B1_components,WIN_20240129_16_48_26_Pro_jpg.rf.73d300bcc5afff6f04f103e45e0b5e93.jpg,,16,18,2
d3,B1_components,WIN_20240126_12_04_05_Pro_jpg.rf.77e7b86dbfe74d78a204d3ba15f635aa.jpg,,15,19,4
d3,B1_components,WIN_20240202_13_47_26_Pro_jpg.rf.7869c01c82a3f49651d3ca42e66a625b.jpg,,14,15,1
d3,B1_components,WIN_20240129_17_55_09_Pro_jpg.rf.7af7552d55eae0a943ad6dec82e871c4.jpg,,13,19,6
d3,B1_components,WIN_20240126_14_29_56_Pro_jpg.rf.7a59c25384e339f0c519b90ec0447d1e.jpg,,16,21,5
d3,B1_components,WIN_20240202_12_33_33_Pro_jpg.rf.774a3545faf7d690232c653f94e3b103.jpg,,15,18,3
d3,B1_components,WIN_20240126_14_12_57_Pro_jpg.rf.737dc38cba73a724fdf0e5c8f1e8d268.jpg,,14,16,2
d3,B1_components,WIN_20240129_17_45_55_Pro_jpg.rf.7ae2c5e2a4608c2f3b24a38866b89ee8.jpg,,15,22,7
d3,B1_components,WIN_20240126_12_06_49_Pro_jpg.rf.793cb0e02d0290da970bb97190e1cf41.jpg,,15,19,4
d3,B1_components,WIN_20240126_11_49_04_Pro_jpg.rf.7b02f6b55565d30186042ff7ef580fb7.jpg,,12,15,3
d3,B1_components,WIN_20240129_10_52_11_Pro_jpg.rf.6f5d079a69e2e7cb6661f4567980ecd2.jpg,,17,20,3
d3,B1_components,WIN_20240129_16_45_39_Pro_jpg.rf.7821a8d2d9eb33fc8d11afaffbf6c755.jpg,,12,15,3
d3,B1_components,WIN_20240129_17_01_04_Pro_jpg.rf.7ab9b7f6828be528aa0cfa14fbcf6aa9.jpg,,13,18,5
d3,B1_components,WIN_20240129_11_31_32_Pro_jpg.rf.7b98789b41531d6af0c80658ca9ca69a.jpg,,16,22,6
d3,B1_components,WIN_20240129_16_54_05_Pro_jpg.rf.7c29fb4b8fd31bb99e07e1791ac0dfca.jpg,,15,14,-1
d3,B1_components,WIN_20240130_16_10_59_Pro_jpg.rf.7b468dce85f0aa237216d3c66882da7e.jpg,,15,19,4
d3,B1_components,WIN_20240131_11_32_18_Pro_jpg.rf.7bc207ba8375da73941e0b495ec4a5e5.jpg,,13,16,3
d3,B1_components,WIN_20240202_12_50_22_Pro_jpg.rf.7b04f3c6c3cf469bf9cfab26e2a54db2.jpg,,15,16,1
d3,B1_components,WIN_20240129_10_37_35_Pro_jpg.rf.7c8b4ed172d31f5e143fa7509b29e467.jpg,,15,16,1
d3,B1_components,WIN_20240129_18_08_29_Pro_jpg.rf.81535be7d8673299ce8db2022dc51c2a.jpg,,13,7,-6
d3,B1_components,WIN_20240126_14_00_50_Pro_jpg.rf.81a913a5be7e3f7960b009d5b9948fa3.jpg,,13,14,1
d3,B1_components,WIN_20240201_15_06_57_Pro_jpg.rf.7c93328e926f5e91be13ac044ef7ae3c.jpg,,16,19,3
d3,B1_components,WIN_20240129_11_36_48_Pro_jpg.rf.8283fc504b440770706462179c2daca9.jpg,,14,15,1
d3,B1_components,WIN_20240130_16_58_10_Pro_jpg.rf.83b2b96fc5c37c5e051aafa9a6698b0e.jpg,,12,13,1
d3,B1_components,WIN_20240129_17_01_42_Pro_jpg.rf.7c55929ec48ba852b9474d1b760b8546.jpg,,15,16,1
d3,B1_components,WIN_20240127_13_59_46_Pro_jpg.rf.7c324a48a7c23af504b4e4b68515470b.jpg,,16,19,3
d3,B1_components,WIN_20240126_13_55_58_Pro_jpg.rf.7e2da0db4aad3f3e6d8cf8c4bad7251d.jpg,,12,18,6
d3,B1_components,WIN_20240126_11_28_09_Pro_jpg.rf.84a0724a1a2fab5f7dd80af0bcb30f49.jpg,,11,14,3
d3,B1_components,WIN_20240129_17_47_45_Pro_jpg.rf.7f0ec642b6b859d9e2aa952d411c136a.jpg,,15,17,2
d3,B1_components,WIN_20240127_13_43_57_Pro_jpg.rf.7f0f8a10231dec2c4a87a597e267b03b.jpg,,12,17,5
d3,B1_components,WIN_20240129_16_58_25_Pro_jpg.rf.7ce4e0013add42ee1befb9a9d04cab3f.jpg,,13,13,0
d3,B1_components,WIN_20240129_10_20_54_Pro_jpg.rf.84d880d9c0e5b608f68e43d0e4c01c5b.jpg,,13,17,4
d3,B1_components,WIN_20240202_13_10_51_Pro_jpg.rf.8552b709865648e0d2707f04c40a16bd.jpg,,14,15,1
d3,B1_components,WIN_20240202_13_39_53_Pro_jpg.rf.88191dfb280c238481a423d1be62dc9a.jpg,,19,20,1
d3,B1_components,WIN_20240129_16_47_59_Pro_jpg.rf.85a5e39b4421512ed2d80f2704cf4dfa.jpg,,15,18,3
d3,B1_components,WIN_20240126_14_17_43_Pro_jpg.rf.8967172f1b064fcc9399a3f546920dc2.jpg,,13,17,4
d3,B1_components,WIN_20240130_16_16_50_Pro_jpg.rf.889f595ed769b0a344cd1d07340ac4c5.jpg,,13,19,6
d3,B1_components,WIN_20240129_16_46_18_Pro_jpg.rf.8597544e98d3575144abaa60e968b790.jpg,,15,14,-1
d3,B1_components,WIN_20240126_11_16_25_Pro_jpg.rf.86c48a92f863237fa98c015e93960cf5.jpg,,11,12,1
d3,B1_components,WIN_20240126_11_27_31_Pro_jpg.rf.8b5eb28e7cd63da56b3a9befcf6852b0.jpg,,13,15,2
d3,B1_components,WIN_20240129_17_49_12_Pro_jpg.rf.89ff58d4cc1d7c1a2d30c20b34b4d17a.jpg,,18,20,2
d3,B1_components,WIN_20240129_16_42_57_Pro_jpg.rf.879444b9bb20302d551711a97aeb640c.jpg,,15,22,7
d3,B1_components,WIN_20240202_12_18_39_Pro_jpg.rf.8caa0610e3682f33d55cf434b9a19796.jpg,,17,21,4
d3,B1_components,WIN_20240129_11_21_08_Pro_jpg.rf.8c1b9d86b1e16604d809442e66cd47f3.jpg,,15,17,2
d3,B1_components,WIN_20240127_13_58_25_Pro_jpg.rf.8f86838e002a11ec51bd8e69222acdc9.jpg,,14,16,2
d3,B1_components,WIN_20240129_11_12_54_Pro_jpg.rf.8e84120daa6e1842e71a340bff254cd8.jpg,,17,18,1
d3,B1_components,WIN_20240202_13_12_37_Pro_jpg.rf.8ff83acf9f75125234a0f60756ff0bc0.jpg,,13,17,4
d3,B1_components,WIN_20240129_18_16_21_Pro_jpg.rf.8df51bbb632941b24cc917221e53fe3a.jpg,,17,20,3
d3,B1_components,WIN_20240129_11_17_15_Pro_jpg.rf.906dac8ffb96dc0ef4108cff45389360.jpg,,15,18,3
d3,B1_components,WIN_20240130_15_48_39_Pro_jpg.rf.90153f9ee9d570368a71a58a6be1fcce.jpg,,16,20,4
d3,B1_components,WIN_20240202_13_42_14_Pro_jpg.rf.8d96e8faac5a69e37d5c4d629c6aad2b.jpg,,14,18,4
d3,B1_components,WIN_20240126_12_14_37_Pro_jpg.rf.8e3c0786ac8fc1621f2c6ceba00205e5.jpg,,17,19,2
d3,B1_components,WIN_20240126_11_13_58_Pro_jpg.rf.8c256cf9cf05e964fbef3144e0771b05.jpg,,10,12,2
d3,B1_components,WIN_20240126_14_53_37_Pro_jpg.rf.925d096c1d52e48badbb7bcfaf0efc6a.jpg,,10,10,0
d3,B1_components,WIN_20240202_12_11_42_Pro_jpg.rf.91e9b50438d5b44e7f9a511dedc2265b.jpg,,14,16,2
d3,B1_components,WIN_20240202_11_52_45_Pro_jpg.rf.94b2a11fef5edea0c7eca6376a5f2320.jpg,,14,17,3
d3,B1_components,WIN_20240129_11_02_40_Pro_jpg.rf.945405099d1075d5ad07194e63a41226.jpg,,16,17,1
d3,B1_components,WIN_20240129_11_34_07_Pro_jpg.rf.9314a5ff2d7c8da364ffd04fad4270dd.jpg,,14,16,2
d3,B1_components,WIN_20240129_16_46_59_Pro_jpg.rf.95d5fd8bb1cd94b6e8e759df8e0c5c6f.jpg,,16,22,6
d3,B1_components,WIN_20240202_13_04_14_Pro_jpg.rf.958b2b67defb8a839cfaf1b85abca176.jpg,,12,13,1
d3,B1_components,WIN_20240130_16_19_13_Pro_jpg.rf.9509b479d37b1342167890edc986f562.jpg,,16,19,3
d3,B1_components,WIN_20240202_13_45_31_Pro_jpg.rf.95a90d7f96a4fb4eaf24ac5b131fd450.jpg,,16,19,3
d3,B1_components,WIN_20240126_11_49_48_Pro_jpg.rf.96f75124cbd7b05d90759f1ec9f7e60d.jpg,,13,17,4
d3,B1_components,WIN_20240202_13_15_41_Pro_jpg.rf.95936b9b306a1a2730decb1440d81881.jpg,,19,20,1
d3,B1_components,WIN_20240129_10_57_23_Pro_jpg.rf.9690bde24b36ecc771f794939418f407.jpg,,18,24,6
d3,B1_components,WIN_20240201_15_10_08_Pro_jpg.rf.954ee9faae9a7cb53750b1bf34096f73.jpg,,15,19,4
d3,B1_components,WIN_20240129_18_09_38_Pro_jpg.rf.95e883b4e9b091fc757dbc0752965133.jpg,,14,17,3
d3,B1_components,WIN_20240129_18_34_06_Pro_jpg.rf.994216dfa3f1be74fea80165746f75d8.jpg,,18,25,7
d3,B1_components,WIN_20240202_12_49_52_Pro_jpg.rf.9c4c5a6249fa1c5e684985b086164401.jpg,,13,15,2
d3,B1_components,WIN_20240201_15_08_44_Pro_jpg.rf.9a9b13f998e4e65e63428a3776171592.jpg,,12,16,4
d3,B1_components,WIN_20240127_13_54_57_Pro_jpg.rf.984207e9047767b064babf8ca3f319ad.jpg,,15,17,2
d3,B1_components,WIN_20240131_10_55_47_Pro_jpg.rf.9d28fa84b9e7667e52a8aed10b9da49d.jpg,,14,17,3
d3,B1_components,WIN_20240126_12_12_57_Pro_jpg.rf.9cb05b39df8e8ff5e3c07a344f698d94.jpg,,16,22,6
d3,B1_components,WIN_20240202_12_32_24_Pro_jpg.rf.9bc13fddc6a5ecbda6cac73d9d826e85.jpg,,14,16,2
d3,B1_components,WIN_20240131_11_08_18_Pro_jpg.rf.9c946548a3fa4eb6b483417faceb9170.jpg,,13,17,4
d3,B1_components,WIN_20240129_18_04_33_Pro_jpg.rf.9883eca333459f1a8017582757e2e645.jpg,,14,17,3
d3,B1_components,WIN_20240127_13_44_34_Pro_jpg.rf.9ca915916cd745c2491cdc3ec348e037.jpg,,11,13,2
d3,B1_components,WIN_20240131_11_25_16_Pro_jpg.rf.9c4c390173186e8b302c4f894529a63a.jpg,,13,13,0
d3,B1_components,WIN_20240126_11_24_00_Pro_jpg.rf.9e8e00d36a36128c44010c85db8072b5.jpg,,10,13,3
d3,B1_components,WIN_20240127_13_52_39_Pro_jpg.rf.9b033ec7900fab8e08e8e7d3a82d62da.jpg,,16,20,4
d3,B1_components,WIN_20240126_13_35_30_Pro_jpg.rf.9eb3312a9468ec060d673ce1dd0cf970.jpg,,15,17,2
d3,B1_components,WIN_20240131_11_30_58_Pro_jpg.rf.a01776502d1fe3d889485f92b3f7469f.jpg,,10,15,5
d3,B1_components,WIN_20240131_11_24_33_Pro_jpg.rf.99847bcd2e2066b4f296c57075e10f15.jpg,,13,15,2
d3,B1_components,WIN_20240129_11_08_08_Pro_jpg.rf.9f29f02a478400855467e21b806b7767.jpg,,15,18,3
d3,B1_components,WIN_20240126_14_40_50_Pro_jpg.rf.9ee2e0a3516e35d31a52bc04d16f38b1.jpg,,14,21,7
d3,B1_components,WIN_20240131_11_06_19_Pro_jpg.rf.a132e55755064b8e77867870c1a6dfc6.jpg,,15,19,4
d3,B1_components,WIN_20240126_11_51_54_Pro_jpg.rf.a08f2f75e70a5516d1b77ee695a8138a.jpg,,13,15,2
d3,B1_components,WIN_20240129_16_55_57_Pro_jpg.rf.9f619ded33c906a2778175f36facf9ee.jpg,,15,18,3
d3,B1_components,WIN_20240127_13_48_39_Pro_jpg.rf.a343f4b84ed4f516b5957600528622b4.jpg,,14,18,4
d3,B1_components,WIN_20240201_15_06_05_Pro_jpg.rf.ac06829cc10cb77d434d545b70460300.jpg,,14,17,3
d3,B1_components,WIN_20240126_11_28_47_Pro_jpg.rf.a686dc0c9d69a6d7677a0abba3f7f2c0.jpg,,12,15,3
d3,B1_components,WIN_20240130_16_34_31_Pro_jpg.rf.a619882e5e6aa97fdd38ebb0c0c2e65d.jpg,,15,22,7
d3,B1_components,WIN_20240129_17_45_14_Pro_jpg.rf.adc69c8d5056760ed2c3274799d3c78d.jpg,,15,18,3
d3,B1_components,WIN_20240201_14_59_34_Pro_jpg.rf.a50eaeaaa6be490646f1a65102e84ec7.jpg,,13,17,4
d3,B1_components,WIN_20240201_15_14_14_Pro_jpg.rf.b0430ed09059edbe7135f78abac76b16.jpg,,16,19,3
d3,B1_components,WIN_20240129_11_25_32_Pro_jpg.rf.aee97d02c862f3c8d62a66b789675570.jpg,,18,21,3
d3,B1_components,WIN_20240202_12_27_54_Pro_jpg.rf.adc2fd262b6187a631356e2d46756782.jpg,,15,18,3
d3,B1_components,WIN_20240126_11_25_25_Pro_jpg.rf.b13f822f92165f7087780918261fa5d9.jpg,,14,18,4
d3,B1_components,WIN_20240126_11_39_09_Pro_jpg.rf.ad09ad4ecc0a14e6b95b20adedeeba62.jpg,,14,19,5
d3,B1_components,WIN_20240126_11_54_47_Pro_jpg.rf.b280db51fbe83ffdf047a3f3d6020438.jpg,,15,18,3
d3,B1_components,WIN_20240130_16_59_02_Pro_jpg.rf.b1257bdce0064ee4aa2cba1b464d6d25.jpg,,14,16,2
d3,B1_components,WIN_20240202_11_54_46_Pro_jpg.rf.af7544ccdeb305d5f2b0a02d37090077.jpg,,12,15,3
d3,B1_components,WIN_20240131_11_13_44_Pro_jpg.rf.a86d0e54ddd2fb36f931332cacd5f61f.jpg,,14,15,1
d3,B1_components,WIN_20240130_15_39_41_Pro_jpg.rf.adcf4cf2a1c4b47fcf098796ee755db5.jpg,,16,19,3
d3,B1_components,WIN_20240129_11_33_21_Pro_jpg.rf.b40ac631559479eb41e93cde8e29e515.jpg,,18,23,5
d3,B1_components,WIN_20240129_11_05_09_Pro_jpg.rf.b3c2ba94f657cbbc48a672d153bf94c5.jpg,,12,22,10
d3,B1_components,WIN_20240202_12_35_07_Pro_jpg.rf.b52fda488316871e0c490860023209e7.jpg,,18,19,1
d3,B1_components,WIN_20240126_14_14_22_Pro_jpg.rf.b55af3a664ae7729cfb215a343cf268d.jpg,,13,19,6
d3,B1_components,WIN_20240130_16_51_33_Pro_jpg.rf.b41735e0dfc0c910fec3467288a56517.jpg,,12,16,4
d3,B1_components,WIN_20240129_10_55_53_Pro_jpg.rf.b5bf156480bb45a28e125485adeb7e2f.jpg,,15,19,4
d3,B1_components,WIN_20240126_12_07_36_Pro_jpg.rf.b711ac3dc0bcf4462dc2831292af46d8.jpg,,19,22,3
d3,B1_components,WIN_20240129_17_41_35_Pro_jpg.rf.b58ad89f076ed975a662226b8af1bc3f.jpg,,17,21,4
d3,B1_components,WIN_20240129_18_30_46_Pro_jpg.rf.ba293696b94aafe7457a86d436ae7c99.jpg,,15,19,4
d3,B1_components,WIN_20240130_15_42_58_Pro_jpg.rf.b866c0ebd3103a0b10ef6b21b20cc0cb.jpg,,20,22,2
d3,B1_components,WIN_20240129_10_33_13_Pro_jpg.rf.bcec5682f885a5f714c8b94d009fdb0c.jpg,,17,19,2
d3,B1_components,WIN_20240130_16_44_35_Pro_jpg.rf.ba10f8f5305a0c8dbf849c1f6e72ce23.jpg,,13,15,2
d3,B1_components,WIN_20240126_11_26_47_Pro_jpg.rf.b9f103dd1d82abd6975193dc7a580465.jpg,,11,16,5
d3,B1_components,WIN_20240131_11_26_20_Pro_jpg.rf.bdd8108a0275c033a00443e8c793f589.jpg,,10,18,8
d3,B1_components,WIN_20240129_18_18_21_Pro_jpg.rf.bf1578dc4eee15eef246819f09703b0c.jpg,,14,19,5
d3,B1_components,WIN_20240129_18_14_31_Pro_jpg.rf.c481c5acbb17998f3f1cdb893bcd07c8.jpg,,14,20,6
d3,B1_components,WIN_20240126_11_44_57_Pro_jpg.rf.c4357c3253067e711eac2fcfa6a648e2.jpg,,18,22,4
d3,B1_components,WIN_20240127_13_47_52_Pro_jpg.rf.c3b6f42e06aab90a8d075f33aa768f36.jpg,,15,16,1
d3,B1_components,WIN_20240202_13_05_46_Pro_jpg.rf.c479c28c25dafb7ee87682bc0ba6f920.jpg,,19,21,2
d3,B1_components,WIN_20240129_11_14_02_Pro_jpg.rf.c3be38b488659b6a20f9edca153bf90c.jpg,,17,20,3
d3,B1_components,WIN_20240127_13_47_18_Pro_jpg.rf.0166d2906ccb16ad5d7fc3b284356c7c.jpg,,16,25,9
d3,B1_components,WIN_20240129_16_39_37_Pro_jpg.rf.024bdcc59b7db36faa417ea5dc633d15.jpg,,16,23,7
d3,B1_components,WIN_20240131_11_07_30_Pro_jpg.rf.025f8282a6d83da9d53f8894e9e73487.jpg,,16,20,4
d3,B1_components,WIN_20240131_11_05_16_Pro_jpg.rf.07255478f49dee03ee64d95f5919adde.jpg,,14,17,3
d3,B1_components,WIN_20240126_13_48_39_Pro_jpg.rf.062472630073d9588914ea9036336329.jpg,,13,17,4
d3,B1_components,WIN_20240126_13_58_29_Pro_jpg.rf.048df91235402b0af4e205342e854a91.jpg,,14,17,3
d3,B1_components,WIN_20240126_14_07_15_Pro_jpg.rf.073b896d9ffd9a8b30833a88b99d3da7.jpg,,15,14,-1
d3,B1_components,WIN_20240127_14_02_25_Pro_jpg.rf.0aa0fc001d2621332c37bcf49918707d.jpg,,15,19,4
d3,B1_components,WIN_20240130_16_18_05_Pro_jpg.rf.0c750fdc610fb82b7424e855c423876f.jpg,,16,18,2
d3,B1_components,WIN_20240202_13_05_03_Pro_jpg.rf.022cb5ba9179e9ee9d11a28c82b2752d.jpg,,16,16,0
d3,B1_components,WIN_20240127_14_00_14_Pro_jpg.rf.09284d87c385bd0b847149115889feb6.jpg,,16,19,3
d3,B1_components,WIN_20240126_11_35_19_Pro_jpg.rf.0cd7bc4ff952963a03acd142af2d145c.jpg,,15,17,2
d3,B1_components,WIN_20240131_11_18_07_Pro_jpg.rf.0d4a4be25388dcf318307b75aa11f4c7.jpg,,12,13,1
d3,B1_components,WIN_20240201_14_57_25_Pro_jpg.rf.0fcc73150d17a6f28cdda474d35a281c.jpg,,15,22,7
d3,B1_components,WIN_20240202_12_55_40_Pro_jpg.rf.0910c9975fdfca45bf46c0152a1e1c6a.jpg,,15,17,2
d3,B1_components,WIN_20240129_16_59_18_Pro_jpg.rf.0f6100fd0ebb8290573f318a51223c3c.jpg,,15,18,3
d3,B1_components,WIN_20240129_18_04_09_Pro_jpg.rf.12d1ee6717ee20059022f5500cfca144.jpg,,15,14,-1
d3,B1_components,WIN_20240129_18_24_42_Pro_jpg.rf.13761ac676a3ec2c8fe50289a343a3d8.jpg,,18,21,3
d3,B1_components,WIN_20240129_10_29_39_Pro_jpg.rf.138cad6a6c2f56ade452a307871164ca.jpg,,16,20,4
d3,B1_components,WIN_20240127_13_58_51_Pro_jpg.rf.1496f2ecd05ad09409329c1755d92137.jpg,,13,18,5
d3,B1_components,WIN_20240126_14_29_22_Pro_jpg.rf.15bd920253c4e0dc55c05c177c8bb765.jpg,,10,18,8
d3,B1_components,WIN_20240201_15_13_31_Pro_jpg.rf.13fe0d64a439126647f66269e0f4bf5f.jpg,,13,15,2
d3,B1_components,WIN_20240130_16_03_04_Pro_jpg.rf.166cc648fe88ecc932a75b58797987d7.jpg,,14,17,3
d3,B1_components,WIN_20240130_16_47_55_Pro_jpg.rf.18242db3be47e1d985672c2b4839960d.jpg,,13,16,3
d3,B1_components,WIN_20240202_13_50_52_Pro_jpg.rf.1ae877b88d88a4290535701521717e18.jpg,,14,21,7
d3,B1_components,WIN_20240202_12_53_53_Pro_jpg.rf.1982b411ed54fc48b798797bccabca57.jpg,,15,16,1
d3,B1_components,WIN_20240202_13_42_39_Pro_jpg.rf.1b868f8d6481b83283835aa582de7c21.jpg,,14,19,5
d3,B1_components,WIN_20240126_14_56_48_Pro_jpg.rf.1c7b79bba2bb70af8158be8d3c931e1e.jpg,,14,22,8
d3,B1_components,WIN_20240126_11_40_34_Pro_jpg.rf.1e597acd19d0a739d422cbbc2c9039e4.jpg,,18,21,3
d3,B1_components,WIN_20240130_16_15_06_Pro_jpg.rf.1fad99db759158746e45a9390b6785de.jpg,,15,17,2
d3,B1_components,WIN_20240130_16_21_00_Pro_jpg.rf.1d95787598a0eaad234d0e3b014f4e9d.jpg,,12,17,5
d3,B1_components,WIN_20240201_15_11_58_Pro_jpg.rf.222c772c6e2a3af147c7a1005b806569.jpg,,16,18,2
d3,B1_components,WIN_20240202_12_16_26_Pro_jpg.rf.262da52f2fb62fc5bf3db4ef6f2719cc.jpg,,11,16,5
d3,B1_components,WIN_20240131_10_57_37_Pro_jpg.rf.29abdb36a9d864f553db410261c3a118.jpg,,15,20,5
d3,B1_components,WIN_20240202_12_23_25_Pro_jpg.rf.27d056c1c1151b2a87ed591fb862f961.jpg,,19,22,3
d3,B1_components,WIN_20240131_10_52_04_Pro_jpg.rf.2dd8343dd1b7a4d3e151ff60f5fb6386.jpg,,18,24,6
d3,B1_components,WIN_20240126_14_46_54_Pro_jpg.rf.302ea8aa444394ac13f215d92073b0b3.jpg,,15,16,1
d3,B1_components,WIN_20240130_15_38_46_Pro_jpg.rf.31348f1e3f1a74db37d728b3dc37b4a3.jpg,,17,18,1
d3,B1_components,WIN_20240129_11_36_15_Pro_jpg.rf.6652914b878156808d1c007d0dee4b58.jpg,,14,19,5
d3,B1_components,WIN_20240126_13_57_13_Pro_jpg.rf.64f051a923d884874bc1275176aad6ca.jpg,,12,14,2
d3,B1_components,WIN_20240127_13_53_15_Pro_jpg.rf.674033cbea5349794f78ca3780ccbeb8.jpg,,15,17,2
d3,B1_components,WIN_20240129_16_41_29_Pro_jpg.rf.52d3a55af2dcf65b7d72cd98f9cdcd94.jpg,,19,24,5
d3,B1_components,WIN_20240202_14_04_27_Pro_jpg.rf.657f80013b79fcc57f3f714c3ca2ee47.jpg,,15,15,0
d3,B1_components,WIN_20240202_13_50_17_Pro_jpg.rf.6564843d289cfd2c42be7e04b91d8591.jpg,,14,20,6
d3,B1_components,WIN_20240130_15_46_55_Pro_jpg.rf.4dd456dc47044e780690e16111e73324.jpg,,13,16,3
d3,B1_components,WIN_20240126_11_57_52_Pro_jpg.rf.5938f3be25ab86221e3895fd241f764e.jpg,,18,19,1
d3,B1_components,WIN_20240202_12_15_44_Pro_jpg.rf.68d0b1cc0606a149d7868517cc27d11d.jpg,,13,15,2
d3,B1_components,WIN_20240129_11_38_18_Pro_jpg.rf.648a9d0f6fd4259b173c68cd14fc0e28.jpg,,18,21,3
d3,B1_components,WIN_20240127_13_50_55_Pro_jpg.rf.586fabd7363a128d25bddbbc9256111e.jpg,,13,16,3
d3,B1_components,WIN_20240126_14_15_49_Pro_jpg.rf.4e3a2737db82be949cae4ba39e05b53e.jpg,,10,16,6
d3,B1_components,WIN_20240129_10_30_10_Pro_jpg.rf.52ec3f9ca1ca182f6f37be9e7e765849.jpg,,14,16,2
d3,B1_components,WIN_20240202_12_01_12_Pro_jpg.rf.63bac7da1e7ab82786761b43f59e5e93.jpg,,12,19,7
d3,B1_components,WIN_20240129_11_12_07_Pro_jpg.rf.556e4098d17598942436d8c5235739a7.jpg,,15,19,4
d3,B1_components,WIN_20240202_12_31_40_Pro_jpg.rf.5b90153eae11ff405b06f970420b89b2.jpg,,15,18,3
d3,B1_components,WIN_20240129_11_22_16_Pro_jpg.rf.4cd540647dd8d28ee6c9013e75229bc2.jpg,,17,23,6
d3,B1_components,WIN_20240126_11_50_40_Pro_jpg.rf.6955042005db49274dd07b952ea0d5ec.jpg,,14,18,4
d3,B1_components,WIN_20240131_11_18_51_Pro_jpg.rf.5e71c827a2ccf42b94f767e565cdbc93.jpg,,13,2,-11
d3,B1_components,WIN_20240202_12_28_59_Pro_jpg.rf.59b1faaa26a1eb364fd70a0039255cd4.jpg,,13,16,3
d3,B1_components,WIN_20240129_11_35_49_Pro_jpg.rf.629607a55cf71787daa5ec6b69c06591.jpg,,16,19,3
d3,B1_components,WIN_20240129_16_42_04_Pro_jpg.rf.4a1a028d81e712ef8dcbd4351bf6ffc3.jpg,,17,23,6
d3,B1_components,WIN_20240130_16_46_26_Pro_jpg.rf.69fda41222843661ece1d1fcd07f13be.jpg,,12,16,4
d3,B1_components,WIN_20240129_18_15_10_Pro_jpg.rf.60695e9406022a7f5daba2838cce309e.jpg,,16,19,3
d3,B1_components,WIN_20240129_16_44_22_Pro_jpg.rf.6bd8fa180a3e3665a18ea662076cb705.jpg,,13,15,2
d3,B1_components,WIN_20240202_13_16_47_Pro_jpg.rf.5669ca5a371d607cfaa609c588004f16.jpg,,19,20,1
d3,B1_components,WIN_20240126_11_19_06_Pro_jpg.rf.7051ecaf49783b2009ce466d281ce8db.jpg,,11,15,4
d3,B1_components,WIN_20240126_14_30_26_Pro_jpg.rf.7df24f0b8a5caddf25e25668763e9c52.jpg,,14,15,1
d3,B1_components,WIN_20240130_15_57_30_Pro_jpg.rf.7d2aba3c1332342cc09ddfc7d1b84bf2.jpg,,13,18,5
d3,B1_components,WIN_20240130_16_57_38_Pro_jpg.rf.8ab2e7d9feb46b2313a172d08ca08258.jpg,,13,15,2
d3,B1_components,WIN_20240129_10_27_35_Pro_jpg.rf.70418229f3e82a9cc659b0b9f4ef03be.jpg,,15,23,8
d3,B1_components,WIN_20240129_11_00_46_Pro_jpg.rf.7cb734c60ddb162ff72aed840d6abecc.jpg,,13,18,5
d3,B1_components,WIN_20240202_12_24_42_Pro_jpg.rf.825782a0a68c2c3adf227dec6f044162.jpg,,17,17,0
d3,B1_components,WIN_20240126_14_18_58_Pro_jpg.rf.6d72c2b0e2f37d9dacddb0c5fa2fd8ab.jpg,,19,20,1
d3,B1_components,WIN_20240129_11_24_28_Pro_jpg.rf.82bb8cf9d8ffba6aea16f6a24f8c8785.jpg,,13,19,6
d3,B1_components,WIN_20240129_10_28_21_Pro_jpg.rf.9276bb4254d78b78889863f100303c2f.jpg,,12,13,1
d3,B1_components,WIN_20240130_15_51_30_Pro_jpg.rf.75d5d708775e5ac9e43a689f44c4732a.jpg,,16,25,9
d3,B1_components,WIN_20240129_16_51_53_Pro_jpg.rf.8f4c7100dba2731be949f0ad7bce55c6.jpg,,14,18,4
d3,B1_components,WIN_20240126_11_34_26_Pro_jpg.rf.8edd67157e33c2e05c26f1fde1507204.jpg,,12,16,4
d3,B1_components,WIN_20240202_12_24_04_Pro_jpg.rf.92b0b5e054ab46a11a26ab7e3aff42e9.jpg,,12,14,2
d3,B1_components,WIN_20240130_16_35_53_Pro_jpg.rf.7184864308cc744301402452962152a2.jpg,,13,16,3
d3,B1_components,WIN_20240130_15_37_52_Pro_jpg.rf.ac676a48d4d229dbe8ce3897bf047cea.jpg,,16,18,2
d3,B1_components,WIN_20240130_16_47_24_Pro_jpg.rf.79480f9c8714fa0b78957327add4e1b6.jpg,,12,18,6
d3,B1_components,WIN_20240126_11_31_09_Pro_jpg.rf.9387fbbc5d198fd74f4d80f5cb260fb5.jpg,,13,15,2
d3,B1_components,WIN_20240202_13_09_09_Pro_jpg.rf.8f769b130440193fd9c15cc9e11a7df7.jpg,,19,24,5
d3,B1_components,WIN_20240130_15_41_21_Pro_jpg.rf.8a0b3beea14df5c65a2a3bf7a90263ef.jpg,,16,21,5
d3,B1_components,WIN_20240202_13_44_43_Pro_jpg.rf.92577bdc6c5f750f78958f0a52d82f4a.jpg,,16,5,-11
d3,B1_components,WIN_20240201_14_58_10_Pro_jpg.rf.a38f40ade7bdc28647f616471d2fe088.jpg,,14,18,4
d3,B1_components,WIN_20240130_16_49_35_Pro_jpg.rf.97c9614c8c47f48b2769f8a654358b5a.jpg,,16,22,6
d3,B1_components,WIN_20240130_16_26_00_Pro_jpg.rf.b7e4a05eb67e0b8868e573506d7c9f93.jpg,,13,15,2
d3,B1_components,WIN_20240129_11_28_32_Pro_jpg.rf.aa69618e2042371ab49ada49ec04ed6d.jpg,,13,15,2
d3,B1_components,WIN_20240126_14_49_47_Pro_jpg.rf.bbdd1f964d0c48c65ec095b1bdbfcfe6.jpg,,15,20,5
d3,B1_components,WIN_20240126_12_06_14_Pro_jpg.rf.bd8d8057c93371c46a7f1918f1487abc.jpg,,15,23,8
d3,B1_components,WIN_20240202_13_55_43_Pro_jpg.rf.b3f16eb1a220c5d9a107a11e94d12bc5.jpg,,17,17,0
d3,B1_components,WIN_20240129_10_15_42_Pro_jpg.rf.710f15998824888f1bc3ce4610f44fda.jpg,,13,16,3
d3,B1_components,WIN_20240126_14_01_56_Pro_jpg.rf.babb371f86c1c16eb2ff1cf2a3f3ec41.jpg,,12,14,2
d3,B1_components,WIN_20240126_12_20_10_Pro_jpg.rf.c2b64b0dc88b54d038c99f38c234b2f2.jpg,,12,14,2
d3,B1_components,WIN_20240131_11_34_06_Pro_jpg.rf.b92073310405282e6ce923b5ea6e1d40.jpg,,12,19,7
d3,B1_components,WIN_20240126_14_03_48_Pro_jpg.rf.a4e13e7c309a6ea77dd289c4208dc009.jpg,,14,16,2
d3,B1_components,WIN_20240129_10_17_39_Pro_jpg.rf.bf8719731599c0aae838c4e516a99036.jpg,,13,14,1
d3,B1_components,WIN_20240131_11_28_07_Pro_jpg.rf.ba4a5e8318e29d756495149de07939e4.jpg,,12,12,0
d3,B1_components,WIN_20240130_15_55_03_Pro_jpg.rf.adb3cad67104e306852f55a4c9d33eb4.jpg,,15,18,3
d3,B1_components,WIN_20240201_15_08_04_Pro_jpg.rf.d0089e09fa3172cc45661b3f0b575232.jpg,,14,15,1
d3,B1_components,WIN_20240202_12_25_34_Pro_jpg.rf.cd6fc0c2749e251669cf536c66292c39.jpg,,17,19,2
d3,B1_components,WIN_20240202_12_53_19_Pro_jpg.rf.ad92cc4729b8fa4b240779ff997484f4.jpg,,15,18,3
d3,B1_components,WIN_20240126_14_31_02_Pro_jpg.rf.b025ad6ce039dcfbff98c3eb2e111a14.jpg,,13,16,3
d3,B1_components,WIN_20240129_17_42_27_Pro_jpg.rf.d5ce288f97eae9650bd36e50398ebc0c.jpg,,16,18,2
d3,B1_components,WIN_20240126_14_44_52_Pro_jpg.rf.d76cc826207ddff8845148014e61ff24.jpg,,13,14,1
d3,B1_components,WIN_20240201_15_00_13_Pro_jpg.rf.d877795265c18cd6deb7f27553417094.jpg,,13,20,7
d3,B1_components,WIN_20240131_11_20_17_Pro_jpg.rf.cf7ea439cacb2037a477037b5cd8c3d2.jpg,,14,18,4
d3,B1_components,WIN_20240126_14_05_36_Pro_jpg.rf.d21847ff7f5dec31de78bf68ae4be558.jpg,,13,17,4
d3,B1_components,WIN_20240129_11_40_27_Pro_jpg.rf.d5c65537e7e9f65b7b0774dcc9ac516c.jpg,,14,20,6
d3,B1_components,WIN_20240202_12_48_43_Pro_jpg.rf.d07487447369b6926f08229400313ce9.jpg,,15,16,1
d3,B1_components,WIN_20240130_16_01_17_Pro_jpg.rf.e0d5a1d90273f7120c78238465377820.jpg,,15,18,3
d3,B1_components,WIN_20240126_12_08_16_Pro_jpg.rf.d644c237c7074e701d05efcfc2254a6e.jpg,,14,16,2
d3,B1_components,WIN_20240130_16_48_41_Pro_jpg.rf.b1302e67eec4878fb02238a5a9ad3af5.jpg,,13,17,4
d3,B1_components,WIN_20240202_14_00_35_Pro_jpg.rf.dc77aa181fe7d805b4e5c7f6991c9193.jpg,,17,22,5
d3,B1_components,WIN_20240202_11_57_43_Pro_jpg.rf.d54146c706da3428596886549f200b78.jpg,,15,20,5
d3,B1_components,WIN_20240129_11_38_42_Pro_jpg.rf.d2c76d004bc1cccf7abbdcb046af2f16.jpg,,17,20,3
d3,B1_components,WIN_20240130_15_50_25_Pro_jpg.rf.e3bfe6138edd72f07867d467da2b48b5.jpg,,16,19,3
d3,B1_components,WIN_20240129_18_22_59_Pro_jpg.rf.e237cd2577fc99badbf5fb1783da3f72.jpg,,17,17,0
d3,B1_components,WIN_20240129_18_26_55_Pro_jpg.rf.e537ad438b15d85f7c399ff71e739725.jpg,,16,19,3
d3,B1_components,WIN_20240129_10_53_51_Pro_jpg.rf.d64651ac02dbf9d9724a214aed685291.jpg,,18,25,7
d3,B1_components,WIN_20240127_13_53_50_Pro_jpg.rf.e8915eb48efab7e97f9e67fa6db3643f.jpg,,15,20,5
d3,B1_components,WIN_20240202_12_58_07_Pro_jpg.rf.e80341a287310ff07f5d6c09650158e2.jpg,,16,18,2
d3,B1_components,WIN_20240202_12_30_18_Pro_jpg.rf.d6304de1458de5ed4523493e8589012d.jpg,,13,14,1
d3,B1_components,WIN_20240130_16_30_17_Pro_jpg.rf.c03c65d3b5d72245c51d2a478ff54d07.jpg,,17,21,4
d3,B1_components,WIN_20240129_18_06_18_Pro_jpg.rf.f2a2f18fdf6f4d1c6d12b20f90a41da2.jpg,,16,25,9
d3,B1_components,WIN_20240131_11_11_32_Pro_jpg.rf.df7e196598ffb8e9f22a371247135967.jpg,,15,19,4
d3,B1_components,WIN_20240126_14_32_11_Pro_jpg.rf.f5533b85b6123b1fc7c897f9feb6a041.jpg,,14,17,3
d3,B1_components,WIN_20240130_16_13_18_Pro_jpg.rf.e7b0bab9e35bb0c916f353282c639e37.jpg,,13,14,1
d3,B1_components,WIN_20240130_16_40_42_Pro_jpg.rf.e9e23dc2a5760284d7642006951921c2.jpg,,14,22,8
d3,B1_components,WIN_20240202_12_37_59_Pro_jpg.rf.f0d102f9e971d855b065917ff37e9203.jpg,,12,16,4
d3,B1_components,WIN_20240202_14_02_24_Pro_jpg.rf.ed15a1fbd09a1de88230b89087212a7a.jpg,,17,17,0
d3,B1_components,WIN_20240127_13_46_46_Pro_jpg.rf.f319837686d7405db52a90832dee5958.jpg,,14,18,4
d3,B1_components,WIN_20240129_18_02_55_Pro_jpg.rf.ed6608085cf29c714241392abe3aa945.jpg,,14,15,1
d3,B1_components,WIN_20240202_13_51_44_Pro_jpg.rf.f52b67a4ac0d0161e298856ec1555c68.jpg,,14,19,5
d3,B1_components,WIN_20240129_11_14_39_Pro_jpg.rf.f3e567f0470411ccbfa6f0949f048767.jpg,,18,25,7
d3,B1_components,WIN_20240131_10_58_51_Pro_jpg.rf.fe1dae3c9fb58c6d6d20126d8d1e29c2.jpg,,14,18,4
d3,B1_components,WIN_20240129_10_41_19_Pro_jpg.rf.fa01657d0996d2084bb6172016f26865.jpg,,15,18,3
d3,B1_components,WIN_20240130_16_12_07_Pro_jpg.rf.f40cd5579a0de76fdb82b754ed495d6f.jpg,,16,17,1
d3,B1_components,WIN_20240202_12_29_38_Pro_jpg.rf.0324cbbdaf6d48d1b530d34690a0bfe4.jpg,,17,19,2
d3,B1_components,WIN_20240201_14_58_52_Pro_jpg.rf.0e3e1e251bc1ed6cf4497026c828777c.jpg,,14,20,6
d3,B1_components,WIN_20240126_11_46_11_Pro_jpg.rf.102484ce333ae937dd2d0d2478bff2e2.jpg,,15,19,4
d3,B1_components,WIN_20240127_13_56_39_Pro_jpg.rf.08abc0be0c2daefdcac1848f82dea92b.jpg,,17,18,1
d3,B1_components,WIN_20240126_13_52_36_Pro_jpg.rf.05376d46d2f54b62f1e5f177cd02baac.jpg,,12,12,0
d3,B1_components,WIN_20240126_11_58_27_Pro_jpg.rf.133f1c2b29eb84f7726183d62b956af5.jpg,,17,18,1
d3,B1_components,WIN_20240126_14_59_50_Pro_jpg.rf.09520e87f81eb7c6f404541caf824675.jpg,,13,16,3
d3,B1_components,WIN_20240126_14_35_38_Pro_jpg.rf.0f193a9ea19d2540f44b01a717e6a087.jpg,,14,16,2
d3,B1_components,WIN_20240127_13_50_22_Pro_jpg.rf.1216ce1ed456e52195b11bfd6b3fface.jpg,,17,23,6
d3,B1_components,WIN_20240202_12_40_48_Pro_jpg.rf.0868088bc3daa2a903abe891a88aa003.jpg,,14,17,3
d3,B1_components,WIN_20240202_13_19_17_Pro_jpg.rf.144bd9212a3eabfcf589984111cf66ad.jpg,,13,15,2
d3,B1_components,WIN_20240202_13_01_01_Pro_jpg.rf.038149a2a17dd69d291dbb2935633401.jpg,,14,23,9
d3,B1_components,WIN_20240131_11_12_40_Pro_jpg.rf.15e9c782165e0cfc5855038673008ae7.jpg,,12,14,2
d3,B1_components,WIN_20240130_16_33_43_Pro_jpg.rf.1cb580a5729e2293b959a7036095ff41.jpg,,14,18,4
d3,B1_components,WIN_20240131_11_26_07_Pro_jpg.rf.15a428f37cb489178e9fbbdda81f237b.jpg,,11,12,1
d3,B1_components,WIN_20240129_18_26_23_Pro_jpg.rf.22b205d8d574c16f282cc5bb6405b666.jpg,,14,20,6
d3,B1_components,WIN_20240126_11_15_45_Pro_jpg.rf.1c4c330b638b85ceaa54f9c8e7cb1194.jpg,,10,10,0
d3,B1_components,WIN_20240129_10_32_25_Pro_jpg.rf.220e0cf8824f1f61bb550cef446bc45b.jpg,,19,23,4
d3,B1_components,WIN_20240202_12_13_31_Pro_jpg.rf.2608cc6727965dcdc10f8b46b7db745e.jpg,,12,17,5
d3,B1_components,WIN_20240130_16_50_28_Pro_jpg.rf.1f29fde910cce9f3cf8f981d408bedcc.jpg,,12,12,0
d3,B1_components,WIN_20240202_13_03_28_Pro_jpg.rf.2da5b4490a3297cbd44f2f0c5c4908a8.jpg,,15,18,3
d3,B1_components,WIN_20240126_12_11_06_Pro_jpg.rf.241af07aa381ef260ff90633192b76d2.jpg,,16,26,10
d3,B1_components,WIN_20240126_14_41_49_Pro_jpg.rf.2cff52d69849b3e1d9789e5ccc1ef290.jpg,,17,19,2
d3,B1_components,WIN_20240130_16_55_20_Pro_jpg.rf.35d6c938772677ddd6fa0870888afeef.jpg,,14,15,1
d3,B1_components,WIN_20240130_16_37_20_Pro_jpg.rf.2f3a7929a85ee5f66dc5b8970f196d26.jpg,,13,17,4
d3,B1_components,WIN_20240129_11_22_50_Pro_jpg.rf.3979640a42b69a3b043f3fc718dcb200.jpg,,19,19,0
d3,B1_components,WIN_20240131_11_23_53_Pro_jpg.rf.13b3034181640760e52c1382e0198d70.jpg,,14,20,6
d3,B1_components,WIN_20240129_10_38_58_Pro_jpg.rf.3b6b335f3ad4e01b4eb7dc88ae064b02.jpg,,15,17,2
d3,B1_components,WIN_20240131_11_34_42_Pro_jpg.rf.1acfe70c2cd0cbe7ca51d74832b156d9.jpg,,11,6,-5
d3,B1_components,WIN_20240126_11_42_11_Pro_jpg.rf.320111adfc2d8df182e1507c39413e21.jpg,,14,16,2
d3,B1_components,WIN_20240126_11_26_17_Pro_jpg.rf.3e072477ded26ea9115bcab86b8d70b3.jpg,,13,17,4
d3,B1_components,WIN_20240130_16_43_51_Pro_jpg.rf.3849e77e9397d5584becb1733e19d7e7.jpg,,12,18,6
d3,B1_components,WIN_20240126_14_40_10_Pro_jpg.rf.3b438d8fce92cd02c99e4ff6e24c7e48.jpg,,17,19,2
d3,B1_components,WIN_20240126_14_28_00_Pro_jpg.rf.3f51049dd468590dc44346944592aa6b.jpg,,12,17,5
d3,B1_components,WIN_20240130_15_45_32_Pro_jpg.rf.15d0a1d300c30bbeaad40cedde9138be.jpg,,16,17,1
d3,B1_components,WIN_20240130_16_02_10_Pro_jpg.rf.3ab19e1894c2659e23d911b28d632092.jpg,,14,15,1
d3,B1_components,WIN_20240129_18_28_07_Pro_jpg.rf.33b73060be2ad102fb9857e1bcb405d7.jpg,,15,22,7
d3,B1_components,WIN_20240201_15_14_47_Pro_jpg.rf.3c608b49d46edb09be7cb90a96b393bc.jpg,,14,21,7
d3,B1_components,WIN_20240131_11_01_20_Pro_jpg.rf.3d0d0d070ff2c1ad916996111e8f9155.jpg,,14,22,8
d3,B1_components,WIN_20240126_14_07_44_Pro_jpg.rf.20de3acef9334643aeea7a125b38a815.jpg,,14,17,3
d3,B1_components,WIN_20240126_13_55_05_Pro_jpg.rf.3f7596960f206081c91f18dd3d9c6d4e.jpg,,12,15,3
d3,B1_components,WIN_20240129_18_35_28_Pro_jpg.rf.44af9ab61a5e90e094dca11f7f4316c3.jpg,,16,22,6
d3,B1_components,WIN_20240126_12_05_38_Pro_jpg.rf.3c7c19140a7a04e768634984cd0d14d4.jpg,,14,13,-1
d3,B1_components,WIN_20240129_16_48_51_Pro_jpg.rf.257a19132b06b60d8395c37aa8892b0f.jpg,,14,19,5
d3,B1_components,WIN_20240130_16_39_59_Pro_jpg.rf.2dbf059a08f46475cd6b402d0384dcfa.jpg,,13,16,3
d3,B1_components,WIN_20240129_11_15_05_Pro_jpg.rf.03ba0b7e87527d94d0f3ca3891e3eabb.jpg,,17,20,3
d3,B1_components,WIN_20240202_12_06_02_Pro_jpg.rf.36224d56f01d772392b440f87961025e.jpg,,12,12,0
d3,B1_components,WIN_20240127_13_42_34_Pro_jpg.rf.07632789338e0dbf78b56a333e2c83ec.jpg,,17,19,2
d3,B1_components,WIN_20240126_11_29_37_Pro_jpg.rf.2e5cb1b777131a05dd7e6141ee1a22e6.jpg,,10,12,2
d3,B1_components,WIN_20240129_17_05_43_Pro_jpg.rf.0db44f8aa6e28f59a0ae754db2c42120.jpg,,14,16,2
d3,B1_components,WIN_20240129_11_31_06_Pro_jpg.rf.31dc6cf00951acc7ad06b4fa639c05d8.jpg,,17,19,2
d3,B1_components,WIN_20240129_11_05_51_Pro_jpg.rf.296f5a41d67a62d51aa0a7408fe5f54a.jpg,,15,16,1
d3,B1_components,WIN_20240202_13_38_45_Pro_jpg.rf.5fbdfe710e41a6ad4407f357e760e092.jpg,,14,17,3
d3,B1_components,WIN_20240131_11_19_36_Pro_jpg.rf.3de13cf04ef47b39363a9b4f7fe8906a.jpg,,13,18,5
d3,B1_components,WIN_20240127_13_49_13_Pro_jpg.rf.2609f8ff5393d36a14772f3fcf8c161a.jpg,,15,19,4
d3,B1_components,WIN_20240202_11_53_56_Pro_jpg.rf.54097592c66c1922476ac3506b1a84a5.jpg,,13,16,3
d3,B1_components,WIN_20240202_12_02_52_Pro_jpg.rf.3500f0861caf1b4153f80bd5a85d9d98.jpg,,14,18,4
d3,B1_components,WIN_20240129_10_43_08_Pro_jpg.rf.58b077620386b4a17f42cc1930e468aa.jpg,,17,21,4
d3,B1_components,WIN_20240129_11_29_31_Pro_jpg.rf.4583c8ae278f25805d225d92fec2c57a.jpg,,14,19,5
d3,B1_components,WIN_20240130_16_05_11_Pro_jpg.rf.6cdd24fb9512be65087226ec015206fb.jpg,,15,18,3
d3,B1_components,WIN_20240126_13_43_39_Pro_jpg.rf.65ea3429365ba85b72287ff4b3909440.jpg,,14,16,2
d3,B1_components,WIN_20240129_11_16_09_Pro_jpg.rf.42330ab8b694040d58e1498725074e52.jpg,,16,18,2
d3,B1_components,WIN_20240126_14_54_12_Pro_jpg.rf.6c76e06c4a9e08a511bc8969300687f9.jpg,,17,21,4
d3,B1_components,WIN_20240126_14_12_27_Pro_jpg.rf.648c9eb20cd06b52dc0414086051657e.jpg,,15,17,2
d3,B1_components,WIN_20240202_13_10_07_Pro_jpg.rf.674a92ef2352c5a162615a3762bda5a9.jpg,,16,20,4
d3,B1_components,WIN_20240129_17_57_15_Pro_jpg.rf.0eb0ce536fd4a2e9501d5284dd78f87e.jpg,,14,17,3
d3,B1_components,WIN_20240129_11_04_06_Pro_jpg.rf.1b79291762c14bb4b08a790cdbf7b551.jpg,,13,15,2
d3,B1_components,WIN_20240130_15_54_09_Pro_jpg.rf.60892da282165c617f7c74c0de384750.jpg,,16,19,3
d3,B1_components,WIN_20240202_12_32_58_Pro_jpg.rf.6f71e0b5f4e7a627271390352fd3cc23.jpg,,15,18,3
d3,B1_components,WIN_20240129_18_25_20_Pro_jpg.rf.7bbdf138f3fa382d9fce2234e2d95ab9.jpg,,15,17,2
d3,B1_components,WIN_20240129_16_43_51_Pro_jpg.rf.77669d5a59c9631e1d10e2d3b46d3228.jpg,,16,19,3
d3,B1_components,WIN_20240129_11_13_28_Pro_jpg.rf.7b11bf4863bc6bb1541395fc83f795ee.jpg,,16,17,1
d3,B1_components,WIN_20240127_14_00_50_Pro_jpg.rf.07cbad3cd827c9927b9d6e10a1d228db.jpg,,13,17,4
d3,B1_components,WIN_20240129_16_57_37_Pro_jpg.rf.8b947cb7fd3eca4925b028277a463a9b.jpg,,17,20,3
d3,B1_components,WIN_20240129_11_08_41_Pro_jpg.rf.7f0ae2e375913e79b856bb9a254a1170.jpg,,13,18,5
d3,B1_components,WIN_20240129_17_58_42_Pro_jpg.rf.7cf97f5eaad6bf489d8f96b919813bab.jpg,,13,15,2
d3,B1_components,WIN_20240202_11_56_06_Pro_jpg.rf.9fb8017c73f7f651ea4da3d574048d86.jpg,,13,17,4
d3,B1_components,WIN_20240126_14_31_37_Pro_jpg.rf.8e2823c5dd88f684ae22cb8afc938c4b.jpg,,16,18,2
d3,B1_components,WIN_20240202_12_02_08_Pro_jpg.rf.95205f3f4e05ff163810d9e39a142a07.jpg,,12,16,4
d3,B1_components,WIN_20240126_11_19_59_Pro_jpg.rf.91444f1b8f15c4bb7ef6b8e23d53d0e6.jpg,,10,13,3
d3,B1_components,WIN_20240129_11_15_33_Pro_jpg.rf.89e714cd2bf8b3b320a3346a26911816.jpg,,13,15,2
d3,B1_components,WIN_20240130_16_32_59_Pro_jpg.rf.af87b97ddfd786ff83c76ff3e1774e5b.jpg,,13,14,1
d3,B1_components,WIN_20240129_17_49_53_Pro_jpg.rf.8110139e597c1d18103e059ba1359572.jpg,,17,20,3
d3,B1_components,WIN_20240201_15_11_25_Pro_jpg.rf.92aec9bcb7315e2585e6248ff24abc45.jpg,,17,21,4
d3,B1_components,WIN_20240127_13_57_24_Pro_jpg.rf.88b0d1d287d0415601331c94337da3fc.jpg,,18,22,4
d3,B1_components,WIN_20240201_15_09_16_Pro_jpg.rf.76fcf6a63c9b31b1a652114c4d85438c.jpg,,14,19,5
d3,B1_components,WIN_20240130_16_24_10_Pro_jpg.rf.adbdba0168852aaccb7361ac15ea7055.jpg,,17,24,7
d3,B1_components,WIN_20240126_14_10_14_Pro_jpg.rf.6d0600b0f7f02338e4850d5ade88dad5.jpg,,17,18,1
d3,B1_components,WIN_20240130_15_34_53_Pro_jpg.rf.aa8da1dde437703c0ae24e0087b6a2bd.jpg,,21,28,7
d3,B1_components,WIN_20240129_10_46_19_Pro_jpg.rf.b0cb29793fb8dd723cffb68b8f8bcac0.jpg,,13,16,3
d3,B1_components,WIN_20240129_18_11_05_Pro_jpg.rf.b5bf8b493e5481981586f2754ae4ea2c.jpg,,17,23,6
d3,B1_components,WIN_20240130_16_23_33_Pro_jpg.rf.b818271095de83030e115989036ae9fa.jpg,,15,20,5
d3,B1_components,WIN_20240201_14_56_38_Pro_jpg.rf.b3a5fbc5d5896af3bed1580a9bf3760e.jpg,,9,17,8
d3,B1_components,WIN_20240130_16_14_18_Pro_jpg.rf.c79d8263a22a9b0469a956acd395261d.jpg,,15,16,1
d3,B1_components,WIN_20240129_10_16_30_Pro_jpg.rf.c12c2329bc25a4ef90571f2a63377109.jpg,,14,19,5
d3,B1_components,WIN_20240126_13_51_13_Pro_jpg.rf.c4fab7993c8eb71c9bdc571f604c60e3.jpg,,10,10,0
d3,B1_components,WIN_20240202_12_04_44_Pro_jpg.rf.c531964931dc8600130de9d7c0ee5b95.jpg,,14,16,2
d3,B1_components,WIN_20240202_13_41_30_Pro_jpg.rf.d2bdc33e211765acfd1ff91a715d6f64.jpg,,18,23,5
d3,B1_components,WIN_20240202_12_10_18_Pro_jpg.rf.ddf709d929c55766fdad45a15903c602.jpg,,15,16,1
d3,B1_components,WIN_20240126_14_52_10_Pro_jpg.rf.b68bbb4e3f5fe60ad3fdc356ca30d07f.jpg,,14,15,1
d3,B1_components,WIN_20240126_13_51_54_Pro_jpg.rf.b9869c17642a47717f7aaa32402db25b.jpg,,13,14,1
d3,B1_components,WIN_20240202_13_54_41_Pro_jpg.rf.d67d79dc85c5b40baf246ad182b3b60e.jpg,,16,18,2
d3,B1_components,WIN_20240127_13_46_08_Pro_jpg.rf.d84a918b909c76f9cc93cacd142f6b5e.jpg,,13,17,4
d3,B1_components,WIN_20240126_14_17_18_Pro_jpg.rf.e46584bec4e8fa0db87d0ac22780c033.jpg,,15,20,5
d3,B1_components,WIN_20240126_14_38_33_Pro_jpg.rf.e223814d225efb15da0ab48b0da25c59.jpg,,14,20,6
d3,B1_components,WIN_20240202_13_21_29_Pro_jpg.rf.bd0e8434d6f39d646fa2e9c6f3f63190.jpg,,19,20,1
d3,B1_components,WIN_20240202_13_58_49_Pro_jpg.rf.f69e7f1f851b12a11ea3c76b8eeececf.jpg,,16,20,4
d3,B1_components,WIN_20240127_13_56_09_Pro_jpg.rf.cadaafef5af8a3d79dd589edd50b1d71.jpg,,14,16,2
d3,B1_components,WIN_20240202_12_46_44_Pro_jpg.rf.e4e3d7d9daafc9b30197f3c0a93039a4.jpg,,14,15,1
d3,B1_components,WIN_20240129_17_48_31_Pro_jpg.rf.ea33aa77b4e58af0477723731f9c3a31.jpg,,17,24,7
d3,B1_components,WIN_20240202_12_21_29_Pro_jpg.rf.ffecaae93f2a36c59733f199f20c7a7e.jpg,,15,17,2
d3,B1_components,WIN_20240129_18_09_01_Pro_jpg.rf.fdbf64683ea50e9709bb72c1d336b734.jpg,,15,15,0
d3,B1_components,WIN_20240126_13_42_38_Pro_jpg.rf.ede21fb9f2849a7fc5e3c1d1ade8e2be.jpg,,11,14,3
d3,B1_components,WIN_20240202_12_09_33_Pro_jpg.rf.de5fcde7ba62c31ec3067908f38d03bc.jpg,,16,18,2
d3,B1_components,WIN_20240202_12_07_25_Pro_jpg.rf.e861012f373e1c67ee675d555576e2c7.jpg,,15,17,2
d3,B2_area,WIN_20240202_13_53_14_Pro_jpg.rf.c67045ee3774ac939ab68fdc9eebc6f9.jpg,,15,48,33
d3,B2_area,WIN_20240201_15_03_05_Pro_jpg.rf.c786ba6bc82242f8c3aba0bf62d3e11f.jpg,,14,36,22
d3,B2_area,WIN_20240126_13_57_50_Pro_jpg.rf.c6a3d267492c7c8014f8acd6436d8347.jpg,,13,37,24
d3,B2_area,WIN_20240131_11_20_56_Pro_jpg.rf.c6fc305a0ac5dfb42d384d8abe772872.jpg,,12,61,49
d3,B2_area,WIN_20240129_10_22_34_Pro_jpg.rf.cbf887d7aa87a4cd2278044a3096dad2.jpg,,14,34,20
d3,B2_area,WIN_20240126_14_10_51_Pro_jpg.rf.ca74ce2427e6a24dd61413fde1002377.jpg,,15,25,10
d3,B2_area,WIN_20240127_13_49_42_Pro_jpg.rf.c5b4523b3b8f6ec8be649aade31904cd.jpg,,13,42,29
d3,B2_area,WIN_20240202_13_49_29_Pro_jpg.rf.c7f6fa9837a9b93e2b82dd908749747f.jpg,,17,54,37
d3,B2_area,WIN_20240127_13_55_28_Pro_jpg.rf.c9de9822a7891ddd1d1cd294229696c6.jpg,,18,21,3
d3,B2_area,WIN_20240202_14_01_39_Pro_jpg.rf.c68312b74da19dab1a07fdf9703e7858.jpg,,16,20,4
d3,B2_area,WIN_20240129_16_53_09_Pro_jpg.rf.c7a96ab65e29d13f49f60439e8413816.jpg,,15,19,4
d3,B2_area,WIN_20240130_16_53_42_Pro_jpg.rf.ca929a9bba99c9f59a1f052d675f4bb9.jpg,,12,28,16
d3,B2_area,WIN_20240131_10_54_15_Pro_jpg.rf.ca2ee0d4068d5c9789a1b0e6cf52749f.jpg,,14,32,18
d3,B2_area,WIN_20240130_16_29_13_Pro_jpg.rf.cdc580339d42e40a862d166e2dbfb99a.jpg,,15,69,54
d3,B2_area,WIN_20240202_13_08_10_Pro_jpg.rf.c9985984a16f62cd1b38c6e2cbcdf508.jpg,,18,26,8
d3,B2_area,WIN_20240202_11_53_16_Pro_jpg.rf.c5c0f80d022663ffa50a09a40c9e2dcc.jpg,,13,23,10
d3,B2_area,WIN_20240202_13_19_54_Pro_jpg.rf.c6ef19ef2b7dd38f2a2a72553077903c.jpg,,17,30,13
d3,B2_area,WIN_20240129_11_02_01_Pro_jpg.rf.cd8626cea54afe5dfac807b08a4c417e.jpg,,14,21,7
d3,B2_area,WIN_20240127_13_43_16_Pro_jpg.rf.cc823cd7d145486c8aac51eba6d24641.jpg,,13,42,29
d3,B2_area,WIN_20240202_13_00_05_Pro_jpg.rf.c5ed46a01ee6dc7e414125c00caded8b.jpg,,15,15,0
d3,B2_area,WIN_20240127_13_41_33_Pro_jpg.rf.cb1fb3a59038e64c9d42accf61c900d0.jpg,,18,75,57
d3,B2_area,WIN_20240126_14_36_54_Pro_jpg.rf.c90acb0ce5e19f9d626974563deb244a.jpg,,15,60,45
d3,B2_area,WIN_20240202_14_03_09_Pro_jpg.rf.cdd3eb0f39cc4fa86b65e679af988ecd.jpg,,21,29,8
d3,B2_area,WIN_20240131_10_53_23_Pro_jpg.rf.ccefbf87fdabc8b9509e42e9249a15ca.jpg,,17,32,15
d3,B2_area,WIN_20240129_18_23_47_Pro_jpg.rf.cdc1a74a0c05a62ab02664bad340fbb3.jpg,,17,45,28
d3,B2_area,WIN_20240202_13_02_17_Pro_jpg.rf.ca4874f6e69e7e7e9aa8295a98e7549b.jpg,,14,41,27
d3,B2_area,WIN_20240202_12_38_40_Pro_jpg.rf.cad8d19f5343f8ce627cdf2efe2ff52b.jpg,,15,63,48
d3,B2_area,WIN_20240202_12_00_29_Pro_jpg.rf.c5b44336b3ecd8da919ce4802a6584cb.jpg,,14,15,1
d3,B2_area,WIN_20240129_18_27_33_Pro_jpg.rf.cef06924412b7d65bab2159a68004dd2.jpg,,16,18,2
d3,B2_area,WIN_20240129_17_59_40_Pro_jpg.rf.d0280384a4488a2205bfbb66dee79bbd.jpg,,12,48,36
d3,B2_area,WIN_20240129_17_00_03_Pro_jpg.rf.d10357e0d7e36cdc5011569c65f718c9.jpg,,16,59,43
d3,B2_area,WIN_20240202_11_58_32_Pro_jpg.rf.d1a2dafeb02970915f8e2167cc2e6ad3.jpg,,14,58,44
d3,B2_area,WIN_20240130_15_42_03_Pro_jpg.rf.cf0f7c567599534d74c5d4fa571cde39.jpg,,14,29,15
d3,B2_area,WIN_20240202_13_54_07_Pro_jpg.rf.cfc807306b078bcebee228a9fa948266.jpg,,13,57,44
d3,B2_area,WIN_20240129_10_53_04_Pro_jpg.rf.d0dd4a25f360754f7d2d5ad8fa10773f.jpg,,17,32,15
d3,B2_area,WIN_20240129_18_31_31_Pro_jpg.rf.ced4fa815b7823c582b31aa500a15210.jpg,,13,34,21
d3,B2_area,WIN_20240201_15_10_42_Pro_jpg.rf.ce02383e32bad6c1a5db0c9f1556900b.jpg,,15,19,4
d3,B2_area,WIN_20240129_17_50_41_Pro_jpg.rf.d293d67f2e761bf7877221dc90c6061f.jpg,,15,35,20
d3,B2_area,WIN_20240126_14_55_14_Pro_jpg.rf.d0fde38195c4c1467ca37643edb21268.jpg,,14,19,5
d3,B2_area,WIN_20240129_18_19_30_Pro_jpg.rf.d093d86534e3a9ea29e91eaa4dd94b29.jpg,,15,42,27
d3,B2_area,WIN_20240130_16_39_08_Pro_jpg.rf.cfbffbddffefb52f4d16f797c6e1f8e8.jpg,,12,64,52
d3,B2_area,WIN_20240130_16_38_17_Pro_jpg.rf.d38a971699935def54ee68bfe3692a0d.jpg,,13,48,35
d3,B2_area,WIN_20240202_12_39_14_Pro_jpg.rf.d0f70d7aa7370ef0e25dca02cb05dcb9.jpg,,19,46,27
d3,B2_area,WIN_20240129_17_58_00_Pro_jpg.rf.d4a83f344e39e6219af233e4e4ec7726.jpg,,17,28,11
d3,B2_area,WIN_20240126_11_42_53_Pro_jpg.rf.cfb241fcb06b77a968d2b72b327158f8.jpg,,11,36,25
d3,B2_area,WIN_20240202_13_37_28_Pro_jpg.rf.d3a318fb6c3d5e4771d718d548830139.jpg,,13,17,4
d3,B2_area,WIN_20240126_14_14_47_Pro_jpg.rf.d3c65eb1c50896995173472f69aa5647.jpg,,13,12,-1
d3,B2_area,WIN_20240131_11_21_40_Pro_jpg.rf.d3449c92167c270b0fddac46a20f78f5.jpg,,13,26,13
d3,B2_area,WIN_20240130_15_53_27_Pro_jpg.rf.cf54d199fff3d269e7be1b6cfed1810d.jpg,,13,65,52
d3,B2_area,WIN_20240130_16_42_49_Pro_jpg.rf.d5724b5911261166abbcdcbb0692e1b0.jpg,,12,70,58
d3,B2_area,WIN_20240129_17_43_18_Pro_jpg.rf.d49ae6ab4c60d57adc136618f148162c.jpg,,18,34,16
d3,B2_area,WIN_20240126_12_20_57_Pro_jpg.rf.cf38758ee9f1f2d1332cebc2c9dea410.jpg,,11,17,6
d3,B2_area,WIN_20240130_15_49_21_Pro_jpg.rf.d3b3864a050b2bc09d2625243e9bc769.jpg,,18,19,1
d3,B2_area,WIN_20240202_12_45_04_Pro_jpg.rf.d64d4568e0bcf084bc03ff07afcb8bd4.jpg,,14,13,-1
d3,B2_area,WIN_20240202_12_49_13_Pro_jpg.rf.d4bf7135491de284c4dd001b535b9b5e.jpg,,13,17,4
d3,B2_area,WIN_20240126_11_35_48_Pro_jpg.rf.d292467913e0e21117306d984c8e5cbc.jpg,,13,37,24
d3,B2_area,WIN_20240129_10_47_53_Pro_jpg.rf.d6878d939159f619aedbd4cf1c91654a.jpg,,14,25,11
d3,B2_area,WIN_20240201_15_07_34_Pro_jpg.rf.d6d8fe46c2d4bc35700cdce3f1da0623.jpg,,15,47,32
d3,B2_area,WIN_20240131_11_02_44_Pro_jpg.rf.d7fec851bef03e14c09eec4a6a93ca29.jpg,,16,29,13
d3,B2_area,WIN_20240130_16_07_23_Pro_jpg.rf.d995f013bc016d6dd558a735b0de4ee7.jpg,,14,36,22
d3,B2_area,WIN_20240126_12_13_46_Pro_jpg.rf.d9a13d89b57a95929c58db645fe9ffd1.jpg,,15,63,48
d3,B2_area,WIN_20240126_14_01_27_Pro_jpg.rf.d4d96e8fc1816340526a2554bf6ab9a0.jpg,,13,37,24
d3,B2_area,WIN_20240202_13_06_54_Pro_jpg.rf.d7677627792bc5401c5cd879864702b0.jpg,,14,67,53
d3,B2_area,WIN_20240129_11_26_55_Pro_jpg.rf.d77ab49cd6e5e98de9bdf3966a002ac8.jpg,,18,24,6
d3,B2_area,WIN_20240201_15_02_27_Pro_jpg.rf.d3e27df3572f0807bba7de8929512384.jpg,,15,56,41
d3,B2_area,WIN_20240126_14_43_32_Pro_jpg.rf.d8a31eb1c7858ab8aaafb003cb5c5fdc.jpg,,16,20,4
d3,B2_area,WIN_20240126_14_28_23_Pro_jpg.rf.d823e6f7e2bc6b66766fd6ac8d78cf42.jpg,,15,19,4
d3,B2_area,WIN_20240127_13_51_46_Pro_jpg.rf.d7cbe25ddf6d61045294b8d6799cd412.jpg,,17,26,9
d3,B2_area,WIN_20240126_11_59_11_Pro_jpg.rf.db15ea299ec84dad9573b751bec302b9.jpg,,19,35,16
d3,B2_area,WIN_20240129_10_42_21_Pro_jpg.rf.d9f3d3168dc9d26354003342e0fb053b.jpg,,14,25,11
d3,B2_area,WIN_20240131_11_00_04_Pro_jpg.rf.dc1068b65824330afa875368b07a6cc8.jpg,,13,44,31
d3,B2_area,WIN_20240129_11_39_46_Pro_jpg.rf.dd719c26d39447f78818098b2e2e57e3.jpg,,15,56,41
d3,B2_area,WIN_20240202_12_45_49_Pro_jpg.rf.dc8e8bdbd4490f8ad382db9b38e7dafe.jpg,,17,38,21
d3,B2_area,WIN_20240129_11_07_36_Pro_jpg.rf.db96d8c12e02d096818638cb5e5712f1.jpg,,15,40,25
d3,B2_area,WIN_20240129_18_33_27_Pro_jpg.rf.dd1ff897647ae67a1d6c33c4b1dabafd.jpg,,19,29,10
d3,B2_area,WIN_20240126_11_52_45_Pro_jpg.rf.ddfe539322245f199d3a742c388bd657.jpg,,17,17,0
d3,B2_area,WIN_20240129_10_18_49_Pro_jpg.rf.de5e1130db13909451772b2d2cfcdfbb.jpg,,14,22,8
d3,B2_area,WIN_20240126_14_13_27_Pro_jpg.rf.d6b7575b53d88be6b7c7167391270695.jpg,,14,18,4
d3,B2_area,WIN_20240130_15_40_27_Pro_jpg.rf.e0af9c72a479d5215610039844358b5b.jpg,,19,19,0
d3,B2_area,WIN_20240129_10_36_37_Pro_jpg.rf.d6398647368e47e020feb08d09960460.jpg,,12,14,2
d3,B2_area,WIN_20240202_11_59_56_Pro_jpg.rf.df8d8ec9416bd23b96016f7d9a092845.jpg,,12,31,19
d3,B2_area,WIN_20240202_13_52_22_Pro_jpg.rf.df12bf7bfb47d41f933162fe33d88b03.jpg,,17,23,6
d3,B2_area,WIN_20240129_11_21_43_Pro_jpg.rf.e1d1febf6a073f3a66faef1e6968433f.jpg,,17,17,0
d3,B2_area,WIN_20240131_11_16_21_Pro_jpg.rf.dec40d5f116a57a93a97bd3578986211.jpg,,11,54,43
d3,B2_area,WIN_20240126_14_05_03_Pro_jpg.rf.ddf89dff75c42d36c02444efcb2fec75.jpg,,13,18,5
d3,B2_area,WIN_20240202_12_56_40_Pro_jpg.rf.e2c078090454e23289c0bc6bc4ccc206.jpg,,17,14,-3
d3,B2_area,WIN_20240129_10_59_31_Pro_jpg.rf.e396d288d8177a5a7a80c127a5a11dfa.jpg,,15,31,16
d3,B2_area,WIN_20240130_16_09_09_Pro_jpg.rf.de05dbc315b3ca08e1c3283e6162cf03.jpg,,15,28,13
d3,B2_area,WIN_20240202_12_03_34_Pro_jpg.rf.e3e4e73e3cd6a2ba23c9839f67e5767f.jpg,,13,23,10
d3,B2_area,WIN_20240129_17_02_13_Pro_jpg.rf.e37a4c1374506a271c5b0a2f39bd5cea.jpg,,14,37,23
d3,B2_area,WIN_20240126_14_55_56_Pro_jpg.rf.e400db2e41031a8ac61a5e3956e44d8c.jpg,,17,27,10
d3,B2_area,WIN_20240130_15_56_53_Pro_jpg.rf.e50ab1b39ff542b2f56353045b45f145.jpg,,15,23,8
d3,B2_area,WIN_20240202_13_18_45_Pro_jpg.rf.e47cf60a9416308948d5c1bdf60d39d7.jpg,,13,22,9
d3,B2_area,WIN_20240130_16_17_35_Pro_jpg.rf.e41891862a463cc912b597c8402870da.jpg,,17,17,0
d3,B2_area,WIN_20240202_12_12_38_Pro_jpg.rf.e85375c803d37bb06cd30238d35d9463.jpg,,14,69,55
d3,B2_area,WIN_20240126_13_48_00_Pro_jpg.rf.e47b2a9d1689137de52242a1528d29d2.jpg,,13,30,17
d3,B2_area,WIN_20240131_11_35_56_Pro_jpg.rf.e7324ca8b3f8dab041ee3ee6ba284e0f.jpg,,11,54,43
d3,B2_area,WIN_20240126_11_39_51_Pro_jpg.rf.e715ea3d8db436ffda3439abaf226a88.jpg,,16,23,7
d3,B2_area,WIN_20240129_18_01_08_Pro_jpg.rf.e74cede877dd3d7522c550a349c645fd.jpg,,14,15,1
d3,B2_area,WIN_20240202_12_31_04_Pro_jpg.rf.e8edaefabb7117ad77bed0e9ae8cbd0d.jpg,,11,26,15
d3,B2_area,WIN_20240202_12_28_28_Pro_jpg.rf.e5eed96766661b3c2b7fe5278cfa9beb.jpg,,13,18,5
d3,B2_area,WIN_20240202_12_26_14_Pro_jpg.rf.e93fce6b4773dac406ec6369d3c01643.jpg,,14,18,4
d3,B2_area,WIN_20240130_16_51_04_Pro_jpg.rf.dfdbc639f451f061cab1cb3fc79a07dc.jpg,,12,50,38
d3,B2_area,WIN_20240126_11_21_56_Pro_jpg.rf.e1b307dfe311eeb5553dc59f023450d2.jpg,,9,21,12
d3,B2_area,WIN_20240202_13_44_05_Pro_jpg.rf.e983475d245b2077ddfd254b362bddc4.jpg,,19,28,9
d3,B2_area,WIN_20240126_12_11_45_Pro_jpg.rf.e4b3fec7f1512c4648b8fe8cde0ed8b2.jpg,,15,15,0
d3,B2_area,WIN_20240126_14_15_22_Pro_jpg.rf.e397001745fb2efc300997e833eafb16.jpg,,14,16,2
d3,B2_area,WIN_20240202_13_57_56_Pro_jpg.rf.e5830d71dd103819d962441b29da577b.jpg,,16,22,6
d3,B2_area,WIN_20240131_11_03_34_Pro_jpg.rf.e640fda76c6a7ae6ec97721974e3a62e.jpg,,13,22,9
d3,B2_area,WIN_20240126_13_56_36_Pro_jpg.rf.e95a7e66376375375ea1c20839cc75c2.jpg,,13,43,30
d3,B2_area,WIN_20240126_11_55_55_Pro_jpg.rf.e752068588c848f95848a4f75f8c23dc.jpg,,16,21,5
d3,B2_area,WIN_20240202_13_14_46_Pro_jpg.rf.ea0e45ea152623a0ebf770bc8879f7a6.jpg,,13,47,34
d3,B2_area,WIN_20240202_12_47_21_Pro_jpg.rf.e9d878444058ded84abd0338c6df57b0.jpg,,16,44,28
d3,B2_area,WIN_20240126_14_00_24_Pro_jpg.rf.ec116e41a2a0cf41b0a2a3afa74392e5.jpg,,12,15,3
d3,B2_area,WIN_20240129_10_40_38_Pro_jpg.rf.e9b435f77cdc6e057f35f63218d9abe3.jpg,,12,65,53
d3,B2_area,WIN_20240130_16_26_57_Pro_jpg.rf.ee3679e3df742dd22a973fd35eca16a2.jpg,,16,24,8
d3,B2_area,WIN_20240126_14_11_34_Pro_jpg.rf.e862702866f021912cbc0797d5d06240.jpg,,16,18,2
d3,B2_area,WIN_20240129_10_30_57_Pro_jpg.rf.ee25dcb793d54cb19a02641d793f3670.jpg,,15,15,0
d3,B2_area,WIN_20240202_13_46_50_Pro_jpg.rf.ef5acb5cb6d24d9a56d51e6d061575d0.jpg,,18,56,38
d3,B2_area,WIN_20240126_14_18_23_Pro_jpg.rf.ebb2343e9341477b4193c2289583c57a.jpg,,15,46,31
d3,B2_area,WIN_20240129_11_03_17_Pro_jpg.rf.ec3b3dffa04f45917c2456c48493fee1.jpg,,14,14,0
d3,B2_area,WIN_20240126_14_51_23_Pro_jpg.rf.ef796a881658047434439ab038b49b53.jpg,,15,15,0
d3,B2_area,WIN_20240126_11_20_40_Pro_jpg.rf.edb671c512776c8f6966fe4db083263e.jpg,,12,14,2
d3,B2_area,WIN_20240131_11_10_31_Pro_jpg.rf.ec62882b2f8f27ddd551c76976214360.jpg,,15,14,-1
d3,B2_area,WIN_20240129_18_05_03_Pro_jpg.rf.ebc70f4d56dc452372cca0d5b46b2d65.jpg,,17,28,11
d3,B2_area,WIN_20240129_11_34_39_Pro_jpg.rf.ed736b242cae197773ea50bef350ef95.jpg,,16,39,23
d3,B2_area,WIN_20240130_15_58_25_Pro_jpg.rf.de90205182a4e92b27f25528e0d1aef4.jpg,,15,29,14
d3,B2_area,WIN_20240131_11_27_26_Pro_jpg.rf.f0de6f1178050698a1af3159b7151c0e.jpg,,13,15,2
d3,B2_area,WIN_20240130_15_43_50_Pro_jpg.rf.f0ce7d7ada13c17bb6473cac3db5ec56.jpg,,16,22,6
d3,B2_area,WIN_20240126_14_36_26_Pro_jpg.rf.ef81bc4ce8daed454474f9a397276b90.jpg,,19,19,0
d3,B2_area,WIN_20240126_14_16_20_Pro_jpg.rf.efa481f28c7a7de66d509a24fb2f21bf.jpg,,16,51,35
d3,B2_area,WIN_20240129_11_23_31_Pro_jpg.rf.f0c0e3900aca8dc0e47a11f0367a970d.jpg,,19,24,5
d3,B2_area,WIN_20240126_14_34_30_Pro_jpg.rf.f12a8f9893d0968828d853765201ad31.jpg,,13,16,3
d3,B2_area,WIN_20240129_10_39_49_Pro_jpg.rf.eea7c8dbaf9ca0352f882c4b9a8f629a.jpg,,13,14,1
d3,B2_area,WIN_20240129_18_28_53_Pro_jpg.rf.efa3f92beb892c44e164045b506c2483.jpg,,18,20,2
d3,B2_area,WIN_20240130_16_36_40_Pro_jpg.rf.f21bcfd33cfc578575cfb7b9fb87d2ed.jpg,,13,13,0
d3,B2_area,WIN_20240126_14_49_02_Pro_jpg.rf.f24767ef69d1836015abb2309e39fd1f.jpg,,15,43,28
d3,B2_area,WIN_20240126_14_28_54_Pro_jpg.rf.f2de65c9f56e32ff9cf1ad6f36219767.jpg,,12,13,1
d3,B2_area,WIN_20240202_13_43_19_Pro_jpg.rf.f3d7ad73ea2cdb5d1252d0818fbaeac7.jpg,,16,17,1
d3,B2_area,WIN_20240130_16_35_10_Pro_jpg.rf.f3cbc1ebc34c6fc2152ed4a713189fa6.jpg,,13,38,25
d3,B2_area,WIN_20240129_18_05_44_Pro_jpg.rf.f3926d6aa332bf8656b2d016d0afadf6.jpg,,13,25,12
d3,B2_area,WIN_20240126_13_53_19_Pro_jpg.rf.f2d7d574d86ba7eff1a07233c2b32c84.jpg,,13,13,0
d3,B2_area,WIN_20240126_12_08_41_Pro_jpg.rf.f557868f8421f64d2a446f69d8bd9d04.jpg,,14,57,43
d3,B2_area,WIN_20240129_18_17_12_Pro_jpg.rf.f3b24996794ee3c916118a6eeb192c0b.jpg,,14,20,6
d3,B2_area,WIN_20240130_16_16_06_Pro_jpg.rf.f29151f6b2274731dda89311b7f14123.jpg,,15,27,12
d3,B2_area,WIN_20240126_14_45_36_Pro_jpg.rf.f21dd9bd9e5358deb7264eeb968c403b.jpg,,14,40,26
d3,B2_area,WIN_20240129_17_44_01_Pro_jpg.rf.f238dc81d9ad6d10402e7cc022cbb535.jpg,,12,23,11
d3,B2_area,WIN_20240129_18_00_27_Pro_jpg.rf.f563baac01ab77c4f17963790f6a71e7.jpg,,16,52,36
d3,B2_area,WIN_20240129_16_40_55_Pro_jpg.rf.f2e6fef7b51cb926c92dfd1e70a72ec6.jpg,,19,54,35
d3,B2_area,WIN_20240201_15_03_37_Pro_jpg.rf.f5740b5fe92d27d46b40c9f89b53db8f.jpg,,15,16,1
d3,B2_area,WIN_20240130_16_00_11_Pro_jpg.rf.f59b06f13ec3bdc0f539cc79bd0dfac6.jpg,,16,21,5
d3,B2_area,WIN_20240126_14_44_10_Pro_jpg.rf.f5aca6f1ceb429e51173c47c0b64e70f.jpg,,14,14,0
d3,B2_area,WIN_20240129_11_25_00_Pro_jpg.rf.f625e5faeaa4cfa323f1cfe90854d03e.jpg,,14,20,6
d3,B2_area,WIN_20240129_11_06_26_Pro_jpg.rf.f2e9aed80c975b01f6dd4384b88c7420.jpg,,14,30,16
d3,B2_area,WIN_20240129_18_13_52_Pro_jpg.rf.f4f40db32253a37adb820988182efb3d.jpg,,16,17,1
d3,B2_area,WIN_20240131_10_56_21_Pro_jpg.rf.f5ce9f46950804d8f9dc9ba259458fbb.jpg,,13,57,44
d3,B2_area,WIN_20240131_11_09_46_Pro_jpg.rf.f53f8c7d68b018ba898927314ad47672.jpg,,13,61,48
d3,B2_area,WIN_20240201_15_12_43_Pro_jpg.rf.f7328eea93ef246f50c0deec55430509.jpg,,14,57,43
d3,B2_area,WIN_20240127_13_58_00_Pro_jpg.rf.f8b772dc3d88ba8c4138195d4ec8a0db.jpg,,14,24,10
d3,B2_area,WIN_20240202_11_51_43_Pro_jpg.rf.f84cc1ccc350bbf703a45998aee44502.jpg,,12,42,30
d3,B2_area,WIN_20240202_13_40_59_Pro_jpg.rf.faa56c0ec095e1befbf0202f77c5d4d0.jpg,,12,24,12
d3,B2_area,WIN_20240129_18_10_31_Pro_jpg.rf.f7a4296b52dd5ea35a7042f6264d24b4.jpg,,15,16,1
d3,B2_area,WIN_20240202_12_06_42_Pro_jpg.rf.fbde63617b71a338d5eadee2053fd31d.jpg,,16,70,54
d3,B2_area,WIN_20240130_15_44_31_Pro_jpg.rf.fb8934c9c676e091b8e370be5521803f.jpg,,19,75,56
d3,B2_area,WIN_20240126_11_17_54_Pro_jpg.rf.f9a62c2278edaa99a7f57eb7e49151f2.jpg,,10,47,37
d3,B2_area,WIN_20240129_16_50_50_Pro_jpg.rf.f8ba1f2fa5997acf8d22896807ca6c8b.jpg,,19,28,9
d3,B2_area,WIN_20240131_11_04_23_Pro_jpg.rf.fc8cc0b9f8cd0fbe208670dc3ae183b3.jpg,,12,43,31
d3,B2_area,WIN_20240130_16_22_49_Pro_jpg.rf.fc0c3bd4ae86ac62869980c9de5df821.jpg,,13,46,33
d3,B2_area,WIN_20240129_17_47_09_Pro_jpg.rf.fc34fbde1b2356d5138ba7fbf9f57f0a.jpg,,14,61,47
d3,B2_area,WIN_20240129_11_19_36_Pro_jpg.rf.fc071bb883e7781511c6707756239d32.jpg,,17,51,34
d3,B2_area,WIN_20240129_16_40_06_Pro_jpg.rf.fbdeec7ad2d06eab24eb2315a218e101.jpg,,13,69,56
d3,B2_area,WIN_20240130_16_09_56_Pro_jpg.rf.ff2fd1b69e34ee0338794195e241c371.jpg,,18,24,6
d3,B2_area,WIN_20240126_11_24_40_Pro_jpg.rf.faf48b522c8f7121db047c6cda2fb159.jpg,,11,26,15
d3,B2_area,WIN_20240129_10_35_33_Pro_jpg.rf.fec9bcb40dedf4d0cbb9cae66a6a02d9.jpg,,13,24,11
d3,B2_area,WIN_20240202_12_15_02_Pro_jpg.rf.ff8dbd7676e536b5acd35d493863f7b7.jpg,,14,24,10
d3,B2_area,WIN_20240202_12_48_07_Pro_jpg.rf.fe0db3de3f6f5c14c96d222c420cb88f.jpg,,17,21,4
d3,B2_area,WIN_20240129_18_07_25_Pro_jpg.rf.fce2d3a86e3fcc1e41c4cfb80cdcb07f.jpg,,17,16,-1
d3,B2_area,WIN_20240126_11_18_24_Pro_jpg.rf.f7c802189b7cb9dacd8c5d58cc218939.jpg,,10,23,13
d3,B2_area,WIN_20240202_12_14_19_Pro_jpg.rf.fce1c9facaefb7fe5ca58cfe02cd6faa.jpg,,14,74,60
d3,B2_area,WIN_20240130_16_22_01_Pro_jpg.rf.fdc98eab0dc01c600cb2991b0aed570b.jpg,,14,30,16
d3,B2_area,WIN_20240202_12_11_06_Pro_jpg.rf.fdb0b57b490ea1aa82226da1948187d5.jpg,,13,20,7
d3,B2_area,WIN_20240130_15_56_19_Pro_jpg.rf.fe7a2d0866a583921a60749353620a57.jpg,,14,30,16
d3,B2_area,WIN_20240202_13_53_45_Pro_jpg.rf.ffb77e33ab62a616534b59d94dde7f42.jpg,,11,17,6
d3,B2_area,WIN_20240130_16_45_14_Pro_jpg.rf.fdc6011f7cd447eea4794f333aa0fdb9.jpg,,14,35,21
d3,B2_area,WIN_20240129_17_52_20_Pro_jpg.rf.320ae413d97fcbf28313a05745bcb8fa.jpg,,14,63,49
d3,B2_area,WIN_20240202_13_48_12_Pro_jpg.rf.355b546cabf43999eb2a67e3b2dc3788.jpg,,16,23,7
d3,B2_area,WIN_20240129_17_44_31_Pro_jpg.rf.3387a739585d27e50bc7c08addf966e9.jpg,,17,61,44
d3,B2_area,WIN_20240126_11_32_13_Pro_jpg.rf.345ca9061e287e822e30ab1a630c0aea.jpg,,12,19,7
d3,B2_area,WIN_20240129_10_51_23_Pro_jpg.rf.36ac671c1c96f603033573122b0ce75b.jpg,,14,24,10
d3,B2_area,WIN_20240130_15_59_17_Pro_jpg.rf.343fca61d6b7cd9c2480de46a22c2a70.jpg,,12,15,3
d3,B2_area,WIN_20240202_12_05_22_Pro_jpg.rf.35a4e7ddedbfefe77b0477a12f18e22d.jpg,,13,18,5
d3,B2_area,WIN_20240126_14_39_29_Pro_jpg.rf.3727947deb78dc55bcddb616ad5a0ebf.jpg,,16,47,31
d3,B2_area,WIN_20240202_13_48_42_Pro_jpg.rf.36d610495f43498150b412ca6a76e4b5.jpg,,16,20,4
d3,B2_area,WIN_20240130_16_27_40_Pro_jpg.rf.3225155397432b15a888da2fbea6aca0.jpg,,13,30,17
d3,B2_area,WIN_20240126_11_48_08_Pro_jpg.rf.321a012baad91cb6476a211ba50fa4dc.jpg,,16,20,4
d3,B2_area,WIN_20240129_18_07_56_Pro_jpg.rf.327f7d04c1ac5290bc9ad852875480e2.jpg,,14,36,22
d3,B2_area,WIN_20240130_15_46_10_Pro_jpg.rf.320b097b6f4bb8cf620d5ff9f2032ee9.jpg,,15,24,9
d3,B2_area,WIN_20240202_11_56_51_Pro_jpg.rf.3804c1256edf98ccb3071e5c877fb44c.jpg,,12,11,-1
d3,B2_area,WIN_20240127_14_01_22_Pro_jpg.rf.36165435850e87625cc1910e2aa4d36a.jpg,,13,19,6
d3,B2_area,WIN_20240126_14_02_22_Pro_jpg.rf.39662d9dabb614f4c53dc3ec7c231c71.jpg,,13,17,4
d3,B2_area,WIN_20240126_11_44_00_Pro_jpg.rf.3252d867f41ce70e9a2aacbcbdf72a33.jpg,,16,22,6
d3,B2_area,WIN_20240129_10_19_31_Pro_jpg.rf.3a25f797eb8058f7170eff55e181a575.jpg,,14,52,38
d3,B2_area,WIN_20240202_13_36_57_Pro_jpg.rf.3c7e263e386e1e50ac3f3e815cd2a2fe.jpg,,17,54,37
d3,B2_area,WIN_20240129_10_26_17_Pro_jpg.rf.3b9fabd4ea8083e4d399bff8e893523c.jpg,,14,26,12
d3,B2_area,WIN_20240129_18_03_41_Pro_jpg.rf.3894c9c2e6d675e116aa535f7d9a2752.jpg,,14,27,13
d3,B2_area,WIN_20240126_14_06_12_Pro_jpg.rf.3dcaf4ca5c49029d60546dbca1ace8d2.jpg,,15,53,38
d3,B2_area,WIN_20240126_13_59_41_Pro_jpg.rf.3c9ec2a569323261fee68424fdf09743.jpg,,13,39,26
d3,B2_area,WIN_20240130_16_31_45_Pro_jpg.rf.3f155ea858ca875d4d59ba1f96df4e8a.jpg,,14,17,3
d3,B2_area,WIN_20240201_15_01_45_Pro_jpg.rf.3d8925aaf6af6f9cd7fc4907f09d53f8.jpg,,14,64,50
d3,B2_area,WIN_20240202_12_34_24_Pro_jpg.rf.3ce65ab8c920f72a5abd4b332b4fab38.jpg,,17,22,5
d3,B2_area,WIN_20240129_10_56_33_Pro_jpg.rf.3acdb36964ea5ec05a4ddf365641bb95.jpg,,12,28,16
d3,B2_area,WIN_20240202_13_38_13_Pro_jpg.rf.3ddae99e53547d55998ec48f9d268ffb.jpg,,13,14,1
d3,B2_area,WIN_20240126_11_32_47_Pro_jpg.rf.3d2b5a0cf18226d4550a0cd59668b085.jpg,,10,14,4
d3,B2_area,WIN_20240129_18_23_58_Pro_jpg.rf.3b51f84f2bff1744a4a68523a568d149.jpg,,15,43,28
d3,B2_area,WIN_20240129_11_27_22_Pro_jpg.rf.40044b626623619c5485a62859d2fc1b.jpg,,12,14,2
d3,B2_area,WIN_20240130_15_36_53_Pro_jpg.rf.3c19c0706d781e87edf60b0001f1d8c6.jpg,,17,72,55
d3,B2_area,WIN_20240202_11_52_17_Pro_jpg.rf.3af79db71efcde11e8f4ffd817ff132b.jpg,,12,64,52
d3,B2_area,WIN_20240129_16_49_55_Pro_jpg.rf.3f3740c23bc31757d8250773e7413a30.jpg,,18,68,50
d3,B2_area,WIN_20240129_18_13_15_Pro_jpg.rf.3f0f82b73f3d4cc0399c25dd1564741b.jpg,,15,20,5
d3,B2_area,WIN_20240126_14_27_23_Pro_jpg.rf.3c75ae12f3f31e8efe6b6da4fa6283b3.jpg,,13,62,49
d3,B2_area,WIN_20240131_11_02_04_Pro_jpg.rf.39ae1f5b7e9e9dce13c81c40918e1fb9.jpg,,14,25,11
d3,B2_area,WIN_20240126_11_23_03_Pro_jpg.rf.411e01d1929ceff84d47a9344ffdbee8.jpg,,10,11,1
d3,B2_area,WIN_20240130_16_24_52_Pro_jpg.rf.41102f04a2532387760bf5ea7e665c21.jpg,,13,19,6
d3,B2_area,WIN_20240129_18_34_48_Pro_jpg.rf.414bba05ba6eff8632390f78d22f9af3.jpg,,16,42,26
d3,B2_area,WIN_20240130_15_55_38_Pro_jpg.rf.4005cc3c25b63fd05a8c610203ce6989.jpg,,13,70,57
d3,B2_area,WIN_20240131_11_25_54_Pro_jpg.rf.4208c18c5fe49badca52992e404d2f34.jpg,,11,26,15
d3,B2_area,WIN_20240127_13_59_22_Pro_jpg.rf.406c35748e046494864bcb6650d904a5.jpg,,16,35,19
d3,B2_area,WIN_20240126_11_33_55_Pro_jpg.rf.42501a57e81e1485e2db74fd0890aa57.jpg,,10,47,37
d3,B2_area,WIN_20240129_10_55_03_Pro_jpg.rf.414f65d02dbcd8282a12a9e1d6c6e5bb.jpg,,16,25,9
d3,B2_area,WIN_20240129_10_58_32_Pro_jpg.rf.436eaca96d44db6eef73c65b04fca909.jpg,,17,47,30
d3,B2_area,WIN_20240129_16_45_02_Pro_jpg.rf.42da2af13efb43a6eb772245693bf32a.jpg,,15,50,35
d3,B2_area,WIN_20240126_11_30_29_Pro_jpg.rf.437d565c6a390b9d773c66efdd766623.jpg,,14,19,5
d3,B2_area,WIN_20240201_15_05_15_Pro_jpg.rf.41bd2eaa3ead195b0270c969c23e995c.jpg,,19,54,35
d3,B2_area,WIN_20240129_11_24_02_Pro_jpg.rf.43ba822244f4d9ea56d60702bfa2e3b9.jpg,,16,31,15
d3,B2_area,WIN_20240202_12_17_22_Pro_jpg.rf.4058c86f6c3911a3194f86b50312d3ba.jpg,,15,18,3
d3,B2_area,WIN_20240126_11_31_40_Pro_jpg.rf.43a501fdb37eb9643b56b017d3b41784.jpg,,12,43,31
d3,B2_area,WIN_20240202_12_59_12_Pro_jpg.rf.42224ee8e44e17bb355e0c85c022032f.jpg,,13,29,16
d3,B2_area,WIN_20240202_13_11_37_Pro_jpg.rf.42e2ec994f840a7481f4d1ab5c741234.jpg,,18,37,19
d3,B2_area,WIN_20240201_15_04_14_Pro_jpg.rf.44456d6b2689d4e5629e5e64c526649e.jpg,,13,43,30
d3,B2_area,WIN_20240129_10_14_26_Pro_jpg.rf.445877753176976e192ae7593c0f2978.jpg,,17,25,8
d3,B2_area,WIN_20240126_14_48_19_Pro_jpg.rf.4a2a24b179a3f8d05cf8e2f96fb904e4.jpg,,15,19,4
d3,B2_area,WIN_20240129_10_43_46_Pro_jpg.rf.445fd45d94dcb48b99028539fc7a2c10.jpg,,13,30,17
d3,B2_area,WIN_20240130_16_12_40_Pro_jpg.rf.4705e142e81fd0256821bd0c3f919f81.jpg,,15,34,19
d3,B2_area,WIN_20240130_16_57_04_Pro_jpg.rf.474e1cd060928c159591aa731c218bd8.jpg,,13,35,22
d3,B2_area,WIN_20240126_11_21_14_Pro_jpg.rf.44f0d226131bf87e2447b614e785850a.jpg,,10,12,2
d3,B2_area,WIN_20240202_11_55_32_Pro_jpg.rf.47e256590609a764b0433ec29b5356ce.jpg,,12,52,40
d3,B2_area,WIN_20240129_11_32_42_Pro_jpg.rf.464f13ad7c1bfa2f54662d16573a9500.jpg,,17,16,-1
d3,B2_area,WIN_20240126_11_36_23_Pro_jpg.rf.417a61c3e3c32a8e510594b69d238aa1.jpg,,10,20,10
d3,B2_area,WIN_20240202_12_26_46_Pro_jpg.rf.4c2f215f4cedf5cb16ed898296d7797a.jpg,,15,31,16
d3,B2_area,WIN_20240202_14_03_55_Pro_jpg.rf.4a6d6dcfde76473af82d30656056aba3.jpg,,15,17,2
d3,B2_area,WIN_20240126_11_47_28_Pro_jpg.rf.4ac510e402753739715241a9b9c9e4a7.jpg,,14,30,16
d3,B2_area,WIN_20240126_14_42_39_Pro_jpg.rf.4c1708d1f6e3d1583d0e2d5b0c884953.jpg,,15,19,4
d3,B2_area,WIN_20240202_11_50_07_Pro_jpg.rf.4d1539522adc939fb51793c68b6a22eb.jpg,,14,30,16
d3,B2_area,WIN_20240126_11_51_20_Pro_jpg.rf.4a15e040f4dc58d57016a7f2e92dd43f.jpg,,12,16,4
d3,B2_area,WIN_20240126_11_41_24_Pro_jpg.rf.4df07d2d2285435927cdbbd86aeaa685.jpg,,15,24,9
d3,B2_area,WIN_20240126_14_06_43_Pro_jpg.rf.4d05ee8c0e2792c3cc63ff2477f15b1a.jpg,,15,50,35
d3,B2_area,WIN_20240130_16_52_15_Pro_jpg.rf.4d19f3a3f79beb51e814ab26810e970d.jpg,,14,20,6
d3,B2_area,WIN_20240130_16_56_01_Pro_jpg.rf.4713f051c723fbecd5080321c6fea461.jpg,,13,36,23
d3,B2_area,WIN_20240202_12_08_16_Pro_jpg.rf.4e6bb42821972d8908809c0610d56ae6.jpg,,12,15,3
d3,B2_area,WIN_20240129_11_09_19_Pro_jpg.rf.4ebee8e368f2fb94facb1364d7fe932c.jpg,,15,16,1
d3,B2_area,WIN_20240130_16_41_56_Pro_jpg.rf.4e2e453f78b7f07f28f12fdbb29d506d.jpg,,13,70,57
d3,B2_area,WIN_20240202_13_17_39_Pro_jpg.rf.4ef730e0b4cadc2a985c675a34c03120.jpg,,14,49,35
d3,B2_area,WIN_20240130_16_53_09_Pro_jpg.rf.4ea4b3e211842c099bac687fff89cf71.jpg,,12,15,3
d3,B2_area,WIN_20240202_13_20_40_Pro_jpg.rf.4810f1128dc2bb8fc9d311b9512969b5.jpg,,18,32,14
d3,B2_area,WIN_20240129_10_49_13_Pro_jpg.rf.527020603388449407e49fa9891aefc7.jpg,,16,38,22
d3,B2_area,WIN_20240129_11_16_48_Pro_jpg.rf.52cef322e1febe699db508a4bfbaf660.jpg,,14,15,1
d3,B2_area,WIN_20240129_11_35_15_Pro_jpg.rf.50d029b57aafc92af6d5e2217bbbdeec.jpg,,17,20,3
d3,B2_area,WIN_20240129_17_51_30_Pro_jpg.rf.521bcf8157807ee0ab9603afce51fd30.jpg,,18,54,36
d3,B2_area,WIN_20240202_13_59_27_Pro_jpg.rf.53039310194e95821491c246fc5c923f.jpg,,14,13,-1
d3,B2_area,WIN_20240129_18_06_43_Pro_jpg.rf.4ee9fe246fa41ba10fb8ed954bffa405.jpg,,15,28,13
d3,B2_area,WIN_20240126_11_33_13_Pro_jpg.rf.52062c50934c7e419f915c18108f2d04.jpg,,11,37,26
d3,B2_area,WIN_20240202_12_57_18_Pro_jpg.rf.5277a3c2228851bb6d024af37b611098.jpg,,14,31,17
d3,B2_area,WIN_20240202_12_22_37_Pro_jpg.rf.54e105a0580f61ae6ce979433208aaf5.jpg,,17,24,7
d3,B2_area,WIN_20240130_16_08_17_Pro_jpg.rf.5360a38a65150926f5abd85d2fc8555f.jpg,,15,77,62
d3,B2_area,WIN_20240129_11_20_17_Pro_jpg.rf.55a1347e40b51726b491e8be7c8c1b72.jpg,,16,20,4
d3,B2_area,WIN_20240129_10_34_22_Pro_jpg.rf.57dfe8be3efa6f226116424bc7603e60.jpg,,14,66,52
d3,B2_area,WIN_20240129_16_55_01_Pro_jpg.rf.53baeabdb09705569e7d942722d5964c.jpg,,17,50,33
d3,B2_area,WIN_20240130_16_54_32_Pro_jpg.rf.55509111c1bd90cbea3a725ac77e7af7.jpg,,14,28,14
d3,B2_area,WIN_20240129_17_53_55_Pro_jpg.rf.5962868a84df0f507203f1162fa86d6d.jpg,,13,67,54
d3,B2_area,WIN_20240130_16_18_39_Pro_jpg.rf.5433fd811deecabb18029f952e058acb.jpg,,15,38,23
d3,B2_area,WIN_20240126_14_04_22_Pro_jpg.rf.585709c2251dae8d4119de171206f56a.jpg,,13,17,4
d3,B2_area,WIN_20240202_13_40_27_Pro_jpg.rf.589ff581d9d41e690b95c4cbc520fc05.jpg,,16,18,2
d3,B2_area,WIN_20240126_14_13_58_Pro_jpg.rf.5499ea7e37bba31056d0d45c796b4bbd.jpg,,17,24,7
d3,B2_area,WIN_20240129_18_32_21_Pro_jpg.rf.58adcf0d6803b9c57020089717df5198.jpg,,19,73,54
d3,B2_area,WIN_20240129_16_52_29_Pro_jpg.rf.521391635b21813a6def6492cd707376.jpg,,11,15,4
d3,B2_area,WIN_20240129_11_30_36_Pro_jpg.rf.58ea1ada47ffb929c2683016d7641133.jpg,,17,34,17
d3,B2_area,WIN_20240131_11_17_06_Pro_jpg.rf.5a72f504c334907e8ccc834669ce65ac.jpg,,12,19,7
d3,B2_area,WIN_20240130_15_52_32_Pro_jpg.rf.5b665f9bb0f140e21118f2f3de8d8c7d.jpg,,16,22,6
d3,B2_area,WIN_20240131_10_55_02_Pro_jpg.rf.5d1419ff4697e04a70f11cd8b5bc3a6e.jpg,,15,28,13
d3,B2_area,WIN_20240202_13_13_44_Pro_jpg.rf.5b669f75c45b247f5797519b2c4ab4a9.jpg,,15,54,39
d3,B2_area,WIN_20240129_10_28_59_Pro_jpg.rf.5c4fcfb79c80ab3b03d9a5e4ed704d5a.jpg,,16,40,24
d3,B2_area,WIN_20240127_14_01_48_Pro_jpg.rf.60fd37839aeb3b5ce4687b2d51ff079b.jpg,,15,45,30
d3,B2_area,WIN_20240129_11_06_55_Pro_jpg.rf.5e5fec26b4865629574c79a84b855a76.jpg,,15,15,0
d3,B2_area,WIN_20240129_11_32_12_Pro_jpg.rf.60331de47e1bcee3c395cf07b4c8e2ea.jpg,,15,68,53
d3,B2_area,WIN_20240202_11_50_55_Pro_jpg.rf.61d277d7784ab604d0dd1385a24b2ba1.jpg,,13,16,3
d3,B2_area,WIN_20240131_11_14_25_Pro_jpg.rf.606037e07bc301e2a139f85b6cda01c8.jpg,,12,11,-1
d3,B2_area,WIN_20240130_16_28_31_Pro_jpg.rf.5ee74c7495a3cb3cad96fff51585c3bf.jpg,,13,71,58
d3,B2_area,WIN_20240129_17_03_10_Pro_jpg.rf.62dbc3d49354b1e820b88eeac587e0a8.jpg,,15,60,45
d3,B2_area,WIN_20240129_11_04_36_Pro_jpg.rf.62b1803fb9dfcf9083fda6c7170f362c.jpg,,14,37,23
d3,B2_area,WIN_20240131_10_58_14_Pro_jpg.rf.62c94ec75c97d7def9a726cce0d50ae9.jpg,,14,28,14
d3,B2_area,WIN_20240129_10_23_17_Pro_jpg.rf.61b0a7a6a091aed9dbbcf893f41a4632.jpg,,13,15,2
d3,B2_area,WIN_20240129_17_04_48_Pro_jpg.rf.58dbd04b46d16fb5f81a5a1d0dd94808.jpg,,18,19,1
d3,B2_area,WIN_20240126_14_35_05_Pro_jpg.rf.6057971e8d5bdbb710b627482b7d19a8.jpg,,15,22,7
d3,B2_area,WIN_20240129_11_39_16_Pro_jpg.rf.62c64a7ecebd450b6e10df421e783fd6.jpg,,16,21,5
d3,B2_area,WIN_20240129_11_29_58_Pro_jpg.rf.631e6d8c8c73fd97f8566f049c40e55b.jpg,,15,6,-9
d3,B2_area,WIN_20240129_17_03_57_Pro_jpg.rf.6201a15314182ba92ffee4192b80ec3a.jpg,,16,44,28
d3,B2_area,WIN_20240129_11_37_16_Pro_jpg.rf.63cb7f316886473e333339c72b2e8c7b.jpg,,15,19,4
d3,B2_area,WIN_20240202_12_43_17_Pro_jpg.rf.615a1b21d6e0e5526bd7ee139e064c1c.jpg,,13,19,6
d3,B2_area,WIN_20240202_13_46_11_Pro_jpg.rf.62dc1b606d74f1574842a063cb2cfb0d.jpg,,18,21,3
d3,B2_area,WIN_20240202_12_08_51_Pro_jpg.rf.6616a0dc11f1d7badde5c154bc60393f.jpg,,15,15,0
d3,B2_area,WIN_20240131_11_23_09_Pro_jpg.rf.66ebc2ced1666ac8636e31b69a5ac10d.jpg,,10,30,20
d3,B2_area,WIN_20240129_16_49_22_Pro_jpg.rf.661c9233969276f4776b52744720cd28.jpg,,14,22,8
d3,B2_area,WIN_20240129_11_27_53_Pro_jpg.rf.697e118c8d6f7c1afa24efa9ce41cd23.jpg,,15,16,1
d3,B2_area,WIN_20240131_11_28_43_Pro_jpg.rf.698bdd28eb50efd660f998a5ce781ff3.jpg,,11,50,39
d3,B2_area,WIN_20240126_12_03_33_Pro_jpg.rf.6b0b6eee0b6563aa6e2ae89cd1527148.jpg,,12,17,5
d3,B2_area,WIN_20240130_15_47_44_Pro_jpg.rf.62e9617f63069b6d0c57d3aa830c73a8.jpg,,18,68,50
d3,B2_area,WIN_20240129_11_20_41_Pro_jpg.rf.695091c30f847406645d0be0867e86e1.jpg,,15,22,7
d3,B2_area,WIN_20240131_10_59_21_Pro_jpg.rf.6890229c592d8cec631fa34143a91870.jpg,,14,60,46
d3,B2_area,WIN_20240130_16_04_10_Pro_jpg.rf.64f3d7463da18ea62393fc53e725bf6f.jpg,,14,40,26
d3,B2_area,WIN_20240126_14_47_35_Pro_jpg.rf.683819ad6af2c7d24bf59aeb7f728846.jpg,,14,16,2
d3,B2_area,WIN_20240129_11_26_09_Pro_jpg.rf.6a9c3019af2c127f41ce7f6520f9aead.jpg,,15,17,2
d3,B2_area,WIN_20240131_11_15_29_Pro_jpg.rf.6d25728137c891405f31a7c703988f45.jpg,,13,24,11
d3,B2_area,WIN_20240129_10_46_56_Pro_jpg.rf.69baac9c2a52b246f58fffe009fb9698.jpg,,15,50,35
d3,B2_area,WIN_20240129_11_17_45_Pro_jpg.rf.69834591e170e362770518b0114dd78d.jpg,,13,62,49
d3,B2_area,WIN_20240130_15_35_36_Pro_jpg.rf.6d2d1ddd3c52f5caa970aed95ed9acbe.jpg,,19,41,22
d3,B2_area,WIN_20240202_13_13_07_Pro_jpg.rf.6d27de4aedc8495a7286315a5238b58a.jpg,,13,40,27
d3,B2_area,WIN_20240129_10_21_40_Pro_jpg.rf.6c32a9234b28b53e1834b4d29aad0127.jpg,,13,29,16
d3,B2_area,WIN_20240127_13_45_20_Pro_jpg.rf.6d9ee628a7a4bd98283f5abdb85bfd67.jpg,,4,38,34
d3,B2_area,WIN_20240126_14_03_11_Pro_jpg.rf.6d67b04c02ddbab1e6562fb099fc97d4.jpg,,11,32,21
d3,B2_area,WIN_20240129_18_35_52_Pro_jpg.rf.6ea1cbccd58663b871c1480b39bfae61.jpg,,14,37,23
d3,B2_area,WIN_20240129_11_37_45_Pro_jpg.rf.6ff969519c47d1bde3d488f0b1cadd5b.jpg,,14,21,7
d3,B2_area,WIN_20240126_13_54_02_Pro_jpg.rf.6f729ff0362bd5b3cb427db50c3fccb5.jpg,,12,43,31
d3,B2_area,WIN_20240129_10_45_20_Pro_jpg.rf.72ccb4185601876108af1766721936a5.jpg,,15,27,12
d3,B2_area,WIN_20240126_11_22_27_Pro_jpg.rf.71b7c193b718365e6004e7cba637c6c6.jpg,,11,28,17
d3,B2_area,WIN_20240202_12_51_02_Pro_jpg.rf.720f9aaf5401445d610b3bcf4776d308.jpg,,14,27,13
d3,B2_area,WIN_20240130_16_06_23_Pro_jpg.rf.737690dd5415723f9388f64449ca3f17.jpg,,16,18,2
d3,B2_area,WIN_20240129_11_29_04_Pro_jpg.rf.731d514f69eb277dcbdd541921c1c04e.jpg,,19,27,8
d3,B2_area,WIN_20240126_12_12_16_Pro_jpg.rf.6e297730ed0e8e8706788711537def03.jpg,,12,33,21
d3,B2_area,WIN_20240129_10_50_14_Pro_jpg.rf.761a9d9043521638e850f9eabaa88653.jpg,,17,18,1
d3,B2_area,WIN_20240126_14_41_41_Pro_jpg.rf.738b78acacb5e4965aa74ba60b5ee260.jpg,,17,23,6
d3,B2_area,WIN_20240129_18_01_54_Pro_jpg.rf.743f6b905ee4597000cc958e76836e24.jpg,,14,34,20
d3,B2_area,WIN_20240129_16_48_26_Pro_jpg.rf.73d300bcc5afff6f04f103e45e0b5e93.jpg,,16,17,1
d3,B2_area,WIN_20240126_12_04_05_Pro_jpg.rf.77e7b86dbfe74d78a204d3ba15f635aa.jpg,,15,22,7
d3,B2_area,WIN_20240202_13_47_26_Pro_jpg.rf.7869c01c82a3f49651d3ca42e66a625b.jpg,,14,18,4
d3,B2_area,WIN_20240129_17_55_09_Pro_jpg.rf.7af7552d55eae0a943ad6dec82e871c4.jpg,,13,52,39
d3,B2_area,WIN_20240126_14_29_56_Pro_jpg.rf.7a59c25384e339f0c519b90ec0447d1e.jpg,,16,25,9
d3,B2_area,WIN_20240202_12_33_33_Pro_jpg.rf.774a3545faf7d690232c653f94e3b103.jpg,,15,37,22
d3,B2_area,WIN_20240126_14_12_57_Pro_jpg.rf.737dc38cba73a724fdf0e5c8f1e8d268.jpg,,14,18,4
d3,B2_area,WIN_20240129_17_45_55_Pro_jpg.rf.7ae2c5e2a4608c2f3b24a38866b89ee8.jpg,,15,40,25
d3,B2_area,WIN_20240126_12_06_49_Pro_jpg.rf.793cb0e02d0290da970bb97190e1cf41.jpg,,15,56,41
d3,B2_area,WIN_20240126_11_49_04_Pro_jpg.rf.7b02f6b55565d30186042ff7ef580fb7.jpg,,12,20,8
d3,B2_area,WIN_20240129_10_52_11_Pro_jpg.rf.6f5d079a69e2e7cb6661f4567980ecd2.jpg,,17,22,5
d3,B2_area,WIN_20240129_16_45_39_Pro_jpg.rf.7821a8d2d9eb33fc8d11afaffbf6c755.jpg,,12,27,15
d3,B2_area,WIN_20240129_17_01_04_Pro_jpg.rf.7ab9b7f6828be528aa0cfa14fbcf6aa9.jpg,,13,36,23
d3,B2_area,WIN_20240129_11_31_32_Pro_jpg.rf.7b98789b41531d6af0c80658ca9ca69a.jpg,,16,42,26
d3,B2_area,WIN_20240129_16_54_05_Pro_jpg.rf.7c29fb4b8fd31bb99e07e1791ac0dfca.jpg,,15,13,-2
d3,B2_area,WIN_20240130_16_10_59_Pro_jpg.rf.7b468dce85f0aa237216d3c66882da7e.jpg,,15,38,23
d3,B2_area,WIN_20240131_11_32_18_Pro_jpg.rf.7bc207ba8375da73941e0b495ec4a5e5.jpg,,13,36,23
d3,B2_area,WIN_20240202_12_50_22_Pro_jpg.rf.7b04f3c6c3cf469bf9cfab26e2a54db2.jpg,,15,17,2
d3,B2_area,WIN_20240129_10_37_35_Pro_jpg.rf.7c8b4ed172d31f5e143fa7509b29e467.jpg,,15,16,1
d3,B2_area,WIN_20240129_18_08_29_Pro_jpg.rf.81535be7d8673299ce8db2022dc51c2a.jpg,,13,19,6
d3,B2_area,WIN_20240126_14_00_50_Pro_jpg.rf.81a913a5be7e3f7960b009d5b9948fa3.jpg,,13,19,6
d3,B2_area,WIN_20240201_15_06_57_Pro_jpg.rf.7c93328e926f5e91be13ac044ef7ae3c.jpg,,16,61,45
d3,B2_area,WIN_20240129_11_36_48_Pro_jpg.rf.8283fc504b440770706462179c2daca9.jpg,,14,18,4
d3,B2_area,WIN_20240130_16_58_10_Pro_jpg.rf.83b2b96fc5c37c5e051aafa9a6698b0e.jpg,,12,13,1
d3,B2_area,WIN_20240129_17_01_42_Pro_jpg.rf.7c55929ec48ba852b9474d1b760b8546.jpg,,15,22,7
d3,B2_area,WIN_20240127_13_59_46_Pro_jpg.rf.7c324a48a7c23af504b4e4b68515470b.jpg,,16,25,9
d3,B2_area,WIN_20240126_13_55_58_Pro_jpg.rf.7e2da0db4aad3f3e6d8cf8c4bad7251d.jpg,,12,23,11
d3,B2_area,WIN_20240126_11_28_09_Pro_jpg.rf.84a0724a1a2fab5f7dd80af0bcb30f49.jpg,,11,25,14
d3,B2_area,WIN_20240129_17_47_45_Pro_jpg.rf.7f0ec642b6b859d9e2aa952d411c136a.jpg,,15,27,12
d3,B2_area,WIN_20240127_13_43_57_Pro_jpg.rf.7f0f8a10231dec2c4a87a597e267b03b.jpg,,12,51,39
d3,B2_area,WIN_20240129_16_58_25_Pro_jpg.rf.7ce4e0013add42ee1befb9a9d04cab3f.jpg,,13,12,-1
d3,B2_area,WIN_20240129_10_20_54_Pro_jpg.rf.84d880d9c0e5b608f68e43d0e4c01c5b.jpg,,13,20,7
d3,B2_area,WIN_20240202_13_10_51_Pro_jpg.rf.8552b709865648e0d2707f04c40a16bd.jpg,,14,17,3
d3,B2_area,WIN_20240202_13_39_53_Pro_jpg.rf.88191dfb280c238481a423d1be62dc9a.jpg,,19,20,1
d3,B2_area,WIN_20240129_16_47_59_Pro_jpg.rf.85a5e39b4421512ed2d80f2704cf4dfa.jpg,,15,31,16
d3,B2_area,WIN_20240126_14_17_43_Pro_jpg.rf.8967172f1b064fcc9399a3f546920dc2.jpg,,13,57,44
d3,B2_area,WIN_20240130_16_16_50_Pro_jpg.rf.889f595ed769b0a344cd1d07340ac4c5.jpg,,13,56,43
d3,B2_area,WIN_20240129_16_46_18_Pro_jpg.rf.8597544e98d3575144abaa60e968b790.jpg,,15,17,2
d3,B2_area,WIN_20240126_11_16_25_Pro_jpg.rf.86c48a92f863237fa98c015e93960cf5.jpg,,11,20,9
d3,B2_area,WIN_20240126_11_27_31_Pro_jpg.rf.8b5eb28e7cd63da56b3a9befcf6852b0.jpg,,13,20,7
d3,B2_area,WIN_20240129_17_49_12_Pro_jpg.rf.89ff58d4cc1d7c1a2d30c20b34b4d17a.jpg,,18,40,22
d3,B2_area,WIN_20240129_16_42_57_Pro_jpg.rf.879444b9bb20302d551711a97aeb640c.jpg,,15,55,40
d3,B2_area,WIN_20240202_12_18_39_Pro_jpg.rf.8caa0610e3682f33d55cf434b9a19796.jpg,,17,21,4
d3,B2_area,WIN_20240129_11_21_08_Pro_jpg.rf.8c1b9d86b1e16604d809442e66cd47f3.jpg,,15,25,10
d3,B2_area,WIN_20240127_13_58_25_Pro_jpg.rf.8f86838e002a11ec51bd8e69222acdc9.jpg,,14,28,14
d3,B2_area,WIN_20240129_11_12_54_Pro_jpg.rf.8e84120daa6e1842e71a340bff254cd8.jpg,,17,21,4
d3,B2_area,WIN_20240202_13_12_37_Pro_jpg.rf.8ff83acf9f75125234a0f60756ff0bc0.jpg,,13,53,40
d3,B2_area,WIN_20240129_18_16_21_Pro_jpg.rf.8df51bbb632941b24cc917221e53fe3a.jpg,,17,33,16
d3,B2_area,WIN_20240129_11_17_15_Pro_jpg.rf.906dac8ffb96dc0ef4108cff45389360.jpg,,15,24,9
d3,B2_area,WIN_20240130_15_48_39_Pro_jpg.rf.90153f9ee9d570368a71a58a6be1fcce.jpg,,16,45,29
d3,B2_area,WIN_20240202_13_42_14_Pro_jpg.rf.8d96e8faac5a69e37d5c4d629c6aad2b.jpg,,14,33,19
d3,B2_area,WIN_20240126_12_14_37_Pro_jpg.rf.8e3c0786ac8fc1621f2c6ceba00205e5.jpg,,17,20,3
d3,B2_area,WIN_20240126_11_13_58_Pro_jpg.rf.8c256cf9cf05e964fbef3144e0771b05.jpg,,10,32,22
d3,B2_area,WIN_20240126_14_53_37_Pro_jpg.rf.925d096c1d52e48badbb7bcfaf0efc6a.jpg,,10,10,0
d3,B2_area,WIN_20240202_12_11_42_Pro_jpg.rf.91e9b50438d5b44e7f9a511dedc2265b.jpg,,14,25,11
d3,B2_area,WIN_20240202_11_52_45_Pro_jpg.rf.94b2a11fef5edea0c7eca6376a5f2320.jpg,,14,19,5
d3,B2_area,WIN_20240129_11_02_40_Pro_jpg.rf.945405099d1075d5ad07194e63a41226.jpg,,16,20,4
d3,B2_area,WIN_20240129_11_34_07_Pro_jpg.rf.9314a5ff2d7c8da364ffd04fad4270dd.jpg,,14,18,4
d3,B2_area,WIN_20240129_16_46_59_Pro_jpg.rf.95d5fd8bb1cd94b6e8e759df8e0c5c6f.jpg,,16,44,28
d3,B2_area,WIN_20240202_13_04_14_Pro_jpg.rf.958b2b67defb8a839cfaf1b85abca176.jpg,,12,13,1
d3,B2_area,WIN_20240130_16_19_13_Pro_jpg.rf.9509b479d37b1342167890edc986f562.jpg,,16,26,10
d3,B2_area,WIN_20240202_13_45_31_Pro_jpg.rf.95a90d7f96a4fb4eaf24ac5b131fd450.jpg,,16,40,24
d3,B2_area,WIN_20240126_11_49_48_Pro_jpg.rf.96f75124cbd7b05d90759f1ec9f7e60d.jpg,,13,31,18
d3,B2_area,WIN_20240202_13_15_41_Pro_jpg.rf.95936b9b306a1a2730decb1440d81881.jpg,,19,21,2
d3,B2_area,WIN_20240129_10_57_23_Pro_jpg.rf.9690bde24b36ecc771f794939418f407.jpg,,18,62,44
d3,B2_area,WIN_20240201_15_10_08_Pro_jpg.rf.954ee9faae9a7cb53750b1bf34096f73.jpg,,15,34,19
d3,B2_area,WIN_20240129_18_09_38_Pro_jpg.rf.95e883b4e9b091fc757dbc0752965133.jpg,,14,25,11
d3,B2_area,WIN_20240129_18_34_06_Pro_jpg.rf.994216dfa3f1be74fea80165746f75d8.jpg,,18,67,49
d3,B2_area,WIN_20240202_12_49_52_Pro_jpg.rf.9c4c5a6249fa1c5e684985b086164401.jpg,,13,18,5
d3,B2_area,WIN_20240201_15_08_44_Pro_jpg.rf.9a9b13f998e4e65e63428a3776171592.jpg,,12,27,15
d3,B2_area,WIN_20240127_13_54_57_Pro_jpg.rf.984207e9047767b064babf8ca3f319ad.jpg,,15,24,9
d3,B2_area,WIN_20240131_10_55_47_Pro_jpg.rf.9d28fa84b9e7667e52a8aed10b9da49d.jpg,,14,31,17
d3,B2_area,WIN_20240126_12_12_57_Pro_jpg.rf.9cb05b39df8e8ff5e3c07a344f698d94.jpg,,16,72,56
d3,B2_area,WIN_20240202_12_32_24_Pro_jpg.rf.9bc13fddc6a5ecbda6cac73d9d826e85.jpg,,14,15,1
d3,B2_area,WIN_20240131_11_08_18_Pro_jpg.rf.9c946548a3fa4eb6b483417faceb9170.jpg,,13,35,22
d3,B2_area,WIN_20240129_18_04_33_Pro_jpg.rf.9883eca333459f1a8017582757e2e645.jpg,,14,57,43
d3,B2_area,WIN_20240127_13_44_34_Pro_jpg.rf.9ca915916cd745c2491cdc3ec348e037.jpg,,11,29,18
d3,B2_area,WIN_20240131_11_25_16_Pro_jpg.rf.9c4c390173186e8b302c4f894529a63a.jpg,,13,16,3
d3,B2_area,WIN_20240126_11_24_00_Pro_jpg.rf.9e8e00d36a36128c44010c85db8072b5.jpg,,10,20,10
d3,B2_area,WIN_20240127_13_52_39_Pro_jpg.rf.9b033ec7900fab8e08e8e7d3a82d62da.jpg,,16,26,10
d3,B2_area,WIN_20240126_13_35_30_Pro_jpg.rf.9eb3312a9468ec060d673ce1dd0cf970.jpg,,15,16,1
d3,B2_area,WIN_20240131_11_30_58_Pro_jpg.rf.a01776502d1fe3d889485f92b3f7469f.jpg,,10,23,13
d3,B2_area,WIN_20240131_11_24_33_Pro_jpg.rf.99847bcd2e2066b4f296c57075e10f15.jpg,,13,26,13
d3,B2_area,WIN_20240129_11_08_08_Pro_jpg.rf.9f29f02a478400855467e21b806b7767.jpg,,15,30,15
d3,B2_area,WIN_20240126_14_40_50_Pro_jpg.rf.9ee2e0a3516e35d31a52bc04d16f38b1.jpg,,14,67,53
d3,B2_area,WIN_20240131_11_06_19_Pro_jpg.rf.a132e55755064b8e77867870c1a6dfc6.jpg,,15,45,30
d3,B2_area,WIN_20240126_11_51_54_Pro_jpg.rf.a08f2f75e70a5516d1b77ee695a8138a.jpg,,13,17,4
d3,B2_area,WIN_20240129_16_55_57_Pro_jpg.rf.9f619ded33c906a2778175f36facf9ee.jpg,,15,41,26
d3,B2_area,WIN_20240127_13_48_39_Pro_jpg.rf.a343f4b84ed4f516b5957600528622b4.jpg,,14,56,42
d3,B2_area,WIN_20240201_15_06_05_Pro_jpg.rf.ac06829cc10cb77d434d545b70460300.jpg,,14,43,29
d3,B2_area,WIN_20240126_11_28_47_Pro_jpg.rf.a686dc0c9d69a6d7677a0abba3f7f2c0.jpg,,12,34,22
d3,B2_area,WIN_20240130_16_34_31_Pro_jpg.rf.a619882e5e6aa97fdd38ebb0c0c2e65d.jpg,,15,64,49
d3,B2_area,WIN_20240129_17_45_14_Pro_jpg.rf.adc69c8d5056760ed2c3274799d3c78d.jpg,,15,42,27
d3,B2_area,WIN_20240201_14_59_34_Pro_jpg.rf.a50eaeaaa6be490646f1a65102e84ec7.jpg,,13,39,26
d3,B2_area,WIN_20240201_15_14_14_Pro_jpg.rf.b0430ed09059edbe7135f78abac76b16.jpg,,16,24,8
d3,B2_area,WIN_20240129_11_25_32_Pro_jpg.rf.aee97d02c862f3c8d62a66b789675570.jpg,,18,22,4
d3,B2_area,WIN_20240202_12_27_54_Pro_jpg.rf.adc2fd262b6187a631356e2d46756782.jpg,,15,46,31
d3,B2_area,WIN_20240126_11_25_25_Pro_jpg.rf.b13f822f92165f7087780918261fa5d9.jpg,,14,32,18
d3,B2_area,WIN_20240126_11_39_09_Pro_jpg.rf.ad09ad4ecc0a14e6b95b20adedeeba62.jpg,,14,33,19
d3,B2_area,WIN_20240126_11_54_47_Pro_jpg.rf.b280db51fbe83ffdf047a3f3d6020438.jpg,,15,25,10
d3,B2_area,WIN_20240130_16_59_02_Pro_jpg.rf.b1257bdce0064ee4aa2cba1b464d6d25.jpg,,14,41,27
d3,B2_area,WIN_20240202_11_54_46_Pro_jpg.rf.af7544ccdeb305d5f2b0a02d37090077.jpg,,12,55,43
d3,B2_area,WIN_20240131_11_13_44_Pro_jpg.rf.a86d0e54ddd2fb36f931332cacd5f61f.jpg,,14,18,4
d3,B2_area,WIN_20240130_15_39_41_Pro_jpg.rf.adcf4cf2a1c4b47fcf098796ee755db5.jpg,,16,53,37
d3,B2_area,WIN_20240129_11_33_21_Pro_jpg.rf.b40ac631559479eb41e93cde8e29e515.jpg,,18,60,42
d3,B2_area,WIN_20240129_11_05_09_Pro_jpg.rf.b3c2ba94f657cbbc48a672d153bf94c5.jpg,,12,59,47
d3,B2_area,WIN_20240202_12_35_07_Pro_jpg.rf.b52fda488316871e0c490860023209e7.jpg,,18,26,8
d3,B2_area,WIN_20240126_14_14_22_Pro_jpg.rf.b55af3a664ae7729cfb215a343cf268d.jpg,,13,43,30
d3,B2_area,WIN_20240130_16_51_33_Pro_jpg.rf.b41735e0dfc0c910fec3467288a56517.jpg,,12,43,31
d3,B2_area,WIN_20240129_10_55_53_Pro_jpg.rf.b5bf156480bb45a28e125485adeb7e2f.jpg,,15,53,38
d3,B2_area,WIN_20240126_12_07_36_Pro_jpg.rf.b711ac3dc0bcf4462dc2831292af46d8.jpg,,19,20,1
d3,B2_area,WIN_20240129_17_41_35_Pro_jpg.rf.b58ad89f076ed975a662226b8af1bc3f.jpg,,17,41,24
d3,B2_area,WIN_20240129_18_30_46_Pro_jpg.rf.ba293696b94aafe7457a86d436ae7c99.jpg,,15,41,26
d3,B2_area,WIN_20240130_15_42_58_Pro_jpg.rf.b866c0ebd3103a0b10ef6b21b20cc0cb.jpg,,20,21,1
d3,B2_area,WIN_20240129_10_33_13_Pro_jpg.rf.bcec5682f885a5f714c8b94d009fdb0c.jpg,,17,22,5
d3,B2_area,WIN_20240130_16_44_35_Pro_jpg.rf.ba10f8f5305a0c8dbf849c1f6e72ce23.jpg,,13,25,12
d3,B2_area,WIN_20240126_11_26_47_Pro_jpg.rf.b9f103dd1d82abd6975193dc7a580465.jpg,,11,25,14
d3,B2_area,WIN_20240131_11_26_20_Pro_jpg.rf.bdd8108a0275c033a00443e8c793f589.jpg,,10,52,42
d3,B2_area,WIN_20240129_18_18_21_Pro_jpg.rf.bf1578dc4eee15eef246819f09703b0c.jpg,,14,51,37
d3,B2_area,WIN_20240129_18_14_31_Pro_jpg.rf.c481c5acbb17998f3f1cdb893bcd07c8.jpg,,14,26,12
d3,B2_area,WIN_20240126_11_44_57_Pro_jpg.rf.c4357c3253067e711eac2fcfa6a648e2.jpg,,18,26,8
d3,B2_area,WIN_20240127_13_47_52_Pro_jpg.rf.c3b6f42e06aab90a8d075f33aa768f36.jpg,,15,19,4
d3,B2_area,WIN_20240202_13_05_46_Pro_jpg.rf.c479c28c25dafb7ee87682bc0ba6f920.jpg,,19,32,13
d3,B2_area,WIN_20240129_11_14_02_Pro_jpg.rf.c3be38b488659b6a20f9edca153bf90c.jpg,,17,27,10
d3,B2_area,WIN_20240127_13_47_18_Pro_jpg.rf.0166d2906ccb16ad5d7fc3b284356c7c.jpg,,16,57,41
d3,B2_area,WIN_20240129_16_39_37_Pro_jpg.rf.024bdcc59b7db36faa417ea5dc633d15.jpg,,16,73,57
d3,B2_area,WIN_20240131_11_07_30_Pro_jpg.rf.025f8282a6d83da9d53f8894e9e73487.jpg,,16,39,23
d3,B2_area,WIN_20240131_11_05_16_Pro_jpg.rf.07255478f49dee03ee64d95f5919adde.jpg,,14,26,12
d3,B2_area,WIN_20240126_13_48_39_Pro_jpg.rf.062472630073d9588914ea9036336329.jpg,,13,27,14
d3,B2_area,WIN_20240126_13_58_29_Pro_jpg.rf.048df91235402b0af4e205342e854a91.jpg,,14,31,17
d3,B2_area,WIN_20240126_14_07_15_Pro_jpg.rf.073b896d9ffd9a8b30833a88b99d3da7.jpg,,15,14,-1
d3,B2_area,WIN_20240127_14_02_25_Pro_jpg.rf.0aa0fc001d2621332c37bcf49918707d.jpg,,15,30,15
d3,B2_area,WIN_20240130_16_18_05_Pro_jpg.rf.0c750fdc610fb82b7424e855c423876f.jpg,,16,24,8
d3,B2_area,WIN_20240202_13_05_03_Pro_jpg.rf.022cb5ba9179e9ee9d11a28c82b2752d.jpg,,16,15,-1
d3,B2_area,WIN_20240127_14_00_14_Pro_jpg.rf.09284d87c385bd0b847149115889feb6.jpg,,16,43,27
d3,B2_area,WIN_20240126_11_35_19_Pro_jpg.rf.0cd7bc4ff952963a03acd142af2d145c.jpg,,15,15,0
d3,B2_area,WIN_20240131_11_18_07_Pro_jpg.rf.0d4a4be25388dcf318307b75aa11f4c7.jpg,,12,13,1
d3,B2_area,WIN_20240201_14_57_25_Pro_jpg.rf.0fcc73150d17a6f28cdda474d35a281c.jpg,,15,71,56
d3,B2_area,WIN_20240202_12_55_40_Pro_jpg.rf.0910c9975fdfca45bf46c0152a1e1c6a.jpg,,15,16,1
d3,B2_area,WIN_20240129_16_59_18_Pro_jpg.rf.0f6100fd0ebb8290573f318a51223c3c.jpg,,15,18,3
d3,B2_area,WIN_20240129_18_04_09_Pro_jpg.rf.12d1ee6717ee20059022f5500cfca144.jpg,,15,28,13
d3,B2_area,WIN_20240129_18_24_42_Pro_jpg.rf.13761ac676a3ec2c8fe50289a343a3d8.jpg,,18,44,26
d3,B2_area,WIN_20240129_10_29_39_Pro_jpg.rf.138cad6a6c2f56ade452a307871164ca.jpg,,16,44,28
d3,B2_area,WIN_20240127_13_58_51_Pro_jpg.rf.1496f2ecd05ad09409329c1755d92137.jpg,,13,52,39
d3,B2_area,WIN_20240126_14_29_22_Pro_jpg.rf.15bd920253c4e0dc55c05c177c8bb765.jpg,,10,66,56
d3,B2_area,WIN_20240201_15_13_31_Pro_jpg.rf.13fe0d64a439126647f66269e0f4bf5f.jpg,,13,21,8
d3,B2_area,WIN_20240130_16_03_04_Pro_jpg.rf.166cc648fe88ecc932a75b58797987d7.jpg,,14,23,9
d3,B2_area,WIN_20240130_16_47_55_Pro_jpg.rf.18242db3be47e1d985672c2b4839960d.jpg,,13,25,12
d3,B2_area,WIN_20240202_13_50_52_Pro_jpg.rf.1ae877b88d88a4290535701521717e18.jpg,,14,67,53
d3,B2_area,WIN_20240202_12_53_53_Pro_jpg.rf.1982b411ed54fc48b798797bccabca57.jpg,,15,19,4
d3,B2_area,WIN_20240202_13_42_39_Pro_jpg.rf.1b868f8d6481b83283835aa582de7c21.jpg,,14,48,34
d3,B2_area,WIN_20240126_14_56_48_Pro_jpg.rf.1c7b79bba2bb70af8158be8d3c931e1e.jpg,,14,44,30
d3,B2_area,WIN_20240126_11_40_34_Pro_jpg.rf.1e597acd19d0a739d422cbbc2c9039e4.jpg,,18,37,19
d3,B2_area,WIN_20240130_16_15_06_Pro_jpg.rf.1fad99db759158746e45a9390b6785de.jpg,,15,25,10
d3,B2_area,WIN_20240130_16_21_00_Pro_jpg.rf.1d95787598a0eaad234d0e3b014f4e9d.jpg,,12,68,56
d3,B2_area,WIN_20240201_15_11_58_Pro_jpg.rf.222c772c6e2a3af147c7a1005b806569.jpg,,16,20,4
d3,B2_area,WIN_20240202_12_16_26_Pro_jpg.rf.262da52f2fb62fc5bf3db4ef6f2719cc.jpg,,11,19,8
d3,B2_area,WIN_20240131_10_57_37_Pro_jpg.rf.29abdb36a9d864f553db410261c3a118.jpg,,15,49,34
d3,B2_area,WIN_20240202_12_23_25_Pro_jpg.rf.27d056c1c1151b2a87ed591fb862f961.jpg,,19,21,2
d3,B2_area,WIN_20240131_10_52_04_Pro_jpg.rf.2dd8343dd1b7a4d3e151ff60f5fb6386.jpg,,18,70,52
d3,B2_area,WIN_20240126_14_46_54_Pro_jpg.rf.302ea8aa444394ac13f215d92073b0b3.jpg,,15,15,0
d3,B2_area,WIN_20240130_15_38_46_Pro_jpg.rf.31348f1e3f1a74db37d728b3dc37b4a3.jpg,,17,22,5
d3,B2_area,WIN_20240129_11_36_15_Pro_jpg.rf.6652914b878156808d1c007d0dee4b58.jpg,,14,58,44
d3,B2_area,WIN_20240126_13_57_13_Pro_jpg.rf.64f051a923d884874bc1275176aad6ca.jpg,,12,16,4
d3,B2_area,WIN_20240127_13_53_15_Pro_jpg.rf.674033cbea5349794f78ca3780ccbeb8.jpg,,15,25,10
d3,B2_area,WIN_20240129_16_41_29_Pro_jpg.rf.52d3a55af2dcf65b7d72cd98f9cdcd94.jpg,,19,53,34
d3,B2_area,WIN_20240202_14_04_27_Pro_jpg.rf.657f80013b79fcc57f3f714c3ca2ee47.jpg,,15,15,0
d3,B2_area,WIN_20240202_13_50_17_Pro_jpg.rf.6564843d289cfd2c42be7e04b91d8591.jpg,,14,44,30
d3,B2_area,WIN_20240130_15_46_55_Pro_jpg.rf.4dd456dc47044e780690e16111e73324.jpg,,13,14,1
d3,B2_area,WIN_20240126_11_57_52_Pro_jpg.rf.5938f3be25ab86221e3895fd241f764e.jpg,,18,18,0
d3,B2_area,WIN_20240202_12_15_44_Pro_jpg.rf.68d0b1cc0606a149d7868517cc27d11d.jpg,,13,24,11
d3,B2_area,WIN_20240129_11_38_18_Pro_jpg.rf.648a9d0f6fd4259b173c68cd14fc0e28.jpg,,18,39,21
d3,B2_area,WIN_20240127_13_50_55_Pro_jpg.rf.586fabd7363a128d25bddbbc9256111e.jpg,,13,28,15
d3,B2_area,WIN_20240126_14_15_49_Pro_jpg.rf.4e3a2737db82be949cae4ba39e05b53e.jpg,,10,32,22
d3,B2_area,WIN_20240129_10_30_10_Pro_jpg.rf.52ec3f9ca1ca182f6f37be9e7e765849.jpg,,14,15,1
d3,B2_area,WIN_20240202_12_01_12_Pro_jpg.rf.63bac7da1e7ab82786761b43f59e5e93.jpg,,12,80,68
d3,B2_area,WIN_20240129_11_12_07_Pro_jpg.rf.556e4098d17598942436d8c5235739a7.jpg,,15,59,44
d3,B2_area,WIN_20240202_12_31_40_Pro_jpg.rf.5b90153eae11ff405b06f970420b89b2.jpg,,15,32,17
d3,B2_area,WIN_20240129_11_22_16_Pro_jpg.rf.4cd540647dd8d28ee6c9013e75229bc2.jpg,,17,31,14
d3,B2_area,WIN_20240126_11_50_40_Pro_jpg.rf.6955042005db49274dd07b952ea0d5ec.jpg,,14,28,14
d3,B2_area,WIN_20240131_11_18_51_Pro_jpg.rf.5e71c827a2ccf42b94f767e565cdbc93.jpg,,13,5,-8
d3,B2_area,WIN_20240202_12_28_59_Pro_jpg.rf.59b1faaa26a1eb364fd70a0039255cd4.jpg,,13,28,15
d3,B2_area,WIN_20240129_11_35_49_Pro_jpg.rf.629607a55cf71787daa5ec6b69c06591.jpg,,16,31,15
d3,B2_area,WIN_20240129_16_42_04_Pro_jpg.rf.4a1a028d81e712ef8dcbd4351bf6ffc3.jpg,,17,79,62
d3,B2_area,WIN_20240130_16_46_26_Pro_jpg.rf.69fda41222843661ece1d1fcd07f13be.jpg,,12,30,18
d3,B2_area,WIN_20240129_18_15_10_Pro_jpg.rf.60695e9406022a7f5daba2838cce309e.jpg,,16,45,29
d3,B2_area,WIN_20240129_16_44_22_Pro_jpg.rf.6bd8fa180a3e3665a18ea662076cb705.jpg,,13,33,20
d3,B2_area,WIN_20240202_13_16_47_Pro_jpg.rf.5669ca5a371d607cfaa609c588004f16.jpg,,19,18,-1
d3,B2_area,WIN_20240126_11_19_06_Pro_jpg.rf.7051ecaf49783b2009ce466d281ce8db.jpg,,11,87,76
d3,B2_area,WIN_20240126_14_30_26_Pro_jpg.rf.7df24f0b8a5caddf25e25668763e9c52.jpg,,14,19,5
d3,B2_area,WIN_20240130_15_57_30_Pro_jpg.rf.7d2aba3c1332342cc09ddfc7d1b84bf2.jpg,,13,57,44
d3,B2_area,WIN_20240130_16_57_38_Pro_jpg.rf.8ab2e7d9feb46b2313a172d08ca08258.jpg,,13,21,8
d3,B2_area,WIN_20240129_10_27_35_Pro_jpg.rf.70418229f3e82a9cc659b0b9f4ef03be.jpg,,15,35,20
d3,B2_area,WIN_20240129_11_00_46_Pro_jpg.rf.7cb734c60ddb162ff72aed840d6abecc.jpg,,13,21,8
d3,B2_area,WIN_20240202_12_24_42_Pro_jpg.rf.825782a0a68c2c3adf227dec6f044162.jpg,,17,18,1
d3,B2_area,WIN_20240126_14_18_58_Pro_jpg.rf.6d72c2b0e2f37d9dacddb0c5fa2fd8ab.jpg,,19,19,0
d3,B2_area,WIN_20240129_11_24_28_Pro_jpg.rf.82bb8cf9d8ffba6aea16f6a24f8c8785.jpg,,13,52,39
d3,B2_area,WIN_20240129_10_28_21_Pro_jpg.rf.9276bb4254d78b78889863f100303c2f.jpg,,12,16,4
d3,B2_area,WIN_20240130_15_51_30_Pro_jpg.rf.75d5d708775e5ac9e43a689f44c4732a.jpg,,16,46,30
d3,B2_area,WIN_20240129_16_51_53_Pro_jpg.rf.8f4c7100dba2731be949f0ad7bce55c6.jpg,,14,48,34
d3,B2_area,WIN_20240126_11_34_26_Pro_jpg.rf.8edd67157e33c2e05c26f1fde1507204.jpg,,12,18,6
d3,B2_area,WIN_20240202_12_24_04_Pro_jpg.rf.92b0b5e054ab46a11a26ab7e3aff42e9.jpg,,12,15,3
d3,B2_area,WIN_20240130_16_35_53_Pro_jpg.rf.7184864308cc744301402452962152a2.jpg,,13,20,7
d3,B2_area,WIN_20240130_15_37_52_Pro_jpg.rf.ac676a48d4d229dbe8ce3897bf047cea.jpg,,16,34,18
d3,B2_area,WIN_20240130_16_47_24_Pro_jpg.rf.79480f9c8714fa0b78957327add4e1b6.jpg,,12,41,29
d3,B2_area,WIN_20240126_11_31_09_Pro_jpg.rf.9387fbbc5d198fd74f4d80f5cb260fb5.jpg,,13,32,19
d3,B2_area,WIN_20240202_13_09_09_Pro_jpg.rf.8f769b130440193fd9c15cc9e11a7df7.jpg,,19,43,24
d3,B2_area,WIN_20240130_15_41_21_Pro_jpg.rf.8a0b3beea14df5c65a2a3bf7a90263ef.jpg,,16,34,18
d3,B2_area,WIN_20240202_13_44_43_Pro_jpg.rf.92577bdc6c5f750f78958f0a52d82f4a.jpg,,16,15,-1
d3,B2_area,WIN_20240201_14_58_10_Pro_jpg.rf.a38f40ade7bdc28647f616471d2fe088.jpg,,14,45,31
d3,B2_area,WIN_20240130_16_49_35_Pro_jpg.rf.97c9614c8c47f48b2769f8a654358b5a.jpg,,16,54,38
d3,B2_area,WIN_20240130_16_26_00_Pro_jpg.rf.b7e4a05eb67e0b8868e573506d7c9f93.jpg,,13,16,3
d3,B2_area,WIN_20240129_11_28_32_Pro_jpg.rf.aa69618e2042371ab49ada49ec04ed6d.jpg,,13,15,2
d3,B2_area,WIN_20240126_14_49_47_Pro_jpg.rf.bbdd1f964d0c48c65ec095b1bdbfcfe6.jpg,,15,47,32
d3,B2_area,WIN_20240126_12_06_14_Pro_jpg.rf.bd8d8057c93371c46a7f1918f1487abc.jpg,,15,44,29
d3,B2_area,WIN_20240202_13_55_43_Pro_jpg.rf.b3f16eb1a220c5d9a107a11e94d12bc5.jpg,,17,17,0
d3,B2_area,WIN_20240129_10_15_42_Pro_jpg.rf.710f15998824888f1bc3ce4610f44fda.jpg,,13,16,3
d3,B2_area,WIN_20240126_14_01_56_Pro_jpg.rf.babb371f86c1c16eb2ff1cf2a3f3ec41.jpg,,12,15,3
d3,B2_area,WIN_20240126_12_20_10_Pro_jpg.rf.c2b64b0dc88b54d038c99f38c234b2f2.jpg,,12,17,5
d3,B2_area,WIN_20240131_11_34_06_Pro_jpg.rf.b92073310405282e6ce923b5ea6e1d40.jpg,,12,54,42
d3,B2_area,WIN_20240126_14_03_48_Pro_jpg.rf.a4e13e7c309a6ea77dd289c4208dc009.jpg,,14,15,1
d3,B2_area,WIN_20240129_10_17_39_Pro_jpg.rf.bf8719731599c0aae838c4e516a99036.jpg,,13,17,4
d3,B2_area,WIN_20240131_11_28_07_Pro_jpg.rf.ba4a5e8318e29d756495149de07939e4.jpg,,12,11,-1
d3,B2_area,WIN_20240130_15_55_03_Pro_jpg.rf.adb3cad67104e306852f55a4c9d33eb4.jpg,,15,24,9
d3,B2_area,WIN_20240201_15_08_04_Pro_jpg.rf.d0089e09fa3172cc45661b3f0b575232.jpg,,14,21,7
d3,B2_area,WIN_20240202_12_25_34_Pro_jpg.rf.cd6fc0c2749e251669cf536c66292c39.jpg,,17,31,14
d3,B2_area,WIN_20240202_12_53_19_Pro_jpg.rf.ad92cc4729b8fa4b240779ff997484f4.jpg,,15,18,3
d3,B2_area,WIN_20240126_14_31_02_Pro_jpg.rf.b025ad6ce039dcfbff98c3eb2e111a14.jpg,,13,15,2
d3,B2_area,WIN_20240129_17_42_27_Pro_jpg.rf.d5ce288f97eae9650bd36e50398ebc0c.jpg,,16,21,5
d3,B2_area,WIN_20240126_14_44_52_Pro_jpg.rf.d76cc826207ddff8845148014e61ff24.jpg,,13,13,0
d3,B2_area,WIN_20240201_15_00_13_Pro_jpg.rf.d877795265c18cd6deb7f27553417094.jpg,,13,59,46
d3,B2_area,WIN_20240131_11_20_17_Pro_jpg.rf.cf7ea439cacb2037a477037b5cd8c3d2.jpg,,14,39,25
d3,B2_area,WIN_20240126_14_05_36_Pro_jpg.rf.d21847ff7f5dec31de78bf68ae4be558.jpg,,13,25,12
d3,B2_area,WIN_20240129_11_40_27_Pro_jpg.rf.d5c65537e7e9f65b7b0774dcc9ac516c.jpg,,14,40,26
d3,B2_area,WIN_20240202_12_48_43_Pro_jpg.rf.d07487447369b6926f08229400313ce9.jpg,,15,28,13
d3,B2_area,WIN_20240130_16_01_17_Pro_jpg.rf.e0d5a1d90273f7120c78238465377820.jpg,,15,34,19
d3,B2_area,WIN_20240126_12_08_16_Pro_jpg.rf.d644c237c7074e701d05efcfc2254a6e.jpg,,14,40,26
d3,B2_area,WIN_20240130_16_48_41_Pro_jpg.rf.b1302e67eec4878fb02238a5a9ad3af5.jpg,,13,60,47
d3,B2_area,WIN_20240202_14_00_35_Pro_jpg.rf.dc77aa181fe7d805b4e5c7f6991c9193.jpg,,17,80,63
d3,B2_area,WIN_20240202_11_57_43_Pro_jpg.rf.d54146c706da3428596886549f200b78.jpg,,15,44,29
d3,B2_area,WIN_20240129_11_38_42_Pro_jpg.rf.d2c76d004bc1cccf7abbdcb046af2f16.jpg,,17,56,39
d3,B2_area,WIN_20240130_15_50_25_Pro_jpg.rf.e3bfe6138edd72f07867d467da2b48b5.jpg,,16,28,12
d3,B2_area,WIN_20240129_18_22_59_Pro_jpg.rf.e237cd2577fc99badbf5fb1783da3f72.jpg,,17,17,0
d3,B2_area,WIN_20240129_18_26_55_Pro_jpg.rf.e537ad438b15d85f7c399ff71e739725.jpg,,16,36,20
d3,B2_area,WIN_20240129_10_53_51_Pro_jpg.rf.d64651ac02dbf9d9724a214aed685291.jpg,,18,72,54
d3,B2_area,WIN_20240127_13_53_50_Pro_jpg.rf.e8915eb48efab7e97f9e67fa6db3643f.jpg,,15,39,24
d3,B2_area,WIN_20240202_12_58_07_Pro_jpg.rf.e80341a287310ff07f5d6c09650158e2.jpg,,16,20,4
d3,B2_area,WIN_20240202_12_30_18_Pro_jpg.rf.d6304de1458de5ed4523493e8589012d.jpg,,13,15,2
d3,B2_area,WIN_20240130_16_30_17_Pro_jpg.rf.c03c65d3b5d72245c51d2a478ff54d07.jpg,,17,50,33
d3,B2_area,WIN_20240129_18_06_18_Pro_jpg.rf.f2a2f18fdf6f4d1c6d12b20f90a41da2.jpg,,16,77,61
d3,B2_area,WIN_20240131_11_11_32_Pro_jpg.rf.df7e196598ffb8e9f22a371247135967.jpg,,15,58,43
d3,B2_area,WIN_20240126_14_32_11_Pro_jpg.rf.f5533b85b6123b1fc7c897f9feb6a041.jpg,,14,24,10
d3,B2_area,WIN_20240130_16_13_18_Pro_jpg.rf.e7b0bab9e35bb0c916f353282c639e37.jpg,,13,16,3
d3,B2_area,WIN_20240130_16_40_42_Pro_jpg.rf.e9e23dc2a5760284d7642006951921c2.jpg,,14,62,48
d3,B2_area,WIN_20240202_12_37_59_Pro_jpg.rf.f0d102f9e971d855b065917ff37e9203.jpg,,12,46,34
d3,B2_area,WIN_20240202_14_02_24_Pro_jpg.rf.ed15a1fbd09a1de88230b89087212a7a.jpg,,17,20,3
d3,B2_area,WIN_20240127_13_46_46_Pro_jpg.rf.f319837686d7405db52a90832dee5958.jpg,,14,32,18
d3,B2_area,WIN_20240129_18_02_55_Pro_jpg.rf.ed6608085cf29c714241392abe3aa945.jpg,,14,17,3
d3,B2_area,WIN_20240202_13_51_44_Pro_jpg.rf.f52b67a4ac0d0161e298856ec1555c68.jpg,,14,40,26
d3,B2_area,WIN_20240129_11_14_39_Pro_jpg.rf.f3e567f0470411ccbfa6f0949f048767.jpg,,18,59,41
d3,B2_area,WIN_20240131_10_58_51_Pro_jpg.rf.fe1dae3c9fb58c6d6d20126d8d1e29c2.jpg,,14,65,51
d3,B2_area,WIN_20240129_10_41_19_Pro_jpg.rf.fa01657d0996d2084bb6172016f26865.jpg,,15,21,6
d3,B2_area,WIN_20240130_16_12_07_Pro_jpg.rf.f40cd5579a0de76fdb82b754ed495d6f.jpg,,16,16,0
d3,B2_area,WIN_20240202_12_29_38_Pro_jpg.rf.0324cbbdaf6d48d1b530d34690a0bfe4.jpg,,17,48,31
d3,B2_area,WIN_20240201_14_58_52_Pro_jpg.rf.0e3e1e251bc1ed6cf4497026c828777c.jpg,,14,46,32
d3,B2_area,WIN_20240126_11_46_11_Pro_jpg.rf.102484ce333ae937dd2d0d2478bff2e2.jpg,,15,29,14
d3,B2_area,WIN_20240127_13_56_39_Pro_jpg.rf.08abc0be0c2daefdcac1848f82dea92b.jpg,,17,21,4
d3,B2_area,WIN_20240126_13_52_36_Pro_jpg.rf.05376d46d2f54b62f1e5f177cd02baac.jpg,,12,14,2
d3,B2_area,WIN_20240126_11_58_27_Pro_jpg.rf.133f1c2b29eb84f7726183d62b956af5.jpg,,17,21,4
d3,B2_area,WIN_20240126_14_59_50_Pro_jpg.rf.09520e87f81eb7c6f404541caf824675.jpg,,13,18,5
d3,B2_area,WIN_20240126_14_35_38_Pro_jpg.rf.0f193a9ea19d2540f44b01a717e6a087.jpg,,14,20,6
d3,B2_area,WIN_20240127_13_50_22_Pro_jpg.rf.1216ce1ed456e52195b11bfd6b3fface.jpg,,17,45,28
d3,B2_area,WIN_20240202_12_40_48_Pro_jpg.rf.0868088bc3daa2a903abe891a88aa003.jpg,,14,32,18
d3,B2_area,WIN_20240202_13_19_17_Pro_jpg.rf.144bd9212a3eabfcf589984111cf66ad.jpg,,13,18,5
d3,B2_area,WIN_20240202_13_01_01_Pro_jpg.rf.038149a2a17dd69d291dbb2935633401.jpg,,14,70,56
d3,B2_area,WIN_20240131_11_12_40_Pro_jpg.rf.15e9c782165e0cfc5855038673008ae7.jpg,,12,17,5
d3,B2_area,WIN_20240130_16_33_43_Pro_jpg.rf.1cb580a5729e2293b959a7036095ff41.jpg,,14,25,11
d3,B2_area,WIN_20240131_11_26_07_Pro_jpg.rf.15a428f37cb489178e9fbbdda81f237b.jpg,,11,12,1
d3,B2_area,WIN_20240129_18_26_23_Pro_jpg.rf.22b205d8d574c16f282cc5bb6405b666.jpg,,14,67,53
d3,B2_area,WIN_20240126_11_15_45_Pro_jpg.rf.1c4c330b638b85ceaa54f9c8e7cb1194.jpg,,10,12,2
d3,B2_area,WIN_20240129_10_32_25_Pro_jpg.rf.220e0cf8824f1f61bb550cef446bc45b.jpg,,19,23,4
d3,B2_area,WIN_20240202_12_13_31_Pro_jpg.rf.2608cc6727965dcdc10f8b46b7db745e.jpg,,12,21,9
d3,B2_area,WIN_20240130_16_50_28_Pro_jpg.rf.1f29fde910cce9f3cf8f981d408bedcc.jpg,,12,11,-1
d3,B2_area,WIN_20240202_13_03_28_Pro_jpg.rf.2da5b4490a3297cbd44f2f0c5c4908a8.jpg,,15,40,25
d3,B2_area,WIN_20240126_12_11_06_Pro_jpg.rf.241af07aa381ef260ff90633192b76d2.jpg,,16,84,68
d3,B2_area,WIN_20240126_14_41_49_Pro_jpg.rf.2cff52d69849b3e1d9789e5ccc1ef290.jpg,,17,18,1
d3,B2_area,WIN_20240130_16_55_20_Pro_jpg.rf.35d6c938772677ddd6fa0870888afeef.jpg,,14,16,2
d3,B2_area,WIN_20240130_16_37_20_Pro_jpg.rf.2f3a7929a85ee5f66dc5b8970f196d26.jpg,,13,49,36
d3,B2_area,WIN_20240129_11_22_50_Pro_jpg.rf.3979640a42b69a3b043f3fc718dcb200.jpg,,19,19,0
d3,B2_area,WIN_20240131_11_23_53_Pro_jpg.rf.13b3034181640760e52c1382e0198d70.jpg,,14,60,46
d3,B2_area,WIN_20240129_10_38_58_Pro_jpg.rf.3b6b335f3ad4e01b4eb7dc88ae064b02.jpg,,15,19,4
d3,B2_area,WIN_20240131_11_34_42_Pro_jpg.rf.1acfe70c2cd0cbe7ca51d74832b156d9.jpg,,11,19,8
d3,B2_area,WIN_20240126_11_42_11_Pro_jpg.rf.320111adfc2d8df182e1507c39413e21.jpg,,14,17,3
d3,B2_area,WIN_20240126_11_26_17_Pro_jpg.rf.3e072477ded26ea9115bcab86b8d70b3.jpg,,13,22,9
d3,B2_area,WIN_20240130_16_43_51_Pro_jpg.rf.3849e77e9397d5584becb1733e19d7e7.jpg,,12,46,34
d3,B2_area,WIN_20240126_14_40_10_Pro_jpg.rf.3b438d8fce92cd02c99e4ff6e24c7e48.jpg,,17,17,0
d3,B2_area,WIN_20240126_14_28_00_Pro_jpg.rf.3f51049dd468590dc44346944592aa6b.jpg,,12,30,18
d3,B2_area,WIN_20240130_15_45_32_Pro_jpg.rf.15d0a1d300c30bbeaad40cedde9138be.jpg,,16,25,9
d3,B2_area,WIN_20240130_16_02_10_Pro_jpg.rf.3ab19e1894c2659e23d911b28d632092.jpg,,14,20,6
d3,B2_area,WIN_20240129_18_28_07_Pro_jpg.rf.33b73060be2ad102fb9857e1bcb405d7.jpg,,15,70,55
d3,B2_area,WIN_20240201_15_14_47_Pro_jpg.rf.3c608b49d46edb09be7cb90a96b393bc.jpg,,14,44,30
d3,B2_area,WIN_20240131_11_01_20_Pro_jpg.rf.3d0d0d070ff2c1ad916996111e8f9155.jpg,,14,88,74
d3,B2_area,WIN_20240126_14_07_44_Pro_jpg.rf.20de3acef9334643aeea7a125b38a815.jpg,,14,19,5
d3,B2_area,WIN_20240126_13_55_05_Pro_jpg.rf.3f7596960f206081c91f18dd3d9c6d4e.jpg,,12,19,7
d3,B2_area,WIN_20240129_18_35_28_Pro_jpg.rf.44af9ab61a5e90e094dca11f7f4316c3.jpg,,16,56,40
d3,B2_area,WIN_20240126_12_05_38_Pro_jpg.rf.3c7c19140a7a04e768634984cd0d14d4.jpg,,14,13,-1
d3,B2_area,WIN_20240129_16_48_51_Pro_jpg.rf.257a19132b06b60d8395c37aa8892b0f.jpg,,14,28,14
d3,B2_area,WIN_20240130_16_39_59_Pro_jpg.rf.2dbf059a08f46475cd6b402d0384dcfa.jpg,,13,41,28
d3,B2_area,WIN_20240129_11_15_05_Pro_jpg.rf.03ba0b7e87527d94d0f3ca3891e3eabb.jpg,,17,21,4
d3,B2_area,WIN_20240202_12_06_02_Pro_jpg.rf.36224d56f01d772392b440f87961025e.jpg,,12,13,1
d3,B2_area,WIN_20240127_13_42_34_Pro_jpg.rf.07632789338e0dbf78b56a333e2c83ec.jpg,,17,17,0
d3,B2_area,WIN_20240126_11_29_37_Pro_jpg.rf.2e5cb1b777131a05dd7e6141ee1a22e6.jpg,,10,15,5
d3,B2_area,WIN_20240129_17_05_43_Pro_jpg.rf.0db44f8aa6e28f59a0ae754db2c42120.jpg,,14,27,13
d3,B2_area,WIN_20240129_11_31_06_Pro_jpg.rf.31dc6cf00951acc7ad06b4fa639c05d8.jpg,,17,53,36
d3,B2_area,WIN_20240129_11_05_51_Pro_jpg.rf.296f5a41d67a62d51aa0a7408fe5f54a.jpg,,15,19,4
d3,B2_area,WIN_20240202_13_38_45_Pro_jpg.rf.5fbdfe710e41a6ad4407f357e760e092.jpg,,14,29,15
d3,B2_area,WIN_20240131_11_19_36_Pro_jpg.rf.3de13cf04ef47b39363a9b4f7fe8906a.jpg,,13,35,22
d3,B2_area,WIN_20240127_13_49_13_Pro_jpg.rf.2609f8ff5393d36a14772f3fcf8c161a.jpg,,15,25,10
d3,B2_area,WIN_20240202_11_53_56_Pro_jpg.rf.54097592c66c1922476ac3506b1a84a5.jpg,,13,37,24
d3,B2_area,WIN_20240202_12_02_52_Pro_jpg.rf.3500f0861caf1b4153f80bd5a85d9d98.jpg,,14,20,6
d3,B2_area,WIN_20240129_10_43_08_Pro_jpg.rf.58b077620386b4a17f42cc1930e468aa.jpg,,17,26,9
d3,B2_area,WIN_20240129_11_29_31_Pro_jpg.rf.4583c8ae278f25805d225d92fec2c57a.jpg,,14,54,40
d3,B2_area,WIN_20240130_16_05_11_Pro_jpg.rf.6cdd24fb9512be65087226ec015206fb.jpg,,15,52,37
d3,B2_area,WIN_20240126_13_43_39_Pro_jpg.rf.65ea3429365ba85b72287ff4b3909440.jpg,,14,27,13
d3,B2_area,WIN_20240129_11_16_09_Pro_jpg.rf.42330ab8b694040d58e1498725074e52.jpg,,16,23,7
d3,B2_area,WIN_20240126_14_54_12_Pro_jpg.rf.6c76e06c4a9e08a511bc8969300687f9.jpg,,17,35,18
d3,B2_area,WIN_20240126_14_12_27_Pro_jpg.rf.648c9eb20cd06b52dc0414086051657e.jpg,,15,19,4
d3,B2_area,WIN_20240202_13_10_07_Pro_jpg.rf.674a92ef2352c5a162615a3762bda5a9.jpg,,16,45,29
d3,B2_area,WIN_20240129_17_57_15_Pro_jpg.rf.0eb0ce536fd4a2e9501d5284dd78f87e.jpg,,14,36,22
d3,B2_area,WIN_20240129_11_04_06_Pro_jpg.rf.1b79291762c14bb4b08a790cdbf7b551.jpg,,13,23,10
d3,B2_area,WIN_20240130_15_54_09_Pro_jpg.rf.60892da282165c617f7c74c0de384750.jpg,,16,17,1
d3,B2_area,WIN_20240202_12_32_58_Pro_jpg.rf.6f71e0b5f4e7a627271390352fd3cc23.jpg,,15,17,2
d3,B2_area,WIN_20240129_18_25_20_Pro_jpg.rf.7bbdf138f3fa382d9fce2234e2d95ab9.jpg,,15,27,12
d3,B2_area,WIN_20240129_16_43_51_Pro_jpg.rf.77669d5a59c9631e1d10e2d3b46d3228.jpg,,16,43,27
d3,B2_area,WIN_20240129_11_13_28_Pro_jpg.rf.7b11bf4863bc6bb1541395fc83f795ee.jpg,,16,21,5
d3,B2_area,WIN_20240127_14_00_50_Pro_jpg.rf.07cbad3cd827c9927b9d6e10a1d228db.jpg,,13,40,27
d3,B2_area,WIN_20240129_16_57_37_Pro_jpg.rf.8b947cb7fd3eca4925b028277a463a9b.jpg,,17,47,30
d3,B2_area,WIN_20240129_11_08_41_Pro_jpg.rf.7f0ae2e375913e79b856bb9a254a1170.jpg,,13,35,22
d3,B2_area,WIN_20240129_17_58_42_Pro_jpg.rf.7cf97f5eaad6bf489d8f96b919813bab.jpg,,13,16,3
d3,B2_area,WIN_20240202_11_56_06_Pro_jpg.rf.9fb8017c73f7f651ea4da3d574048d86.jpg,,13,51,38
d3,B2_area,WIN_20240126_14_31_37_Pro_jpg.rf.8e2823c5dd88f684ae22cb8afc938c4b.jpg,,16,17,1
d3,B2_area,WIN_20240202_12_02_08_Pro_jpg.rf.95205f3f4e05ff163810d9e39a142a07.jpg,,12,17,5
d3,B2_area,WIN_20240126_11_19_59_Pro_jpg.rf.91444f1b8f15c4bb7ef6b8e23d53d0e6.jpg,,10,20,10
d3,B2_area,WIN_20240129_11_15_33_Pro_jpg.rf.89e714cd2bf8b3b320a3346a26911816.jpg,,13,25,12
d3,B2_area,WIN_20240130_16_32_59_Pro_jpg.rf.af87b97ddfd786ff83c76ff3e1774e5b.jpg,,13,13,0
d3,B2_area,WIN_20240129_17_49_53_Pro_jpg.rf.8110139e597c1d18103e059ba1359572.jpg,,17,53,36
d3,B2_area,WIN_20240201_15_11_25_Pro_jpg.rf.92aec9bcb7315e2585e6248ff24abc45.jpg,,17,21,4
d3,B2_area,WIN_20240127_13_57_24_Pro_jpg.rf.88b0d1d287d0415601331c94337da3fc.jpg,,18,66,48
d3,B2_area,WIN_20240201_15_09_16_Pro_jpg.rf.76fcf6a63c9b31b1a652114c4d85438c.jpg,,14,66,52
d3,B2_area,WIN_20240130_16_24_10_Pro_jpg.rf.adbdba0168852aaccb7361ac15ea7055.jpg,,17,61,44
d3,B2_area,WIN_20240126_14_10_14_Pro_jpg.rf.6d0600b0f7f02338e4850d5ade88dad5.jpg,,17,19,2
d3,B2_area,WIN_20240130_15_34_53_Pro_jpg.rf.aa8da1dde437703c0ae24e0087b6a2bd.jpg,,21,65,44
d3,B2_area,WIN_20240129_10_46_19_Pro_jpg.rf.b0cb29793fb8dd723cffb68b8f8bcac0.jpg,,13,14,1
d3,B2_area,WIN_20240129_18_11_05_Pro_jpg.rf.b5bf8b493e5481981586f2754ae4ea2c.jpg,,17,50,33
d3,B2_area,WIN_20240130_16_23_33_Pro_jpg.rf.b818271095de83030e115989036ae9fa.jpg,,15,28,13
d3,B2_area,WIN_20240201_14_56_38_Pro_jpg.rf.b3a5fbc5d5896af3bed1580a9bf3760e.jpg,,9,76,67
d3,B2_area,WIN_20240130_16_14_18_Pro_jpg.rf.c79d8263a22a9b0469a956acd395261d.jpg,,15,16,1
d3,B2_area,WIN_20240129_10_16_30_Pro_jpg.rf.c12c2329bc25a4ef90571f2a63377109.jpg,,14,35,21
d3,B2_area,WIN_20240126_13_51_13_Pro_jpg.rf.c4fab7993c8eb71c9bdc571f604c60e3.jpg,,10,10,0
d3,B2_area,WIN_20240202_12_04_44_Pro_jpg.rf.c531964931dc8600130de9d7c0ee5b95.jpg,,14,18,4
d3,B2_area,WIN_20240202_13_41_30_Pro_jpg.rf.d2bdc33e211765acfd1ff91a715d6f64.jpg,,18,60,42
d3,B2_area,WIN_20240202_12_10_18_Pro_jpg.rf.ddf709d929c55766fdad45a15903c602.jpg,,15,15,0
d3,B2_area,WIN_20240126_14_52_10_Pro_jpg.rf.b68bbb4e3f5fe60ad3fdc356ca30d07f.jpg,,14,15,1
d3,B2_area,WIN_20240126_13_51_54_Pro_jpg.rf.b9869c17642a47717f7aaa32402db25b.jpg,,13,23,10
d3,B2_area,WIN_20240202_13_54_41_Pro_jpg.rf.d67d79dc85c5b40baf246ad182b3b60e.jpg,,16,30,14
d3,B2_area,WIN_20240127_13_46_08_Pro_jpg.rf.d84a918b909c76f9cc93cacd142f6b5e.jpg,,13,26,13
d3,B2_area,WIN_20240126_14_17_18_Pro_jpg.rf.e46584bec4e8fa0db87d0ac22780c033.jpg,,15,58,43
d3,B2_area,WIN_20240126_14_38_33_Pro_jpg.rf.e223814d225efb15da0ab48b0da25c59.jpg,,14,65,51
d3,B2_area,WIN_20240202_13_21_29_Pro_jpg.rf.bd0e8434d6f39d646fa2e9c6f3f63190.jpg,,19,22,3
d3,B2_area,WIN_20240202_13_58_49_Pro_jpg.rf.f69e7f1f851b12a11ea3c76b8eeececf.jpg,,16,21,5
d3,B2_area,WIN_20240127_13_56_09_Pro_jpg.rf.cadaafef5af8a3d79dd589edd50b1d71.jpg,,14,21,7
d3,B2_area,WIN_20240202_12_46_44_Pro_jpg.rf.e4e3d7d9daafc9b30197f3c0a93039a4.jpg,,14,17,3
d3,B2_area,WIN_20240129_17_48_31_Pro_jpg.rf.ea33aa77b4e58af0477723731f9c3a31.jpg,,17,85,68
d3,B2_area,WIN_20240202_12_21_29_Pro_jpg.rf.ffecaae93f2a36c59733f199f20c7a7e.jpg,,15,21,6
d3,B2_area,WIN_20240129_18_09_01_Pro_jpg.rf.fdbf64683ea50e9709bb72c1d336b734.jpg,,15,15,0
d3,B2_area,WIN_20240126_13_42_38_Pro_jpg.rf.ede21fb9f2849a7fc5e3c1d1ade8e2be.jpg,,11,18,7
d3,B2_area,WIN_20240202_12_09_33_Pro_jpg.rf.de5fcde7ba62c31ec3067908f38d03bc.jpg,,16,17,1
d3,B2_area,WIN_20240202_12_07_25_Pro_jpg.rf.e861012f373e1c67ee675d555576e2c7.jpg,,15,15,0
d3,B3_dist_watershed,WIN_20240202_13_53_14_Pro_jpg.rf.c67045ee3774ac939ab68fdc9eebc6f9.jpg,,15,2,-13
d3,B3_dist_watershed,WIN_20240201_15_03_05_Pro_jpg.rf.c786ba6bc82242f8c3aba0bf62d3e11f.jpg,,14,1,-13
d3,B3_dist_watershed,WIN_20240126_13_57_50_Pro_jpg.rf.c6a3d267492c7c8014f8acd6436d8347.jpg,,13,1,-12
d3,B3_dist_watershed,WIN_20240131_11_20_56_Pro_jpg.rf.c6fc305a0ac5dfb42d384d8abe772872.jpg,,12,3,-9
d3,B3_dist_watershed,WIN_20240129_10_22_34_Pro_jpg.rf.cbf887d7aa87a4cd2278044a3096dad2.jpg,,14,15,1
d3,B3_dist_watershed,WIN_20240126_14_10_51_Pro_jpg.rf.ca74ce2427e6a24dd61413fde1002377.jpg,,15,19,4
d3,B3_dist_watershed,WIN_20240127_13_49_42_Pro_jpg.rf.c5b4523b3b8f6ec8be649aade31904cd.jpg,,13,1,-12
d3,B3_dist_watershed,WIN_20240202_13_49_29_Pro_jpg.rf.c7f6fa9837a9b93e2b82dd908749747f.jpg,,17,2,-15
d3,B3_dist_watershed,WIN_20240127_13_55_28_Pro_jpg.rf.c9de9822a7891ddd1d1cd294229696c6.jpg,,18,20,2
d3,B3_dist_watershed,WIN_20240202_14_01_39_Pro_jpg.rf.c68312b74da19dab1a07fdf9703e7858.jpg,,16,17,1
d3,B3_dist_watershed,WIN_20240129_16_53_09_Pro_jpg.rf.c7a96ab65e29d13f49f60439e8413816.jpg,,15,16,1
d3,B3_dist_watershed,WIN_20240130_16_53_42_Pro_jpg.rf.ca929a9bba99c9f59a1f052d675f4bb9.jpg,,12,11,-1
d3,B3_dist_watershed,WIN_20240131_10_54_15_Pro_jpg.rf.ca2ee0d4068d5c9789a1b0e6cf52749f.jpg,,14,5,-9
d3,B3_dist_watershed,WIN_20240130_16_29_13_Pro_jpg.rf.cdc580339d42e40a862d166e2dbfb99a.jpg,,15,3,-12
d3,B3_dist_watershed,WIN_20240202_13_08_10_Pro_jpg.rf.c9985984a16f62cd1b38c6e2cbcdf508.jpg,,18,3,-15
d3,B3_dist_watershed,WIN_20240202_11_53_16_Pro_jpg.rf.c5c0f80d022663ffa50a09a40c9e2dcc.jpg,,13,19,6
d3,B3_dist_watershed,WIN_20240202_13_19_54_Pro_jpg.rf.c6ef19ef2b7dd38f2a2a72553077903c.jpg,,17,1,-16
d3,B3_dist_watershed,WIN_20240129_11_02_01_Pro_jpg.rf.cd8626cea54afe5dfac807b08a4c417e.jpg,,14,18,4
d3,B3_dist_watershed,WIN_20240127_13_43_16_Pro_jpg.rf.cc823cd7d145486c8aac51eba6d24641.jpg,,13,1,-12
d3,B3_dist_watershed,WIN_20240202_13_00_05_Pro_jpg.rf.c5ed46a01ee6dc7e414125c00caded8b.jpg,,15,16,1
d3,B3_dist_watershed,WIN_20240127_13_41_33_Pro_jpg.rf.cb1fb3a59038e64c9d42accf61c900d0.jpg,,18,3,-15
d3,B3_dist_watershed,WIN_20240126_14_36_54_Pro_jpg.rf.c90acb0ce5e19f9d626974563deb244a.jpg,,15,2,-13
d3,B3_dist_watershed,WIN_20240202_14_03_09_Pro_jpg.rf.cdd3eb0f39cc4fa86b65e679af988ecd.jpg,,21,26,5
d3,B3_dist_watershed,WIN_20240131_10_53_23_Pro_jpg.rf.ccefbf87fdabc8b9509e42e9249a15ca.jpg,,17,1,-16
d3,B3_dist_watershed,WIN_20240129_18_23_47_Pro_jpg.rf.cdc1a74a0c05a62ab02664bad340fbb3.jpg,,17,2,-15
d3,B3_dist_watershed,WIN_20240202_13_02_17_Pro_jpg.rf.ca4874f6e69e7e7e9aa8295a98e7549b.jpg,,14,2,-12
d3,B3_dist_watershed,WIN_20240202_12_38_40_Pro_jpg.rf.cad8d19f5343f8ce627cdf2efe2ff52b.jpg,,15,4,-11
d3,B3_dist_watershed,WIN_20240202_12_00_29_Pro_jpg.rf.c5b44336b3ecd8da919ce4802a6584cb.jpg,,14,15,1
d3,B3_dist_watershed,WIN_20240129_18_27_33_Pro_jpg.rf.cef06924412b7d65bab2159a68004dd2.jpg,,16,21,5
d3,B3_dist_watershed,WIN_20240129_17_59_40_Pro_jpg.rf.d0280384a4488a2205bfbb66dee79bbd.jpg,,12,2,-10
d3,B3_dist_watershed,WIN_20240129_17_00_03_Pro_jpg.rf.d10357e0d7e36cdc5011569c65f718c9.jpg,,16,3,-13
d3,B3_dist_watershed,WIN_20240202_11_58_32_Pro_jpg.rf.d1a2dafeb02970915f8e2167cc2e6ad3.jpg,,14,2,-12
d3,B3_dist_watershed,WIN_20240130_15_42_03_Pro_jpg.rf.cf0f7c567599534d74c5d4fa571cde39.jpg,,14,10,-4
d3,B3_dist_watershed,WIN_20240202_13_54_07_Pro_jpg.rf.cfc807306b078bcebee228a9fa948266.jpg,,13,3,-10
d3,B3_dist_watershed,WIN_20240129_10_53_04_Pro_jpg.rf.d0dd4a25f360754f7d2d5ad8fa10773f.jpg,,17,1,-16
d3,B3_dist_watershed,WIN_20240129_18_31_31_Pro_jpg.rf.ced4fa815b7823c582b31aa500a15210.jpg,,13,1,-12
d3,B3_dist_watershed,WIN_20240201_15_10_42_Pro_jpg.rf.ce02383e32bad6c1a5db0c9f1556900b.jpg,,15,18,3
d3,B3_dist_watershed,WIN_20240129_17_50_41_Pro_jpg.rf.d293d67f2e761bf7877221dc90c6061f.jpg,,15,1,-14
d3,B3_dist_watershed,WIN_20240126_14_55_14_Pro_jpg.rf.d0fde38195c4c1467ca37643edb21268.jpg,,14,18,4
d3,B3_dist_watershed,WIN_20240129_18_19_30_Pro_jpg.rf.d093d86534e3a9ea29e91eaa4dd94b29.jpg,,15,2,-13
d3,B3_dist_watershed,WIN_20240130_16_39_08_Pro_jpg.rf.cfbffbddffefb52f4d16f797c6e1f8e8.jpg,,12,3,-9
d3,B3_dist_watershed,WIN_20240130_16_38_17_Pro_jpg.rf.d38a971699935def54ee68bfe3692a0d.jpg,,13,1,-12
d3,B3_dist_watershed,WIN_20240202_12_39_14_Pro_jpg.rf.d0f70d7aa7370ef0e25dca02cb05dcb9.jpg,,19,2,-17
d3,B3_dist_watershed,WIN_20240129_17_58_00_Pro_jpg.rf.d4a83f344e39e6219af233e4e4ec7726.jpg,,17,22,5
d3,B3_dist_watershed,WIN_20240126_11_42_53_Pro_jpg.rf.cfb241fcb06b77a968d2b72b327158f8.jpg,,11,1,-10
d3,B3_dist_watershed,WIN_20240202_13_37_28_Pro_jpg.rf.d3a318fb6c3d5e4771d718d548830139.jpg,,13,16,3
d3,B3_dist_watershed,WIN_20240126_14_14_47_Pro_jpg.rf.d3c65eb1c50896995173472f69aa5647.jpg,,13,14,1
d3,B3_dist_watershed,WIN_20240131_11_21_40_Pro_jpg.rf.d3449c92167c270b0fddac46a20f78f5.jpg,,13,18,5
d3,B3_dist_watershed,WIN_20240130_15_53_27_Pro_jpg.rf.cf54d199fff3d269e7be1b6cfed1810d.jpg,,13,4,-9
d3,B3_dist_watershed,WIN_20240130_16_42_49_Pro_jpg.rf.d5724b5911261166abbcdcbb0692e1b0.jpg,,12,3,-9
d3,B3_dist_watershed,WIN_20240129_17_43_18_Pro_jpg.rf.d49ae6ab4c60d57adc136618f148162c.jpg,,18,1,-17
d3,B3_dist_watershed,WIN_20240126_12_20_57_Pro_jpg.rf.cf38758ee9f1f2d1332cebc2c9dea410.jpg,,11,11,0
d3,B3_dist_watershed,WIN_20240130_15_49_21_Pro_jpg.rf.d3b3864a050b2bc09d2625243e9bc769.jpg,,18,26,8
d3,B3_dist_watershed,WIN_20240202_12_45_04_Pro_jpg.rf.d64d4568e0bcf084bc03ff07afcb8bd4.jpg,,14,15,1
d3,B3_dist_watershed,WIN_20240202_12_49_13_Pro_jpg.rf.d4bf7135491de284c4dd001b535b9b5e.jpg,,13,18,5
d3,B3_dist_watershed,WIN_20240126_11_35_48_Pro_jpg.rf.d292467913e0e21117306d984c8e5cbc.jpg,,13,1,-12
d3,B3_dist_watershed,WIN_20240129_10_47_53_Pro_jpg.rf.d6878d939159f619aedbd4cf1c91654a.jpg,,14,16,2
d3,B3_dist_watershed,WIN_20240201_15_07_34_Pro_jpg.rf.d6d8fe46c2d4bc35700cdce3f1da0623.jpg,,15,3,-12
d3,B3_dist_watershed,WIN_20240131_11_02_44_Pro_jpg.rf.d7fec851bef03e14c09eec4a6a93ca29.jpg,,16,18,2
d3,B3_dist_watershed,WIN_20240130_16_07_23_Pro_jpg.rf.d995f013bc016d6dd558a735b0de4ee7.jpg,,14,2,-12
d3,B3_dist_watershed,WIN_20240126_12_13_46_Pro_jpg.rf.d9a13d89b57a95929c58db645fe9ffd1.jpg,,15,2,-13
d3,B3_dist_watershed,WIN_20240126_14_01_27_Pro_jpg.rf.d4d96e8fc1816340526a2554bf6ab9a0.jpg,,13,1,-12
d3,B3_dist_watershed,WIN_20240202_13_06_54_Pro_jpg.rf.d7677627792bc5401c5cd879864702b0.jpg,,14,3,-11
d3,B3_dist_watershed,WIN_20240129_11_26_55_Pro_jpg.rf.d77ab49cd6e5e98de9bdf3966a002ac8.jpg,,18,26,8
d3,B3_dist_watershed,WIN_20240201_15_02_27_Pro_jpg.rf.d3e27df3572f0807bba7de8929512384.jpg,,15,4,-11
d3,B3_dist_watershed,WIN_20240126_14_43_32_Pro_jpg.rf.d8a31eb1c7858ab8aaafb003cb5c5fdc.jpg,,16,8,-8
d3,B3_dist_watershed,WIN_20240126_14_28_23_Pro_jpg.rf.d823e6f7e2bc6b66766fd6ac8d78cf42.jpg,,15,10,-5
d3,B3_dist_watershed,WIN_20240127_13_51_46_Pro_jpg.rf.d7cbe25ddf6d61045294b8d6799cd412.jpg,,17,20,3
d3,B3_dist_watershed,WIN_20240126_11_59_11_Pro_jpg.rf.db15ea299ec84dad9573b751bec302b9.jpg,,19,1,-18
d3,B3_dist_watershed,WIN_20240129_10_42_21_Pro_jpg.rf.d9f3d3168dc9d26354003342e0fb053b.jpg,,14,17,3
d3,B3_dist_watershed,WIN_20240131_11_00_04_Pro_jpg.rf.dc1068b65824330afa875368b07a6cc8.jpg,,13,2,-11
d3,B3_dist_watershed,WIN_20240129_11_39_46_Pro_jpg.rf.dd719c26d39447f78818098b2e2e57e3.jpg,,15,1,-14
d3,B3_dist_watershed,WIN_20240202_12_45_49_Pro_jpg.rf.dc8e8bdbd4490f8ad382db9b38e7dafe.jpg,,17,2,-15
d3,B3_dist_watershed,WIN_20240129_11_07_36_Pro_jpg.rf.db96d8c12e02d096818638cb5e5712f1.jpg,,15,1,-14
d3,B3_dist_watershed,WIN_20240129_18_33_27_Pro_jpg.rf.dd1ff897647ae67a1d6c33c4b1dabafd.jpg,,19,28,9
d3,B3_dist_watershed,WIN_20240126_11_52_45_Pro_jpg.rf.ddfe539322245f199d3a742c388bd657.jpg,,17,20,3
d3,B3_dist_watershed,WIN_20240129_10_18_49_Pro_jpg.rf.de5e1130db13909451772b2d2cfcdfbb.jpg,,14,18,4
d3,B3_dist_watershed,WIN_20240126_14_13_27_Pro_jpg.rf.d6b7575b53d88be6b7c7167391270695.jpg,,14,4,-10
d3,B3_dist_watershed,WIN_20240130_15_40_27_Pro_jpg.rf.e0af9c72a479d5215610039844358b5b.jpg,,19,20,1
d3,B3_dist_watershed,WIN_20240129_10_36_37_Pro_jpg.rf.d6398647368e47e020feb08d09960460.jpg,,12,16,4
d3,B3_dist_watershed,WIN_20240202_11_59_56_Pro_jpg.rf.df8d8ec9416bd23b96016f7d9a092845.jpg,,12,1,-11
d3,B3_dist_watershed,WIN_20240202_13_52_22_Pro_jpg.rf.df12bf7bfb47d41f933162fe33d88b03.jpg,,17,25,8
d3,B3_dist_watershed,WIN_20240129_11_21_43_Pro_jpg.rf.e1d1febf6a073f3a66faef1e6968433f.jpg,,17,22,5
d3,B3_dist_watershed,WIN_20240131_11_16_21_Pro_jpg.rf.dec40d5f116a57a93a97bd3578986211.jpg,,11,3,-8
d3,B3_dist_watershed,WIN_20240126_14_05_03_Pro_jpg.rf.ddf89dff75c42d36c02444efcb2fec75.jpg,,13,15,2
d3,B3_dist_watershed,WIN_20240202_12_56_40_Pro_jpg.rf.e2c078090454e23289c0bc6bc4ccc206.jpg,,17,15,-2
d3,B3_dist_watershed,WIN_20240129_10_59_31_Pro_jpg.rf.e396d288d8177a5a7a80c127a5a11dfa.jpg,,15,17,2
d3,B3_dist_watershed,WIN_20240130_16_09_09_Pro_jpg.rf.de05dbc315b3ca08e1c3283e6162cf03.jpg,,15,1,-14
d3,B3_dist_watershed,WIN_20240202_12_03_34_Pro_jpg.rf.e3e4e73e3cd6a2ba23c9839f67e5767f.jpg,,13,1,-12
d3,B3_dist_watershed,WIN_20240129_17_02_13_Pro_jpg.rf.e37a4c1374506a271c5b0a2f39bd5cea.jpg,,14,1,-13
d3,B3_dist_watershed,WIN_20240126_14_55_56_Pro_jpg.rf.e400db2e41031a8ac61a5e3956e44d8c.jpg,,17,20,3
d3,B3_dist_watershed,WIN_20240130_15_56_53_Pro_jpg.rf.e50ab1b39ff542b2f56353045b45f145.jpg,,15,24,9
d3,B3_dist_watershed,WIN_20240202_13_18_45_Pro_jpg.rf.e47cf60a9416308948d5c1bdf60d39d7.jpg,,13,1,-12
d3,B3_dist_watershed,WIN_20240130_16_17_35_Pro_jpg.rf.e41891862a463cc912b597c8402870da.jpg,,17,24,7
d3,B3_dist_watershed,WIN_20240202_12_12_38_Pro_jpg.rf.e85375c803d37bb06cd30238d35d9463.jpg,,14,4,-10
d3,B3_dist_watershed,WIN_20240126_13_48_00_Pro_jpg.rf.e47b2a9d1689137de52242a1528d29d2.jpg,,13,1,-12
d3,B3_dist_watershed,WIN_20240131_11_35_56_Pro_jpg.rf.e7324ca8b3f8dab041ee3ee6ba284e0f.jpg,,11,3,-8
d3,B3_dist_watershed,WIN_20240126_11_39_51_Pro_jpg.rf.e715ea3d8db436ffda3439abaf226a88.jpg,,16,22,6
d3,B3_dist_watershed,WIN_20240129_18_01_08_Pro_jpg.rf.e74cede877dd3d7522c550a349c645fd.jpg,,14,19,5
d3,B3_dist_watershed,WIN_20240202_12_31_04_Pro_jpg.rf.e8edaefabb7117ad77bed0e9ae8cbd0d.jpg,,11,1,-10
d3,B3_dist_watershed,WIN_20240202_12_28_28_Pro_jpg.rf.e5eed96766661b3c2b7fe5278cfa9beb.jpg,,13,20,7
d3,B3_dist_watershed,WIN_20240202_12_26_14_Pro_jpg.rf.e93fce6b4773dac406ec6369d3c01643.jpg,,14,14,0
d3,B3_dist_watershed,WIN_20240130_16_51_04_Pro_jpg.rf.dfdbc639f451f061cab1cb3fc79a07dc.jpg,,12,2,-10
d3,B3_dist_watershed,WIN_20240126_11_21_56_Pro_jpg.rf.e1b307dfe311eeb5553dc59f023450d2.jpg,,9,1,-8
d3,B3_dist_watershed,WIN_20240202_13_44_05_Pro_jpg.rf.e983475d245b2077ddfd254b362bddc4.jpg,,19,26,7
d3,B3_dist_watershed,WIN_20240126_12_11_45_Pro_jpg.rf.e4b3fec7f1512c4648b8fe8cde0ed8b2.jpg,,15,18,3
d3,B3_dist_watershed,WIN_20240126_14_15_22_Pro_jpg.rf.e397001745fb2efc300997e833eafb16.jpg,,14,17,3
d3,B3_dist_watershed,WIN_20240202_13_57_56_Pro_jpg.rf.e5830d71dd103819d962441b29da577b.jpg,,16,18,2
d3,B3_dist_watershed,WIN_20240131_11_03_34_Pro_jpg.rf.e640fda76c6a7ae6ec97721974e3a62e.jpg,,13,5,-8
d3,B3_dist_watershed,WIN_20240126_13_56_36_Pro_jpg.rf.e95a7e66376375375ea1c20839cc75c2.jpg,,13,2,-11
d3,B3_dist_watershed,WIN_20240126_11_55_55_Pro_jpg.rf.e752068588c848f95848a4f75f8c23dc.jpg,,16,22,6
d3,B3_dist_watershed,WIN_20240202_13_14_46_Pro_jpg.rf.ea0e45ea152623a0ebf770bc8879f7a6.jpg,,13,3,-10
d3,B3_dist_watershed,WIN_20240202_12_47_21_Pro_jpg.rf.e9d878444058ded84abd0338c6df57b0.jpg,,16,2,-14
d3,B3_dist_watershed,WIN_20240126_14_00_24_Pro_jpg.rf.ec116e41a2a0cf41b0a2a3afa74392e5.jpg,,12,18,6
d3,B3_dist_watershed,WIN_20240129_10_40_38_Pro_jpg.rf.e9b435f77cdc6e057f35f63218d9abe3.jpg,,12,1,-11
d3,B3_dist_watershed,WIN_20240130_16_26_57_Pro_jpg.rf.ee3679e3df742dd22a973fd35eca16a2.jpg,,16,13,-3
d3,B3_dist_watershed,WIN_20240126_14_11_34_Pro_jpg.rf.e862702866f021912cbc0797d5d06240.jpg,,16,22,6
d3,B3_dist_watershed,WIN_20240129_10_30_57_Pro_jpg.rf.ee25dcb793d54cb19a02641d793f3670.jpg,,15,17,2
d3,B3_dist_watershed,WIN_20240202_13_46_50_Pro_jpg.rf.ef5acb5cb6d24d9a56d51e6d061575d0.jpg,,18,3,-15
d3,B3_dist_watershed,WIN_20240126_14_18_23_Pro_jpg.rf.ebb2343e9341477b4193c2289583c57a.jpg,,15,2,-13
d3,B3_dist_watershed,WIN_20240129_11_03_17_Pro_jpg.rf.ec3b3dffa04f45917c2456c48493fee1.jpg,,14,17,3
d3,B3_dist_watershed,WIN_20240126_14_51_23_Pro_jpg.rf.ef796a881658047434439ab038b49b53.jpg,,15,20,5
d3,B3_dist_watershed,WIN_20240126_11_20_40_Pro_jpg.rf.edb671c512776c8f6966fe4db083263e.jpg,,12,17,5
d3,B3_dist_watershed,WIN_20240131_11_10_31_Pro_jpg.rf.ec62882b2f8f27ddd551c76976214360.jpg,,15,16,1
d3,B3_dist_watershed,WIN_20240129_18_05_03_Pro_jpg.rf.ebc70f4d56dc452372cca0d5b46b2d65.jpg,,17,23,6
d3,B3_dist_watershed,WIN_20240129_11_34_39_Pro_jpg.rf.ed736b242cae197773ea50bef350ef95.jpg,,16,1,-15
d3,B3_dist_watershed,WIN_20240130_15_58_25_Pro_jpg.rf.de90205182a4e92b27f25528e0d1aef4.jpg,,15,1,-14
d3,B3_dist_watershed,WIN_20240131_11_27_26_Pro_jpg.rf.f0de6f1178050698a1af3159b7151c0e.jpg,,13,15,2
d3,B3_dist_watershed,WIN_20240130_15_43_50_Pro_jpg.rf.f0ce7d7ada13c17bb6473cac3db5ec56.jpg,,16,21,5
d3,B3_dist_watershed,WIN_20240126_14_36_26_Pro_jpg.rf.ef81bc4ce8daed454474f9a397276b90.jpg,,19,19,0
d3,B3_dist_watershed,WIN_20240126_14_16_20_Pro_jpg.rf.efa481f28c7a7de66d509a24fb2f21bf.jpg,,16,1,-15
d3,B3_dist_watershed,WIN_20240129_11_23_31_Pro_jpg.rf.f0c0e3900aca8dc0e47a11f0367a970d.jpg,,19,27,8
d3,B3_dist_watershed,WIN_20240126_14_34_30_Pro_jpg.rf.f12a8f9893d0968828d853765201ad31.jpg,,13,17,4
d3,B3_dist_watershed,WIN_20240129_10_39_49_Pro_jpg.rf.eea7c8dbaf9ca0352f882c4b9a8f629a.jpg,,13,14,1
d3,B3_dist_watershed,WIN_20240129_18_28_53_Pro_jpg.rf.efa3f92beb892c44e164045b506c2483.jpg,,18,22,4
d3,B3_dist_watershed,WIN_20240130_16_36_40_Pro_jpg.rf.f21bcfd33cfc578575cfb7b9fb87d2ed.jpg,,13,13,0
d3,B3_dist_watershed,WIN_20240126_14_49_02_Pro_jpg.rf.f24767ef69d1836015abb2309e39fd1f.jpg,,15,2,-13
d3,B3_dist_watershed,WIN_20240126_14_28_54_Pro_jpg.rf.f2de65c9f56e32ff9cf1ad6f36219767.jpg,,12,13,1
d3,B3_dist_watershed,WIN_20240202_13_43_19_Pro_jpg.rf.f3d7ad73ea2cdb5d1252d0818fbaeac7.jpg,,16,18,2
d3,B3_dist_watershed,WIN_20240130_16_35_10_Pro_jpg.rf.f3cbc1ebc34c6fc2152ed4a713189fa6.jpg,,13,1,-12
d3,B3_dist_watershed,WIN_20240129_18_05_44_Pro_jpg.rf.f3926d6aa332bf8656b2d016d0afadf6.jpg,,13,14,1
d3,B3_dist_watershed,WIN_20240126_13_53_19_Pro_jpg.rf.f2d7d574d86ba7eff1a07233c2b32c84.jpg,,13,14,1
d3,B3_dist_watershed,WIN_20240126_12_08_41_Pro_jpg.rf.f557868f8421f64d2a446f69d8bd9d04.jpg,,14,3,-11
d3,B3_dist_watershed,WIN_20240129_18_17_12_Pro_jpg.rf.f3b24996794ee3c916118a6eeb192c0b.jpg,,14,22,8
d3,B3_dist_watershed,WIN_20240130_16_16_06_Pro_jpg.rf.f29151f6b2274731dda89311b7f14123.jpg,,15,21,6
d3,B3_dist_watershed,WIN_20240126_14_45_36_Pro_jpg.rf.f21dd9bd9e5358deb7264eeb968c403b.jpg,,14,2,-12
d3,B3_dist_watershed,WIN_20240129_17_44_01_Pro_jpg.rf.f238dc81d9ad6d10402e7cc022cbb535.jpg,,12,21,9
d3,B3_dist_watershed,WIN_20240129_18_00_27_Pro_jpg.rf.f563baac01ab77c4f17963790f6a71e7.jpg,,16,3,-13
d3,B3_dist_watershed,WIN_20240129_16_40_55_Pro_jpg.rf.f2e6fef7b51cb926c92dfd1e70a72ec6.jpg,,19,2,-17
d3,B3_dist_watershed,WIN_20240201_15_03_37_Pro_jpg.rf.f5740b5fe92d27d46b40c9f89b53db8f.jpg,,15,20,5
d3,B3_dist_watershed,WIN_20240130_16_00_11_Pro_jpg.rf.f59b06f13ec3bdc0f539cc79bd0dfac6.jpg,,16,22,6
d3,B3_dist_watershed,WIN_20240126_14_44_10_Pro_jpg.rf.f5aca6f1ceb429e51173c47c0b64e70f.jpg,,14,16,2
d3,B3_dist_watershed,WIN_20240129_11_25_00_Pro_jpg.rf.f625e5faeaa4cfa323f1cfe90854d03e.jpg,,14,13,-1
d3,B3_dist_watershed,WIN_20240129_11_06_26_Pro_jpg.rf.f2e9aed80c975b01f6dd4384b88c7420.jpg,,14,15,1
d3,B3_dist_watershed,WIN_20240129_18_13_52_Pro_jpg.rf.f4f40db32253a37adb820988182efb3d.jpg,,16,23,7
d3,B3_dist_watershed,WIN_20240131_10_56_21_Pro_jpg.rf.f5ce9f46950804d8f9dc9ba259458fbb.jpg,,13,2,-11
d3,B3_dist_watershed,WIN_20240131_11_09_46_Pro_jpg.rf.f53f8c7d68b018ba898927314ad47672.jpg,,13,3,-10
d3,B3_dist_watershed,WIN_20240201_15_12_43_Pro_jpg.rf.f7328eea93ef246f50c0deec55430509.jpg,,14,3,-11
d3,B3_dist_watershed,WIN_20240127_13_58_00_Pro_jpg.rf.f8b772dc3d88ba8c4138195d4ec8a0db.jpg,,14,16,2
d3,B3_dist_watershed,WIN_20240202_11_51_43_Pro_jpg.rf.f84cc1ccc350bbf703a45998aee44502.jpg,,12,2,-10
d3,B3_dist_watershed,WIN_20240202_13_40_59_Pro_jpg.rf.faa56c0ec095e1befbf0202f77c5d4d0.jpg,,12,16,4
d3,B3_dist_watershed,WIN_20240129_18_10_31_Pro_jpg.rf.f7a4296b52dd5ea35a7042f6264d24b4.jpg,,15,17,2
d3,B3_dist_watershed,WIN_20240202_12_06_42_Pro_jpg.rf.fbde63617b71a338d5eadee2053fd31d.jpg,,16,3,-13
d3,B3_dist_watershed,WIN_20240130_15_44_31_Pro_jpg.rf.fb8934c9c676e091b8e370be5521803f.jpg,,19,3,-16
d3,B3_dist_watershed,WIN_20240126_11_17_54_Pro_jpg.rf.f9a62c2278edaa99a7f57eb7e49151f2.jpg,,10,1,-9
d3,B3_dist_watershed,WIN_20240129_16_50_50_Pro_jpg.rf.f8ba1f2fa5997acf8d22896807ca6c8b.jpg,,19,28,9
d3,B3_dist_watershed,WIN_20240131_11_04_23_Pro_jpg.rf.fc8cc0b9f8cd0fbe208670dc3ae183b3.jpg,,12,2,-10
d3,B3_dist_watershed,WIN_20240130_16_22_49_Pro_jpg.rf.fc0c3bd4ae86ac62869980c9de5df821.jpg,,13,3,-10
d3,B3_dist_watershed,WIN_20240129_17_47_09_Pro_jpg.rf.fc34fbde1b2356d5138ba7fbf9f57f0a.jpg,,14,3,-11
d3,B3_dist_watershed,WIN_20240129_11_19_36_Pro_jpg.rf.fc071bb883e7781511c6707756239d32.jpg,,17,2,-15
d3,B3_dist_watershed,WIN_20240129_16_40_06_Pro_jpg.rf.fbdeec7ad2d06eab24eb2315a218e101.jpg,,13,3,-10
d3,B3_dist_watershed,WIN_20240130_16_09_56_Pro_jpg.rf.ff2fd1b69e34ee0338794195e241c371.jpg,,18,21,3
d3,B3_dist_watershed,WIN_20240126_11_24_40_Pro_jpg.rf.faf48b522c8f7121db047c6cda2fb159.jpg,,11,1,-10
d3,B3_dist_watershed,WIN_20240129_10_35_33_Pro_jpg.rf.fec9bcb40dedf4d0cbb9cae66a6a02d9.jpg,,13,1,-12
d3,B3_dist_watershed,WIN_20240202_12_15_02_Pro_jpg.rf.ff8dbd7676e536b5acd35d493863f7b7.jpg,,14,1,-13
d3,B3_dist_watershed,WIN_20240202_12_48_07_Pro_jpg.rf.fe0db3de3f6f5c14c96d222c420cb88f.jpg,,17,19,2
d3,B3_dist_watershed,WIN_20240129_18_07_25_Pro_jpg.rf.fce2d3a86e3fcc1e41c4cfb80cdcb07f.jpg,,17,16,-1
d3,B3_dist_watershed,WIN_20240126_11_18_24_Pro_jpg.rf.f7c802189b7cb9dacd8c5d58cc218939.jpg,,10,1,-9
d3,B3_dist_watershed,WIN_20240202_12_14_19_Pro_jpg.rf.fce1c9facaefb7fe5ca58cfe02cd6faa.jpg,,14,4,-10
d3,B3_dist_watershed,WIN_20240130_16_22_01_Pro_jpg.rf.fdc98eab0dc01c600cb2991b0aed570b.jpg,,14,1,-13
d3,B3_dist_watershed,WIN_20240202_12_11_06_Pro_jpg.rf.fdb0b57b490ea1aa82226da1948187d5.jpg,,13,16,3
d3,B3_dist_watershed,WIN_20240130_15_56_19_Pro_jpg.rf.fe7a2d0866a583921a60749353620a57.jpg,,14,1,-13
d3,B3_dist_watershed,WIN_20240202_13_53_45_Pro_jpg.rf.ffb77e33ab62a616534b59d94dde7f42.jpg,,11,16,5
d3,B3_dist_watershed,WIN_20240130_16_45_14_Pro_jpg.rf.fdc6011f7cd447eea4794f333aa0fdb9.jpg,,14,1,-13
d3,B3_dist_watershed,WIN_20240129_17_52_20_Pro_jpg.rf.320ae413d97fcbf28313a05745bcb8fa.jpg,,14,3,-11
d3,B3_dist_watershed,WIN_20240202_13_48_12_Pro_jpg.rf.355b546cabf43999eb2a67e3b2dc3788.jpg,,16,1,-15
d3,B3_dist_watershed,WIN_20240129_17_44_31_Pro_jpg.rf.3387a739585d27e50bc7c08addf966e9.jpg,,17,2,-15
d3,B3_dist_watershed,WIN_20240126_11_32_13_Pro_jpg.rf.345ca9061e287e822e30ab1a630c0aea.jpg,,12,15,3
d3,B3_dist_watershed,WIN_20240129_10_51_23_Pro_jpg.rf.36ac671c1c96f603033573122b0ce75b.jpg,,14,18,4
d3,B3_dist_watershed,WIN_20240130_15_59_17_Pro_jpg.rf.343fca61d6b7cd9c2480de46a22c2a70.jpg,,12,15,3
d3,B3_dist_watershed,WIN_20240202_12_05_22_Pro_jpg.rf.35a4e7ddedbfefe77b0477a12f18e22d.jpg,,13,17,4
d3,B3_dist_watershed,WIN_20240126_14_39_29_Pro_jpg.rf.3727947deb78dc55bcddb616ad5a0ebf.jpg,,16,2,-14
d3,B3_dist_watershed,WIN_20240202_13_48_42_Pro_jpg.rf.36d610495f43498150b412ca6a76e4b5.jpg,,16,25,9
d3,B3_dist_watershed,WIN_20240130_16_27_40_Pro_jpg.rf.3225155397432b15a888da2fbea6aca0.jpg,,13,3,-10
d3,B3_dist_watershed,WIN_20240126_11_48_08_Pro_jpg.rf.321a012baad91cb6476a211ba50fa4dc.jpg,,16,19,3
d3,B3_dist_watershed,WIN_20240129_18_07_56_Pro_jpg.rf.327f7d04c1ac5290bc9ad852875480e2.jpg,,14,1,-13
d3,B3_dist_watershed,WIN_20240130_15_46_10_Pro_jpg.rf.320b097b6f4bb8cf620d5ff9f2032ee9.jpg,,15,17,2
d3,B3_dist_watershed,WIN_20240202_11_56_51_Pro_jpg.rf.3804c1256edf98ccb3071e5c877fb44c.jpg,,12,14,2
d3,B3_dist_watershed,WIN_20240127_14_01_22_Pro_jpg.rf.36165435850e87625cc1910e2aa4d36a.jpg,,13,14,1
d3,B3_dist_watershed,WIN_20240126_14_02_22_Pro_jpg.rf.39662d9dabb614f4c53dc3ec7c231c71.jpg,,13,16,3
d3,B3_dist_watershed,WIN_20240126_11_44_00_Pro_jpg.rf.3252d867f41ce70e9a2aacbcbdf72a33.jpg,,16,20,4
d3,B3_dist_watershed,WIN_20240129_10_19_31_Pro_jpg.rf.3a25f797eb8058f7170eff55e181a575.jpg,,14,2,-12
d3,B3_dist_watershed,WIN_20240202_13_36_57_Pro_jpg.rf.3c7e263e386e1e50ac3f3e815cd2a2fe.jpg,,17,2,-15
d3,B3_dist_watershed,WIN_20240129_10_26_17_Pro_jpg.rf.3b9fabd4ea8083e4d399bff8e893523c.jpg,,14,19,5
d3,B3_dist_watershed,WIN_20240129_18_03_41_Pro_jpg.rf.3894c9c2e6d675e116aa535f7d9a2752.jpg,,14,1,-13
d3,B3_dist_watershed,WIN_20240126_14_06_12_Pro_jpg.rf.3dcaf4ca5c49029d60546dbca1ace8d2.jpg,,15,3,-12
d3,B3_dist_watershed,WIN_20240126_13_59_41_Pro_jpg.rf.3c9ec2a569323261fee68424fdf09743.jpg,,13,1,-12
d3,B3_dist_watershed,WIN_20240130_16_31_45_Pro_jpg.rf.3f155ea858ca875d4d59ba1f96df4e8a.jpg,,14,16,2
d3,B3_dist_watershed,WIN_20240201_15_01_45_Pro_jpg.rf.3d8925aaf6af6f9cd7fc4907f09d53f8.jpg,,14,3,-11
d3,B3_dist_watershed,WIN_20240202_12_34_24_Pro_jpg.rf.3ce65ab8c920f72a5abd4b332b4fab38.jpg,,17,25,8
d3,B3_dist_watershed,WIN_20240129_10_56_33_Pro_jpg.rf.3acdb36964ea5ec05a4ddf365641bb95.jpg,,12,1,-11
d3,B3_dist_watershed,WIN_20240202_13_38_13_Pro_jpg.rf.3ddae99e53547d55998ec48f9d268ffb.jpg,,13,13,0
d3,B3_dist_watershed,WIN_20240126_11_32_47_Pro_jpg.rf.3d2b5a0cf18226d4550a0cd59668b085.jpg,,10,10,0
d3,B3_dist_watershed,WIN_20240129_18_23_58_Pro_jpg.rf.3b51f84f2bff1744a4a68523a568d149.jpg,,15,2,-13
d3,B3_dist_watershed,WIN_20240129_11_27_22_Pro_jpg.rf.40044b626623619c5485a62859d2fc1b.jpg,,12,16,4
d3,B3_dist_watershed,WIN_20240130_15_36_53_Pro_jpg.rf.3c19c0706d781e87edf60b0001f1d8c6.jpg,,17,3,-14
d3,B3_dist_watershed,WIN_20240202_11_52_17_Pro_jpg.rf.3af79db71efcde11e8f4ffd817ff132b.jpg,,12,3,-9
d3,B3_dist_watershed,WIN_20240129_16_49_55_Pro_jpg.rf.3f3740c23bc31757d8250773e7413a30.jpg,,18,3,-15
d3,B3_dist_watershed,WIN_20240129_18_13_15_Pro_jpg.rf.3f0f82b73f3d4cc0399c25dd1564741b.jpg,,15,24,9
d3,B3_dist_watershed,WIN_20240126_14_27_23_Pro_jpg.rf.3c75ae12f3f31e8efe6b6da4fa6283b3.jpg,,13,2,-11
d3,B3_dist_watershed,WIN_20240131_11_02_04_Pro_jpg.rf.39ae1f5b7e9e9dce13c81c40918e1fb9.jpg,,14,14,0
d3,B3_dist_watershed,WIN_20240126_11_23_03_Pro_jpg.rf.411e01d1929ceff84d47a9344ffdbee8.jpg,,10,12,2
d3,B3_dist_watershed,WIN_20240130_16_24_52_Pro_jpg.rf.41102f04a2532387760bf5ea7e665c21.jpg,,13,22,9
d3,B3_dist_watershed,WIN_20240129_18_34_48_Pro_jpg.rf.414bba05ba6eff8632390f78d22f9af3.jpg,,16,1,-15
d3,B3_dist_watershed,WIN_20240130_15_55_38_Pro_jpg.rf.4005cc3c25b63fd05a8c610203ce6989.jpg,,13,3,-10
d3,B3_dist_watershed,WIN_20240131_11_25_54_Pro_jpg.rf.4208c18c5fe49badca52992e404d2f34.jpg,,11,1,-10
d3,B3_dist_watershed,WIN_20240127_13_59_22_Pro_jpg.rf.406c35748e046494864bcb6650d904a5.jpg,,16,17,1
d3,B3_dist_watershed,WIN_20240126_11_33_55_Pro_jpg.rf.42501a57e81e1485e2db74fd0890aa57.jpg,,10,2,-8
d3,B3_dist_watershed,WIN_20240129_10_55_03_Pro_jpg.rf.414f65d02dbcd8282a12a9e1d6c6e5bb.jpg,,16,22,6
d3,B3_dist_watershed,WIN_20240129_10_58_32_Pro_jpg.rf.436eaca96d44db6eef73c65b04fca909.jpg,,17,2,-15
d3,B3_dist_watershed,WIN_20240129_16_45_02_Pro_jpg.rf.42da2af13efb43a6eb772245693bf32a.jpg,,15,3,-12
d3,B3_dist_watershed,WIN_20240126_11_30_29_Pro_jpg.rf.437d565c6a390b9d773c66efdd766623.jpg,,14,20,6
d3,B3_dist_watershed,WIN_20240201_15_05_15_Pro_jpg.rf.41bd2eaa3ead195b0270c969c23e995c.jpg,,19,3,-16
d3,B3_dist_watershed,WIN_20240129_11_24_02_Pro_jpg.rf.43ba822244f4d9ea56d60702bfa2e3b9.jpg,,16,25,9
d3,B3_dist_watershed,WIN_20240202_12_17_22_Pro_jpg.rf.4058c86f6c3911a3194f86b50312d3ba.jpg,,15,20,5
d3,B3_dist_watershed,WIN_20240126_11_31_40_Pro_jpg.rf.43a501fdb37eb9643b56b017d3b41784.jpg,,12,2,-10
d3,B3_dist_watershed,WIN_20240202_12_59_12_Pro_jpg.rf.42224ee8e44e17bb355e0c85c022032f.jpg,,13,1,-12
d3,B3_dist_watershed,WIN_20240202_13_11_37_Pro_jpg.rf.42e2ec994f840a7481f4d1ab5c741234.jpg,,18,2,-16
d3,B3_dist_watershed,WIN_20240201_15_04_14_Pro_jpg.rf.44456d6b2689d4e5629e5e64c526649e.jpg,,13,2,-11
d3,B3_dist_watershed,WIN_20240129_10_14_26_Pro_jpg.rf.445877753176976e192ae7593c0f2978.jpg,,17,19,2
d3,B3_dist_watershed,WIN_20240126_14_48_19_Pro_jpg.rf.4a2a24b179a3f8d05cf8e2f96fb904e4.jpg,,15,14,-1
d3,B3_dist_watershed,WIN_20240129_10_43_46_Pro_jpg.rf.445fd45d94dcb48b99028539fc7a2c10.jpg,,13,1,-12
d3,B3_dist_watershed,WIN_20240130_16_12_40_Pro_jpg.rf.4705e142e81fd0256821bd0c3f919f81.jpg,,15,20,5
d3,B3_dist_watershed,WIN_20240130_16_57_04_Pro_jpg.rf.474e1cd060928c159591aa731c218bd8.jpg,,13,1,-12
d3,B3_dist_watershed,WIN_20240126_11_21_14_Pro_jpg.rf.44f0d226131bf87e2447b614e785850a.jpg,,10,15,5
d3,B3_dist_watershed,WIN_20240202_11_55_32_Pro_jpg.rf.47e256590609a764b0433ec29b5356ce.jpg,,12,3,-9
d3,B3_dist_watershed,WIN_20240129_11_32_42_Pro_jpg.rf.464f13ad7c1bfa2f54662d16573a9500.jpg,,17,20,3
d3,B3_dist_watershed,WIN_20240126_11_36_23_Pro_jpg.rf.417a61c3e3c32a8e510594b69d238aa1.jpg,,10,14,4
d3,B3_dist_watershed,WIN_20240202_12_26_46_Pro_jpg.rf.4c2f215f4cedf5cb16ed898296d7797a.jpg,,15,2,-13
d3,B3_dist_watershed,WIN_20240202_14_03_55_Pro_jpg.rf.4a6d6dcfde76473af82d30656056aba3.jpg,,15,18,3
d3,B3_dist_watershed,WIN_20240126_11_47_28_Pro_jpg.rf.4ac510e402753739715241a9b9c9e4a7.jpg,,14,1,-13
d3,B3_dist_watershed,WIN_20240126_14_42_39_Pro_jpg.rf.4c1708d1f6e3d1583d0e2d5b0c884953.jpg,,15,11,-4
d3,B3_dist_watershed,WIN_20240202_11_50_07_Pro_jpg.rf.4d1539522adc939fb51793c68b6a22eb.jpg,,14,1,-13
d3,B3_dist_watershed,WIN_20240126_11_51_20_Pro_jpg.rf.4a15e040f4dc58d57016a7f2e92dd43f.jpg,,12,5,-7
d3,B3_dist_watershed,WIN_20240126_11_41_24_Pro_jpg.rf.4df07d2d2285435927cdbbd86aeaa685.jpg,,15,16,1
d3,B3_dist_watershed,WIN_20240126_14_06_43_Pro_jpg.rf.4d05ee8c0e2792c3cc63ff2477f15b1a.jpg,,15,2,-13
d3,B3_dist_watershed,WIN_20240130_16_52_15_Pro_jpg.rf.4d19f3a3f79beb51e814ab26810e970d.jpg,,14,22,8
d3,B3_dist_watershed,WIN_20240130_16_56_01_Pro_jpg.rf.4713f051c723fbecd5080321c6fea461.jpg,,13,1,-12
d3,B3_dist_watershed,WIN_20240202_12_08_16_Pro_jpg.rf.4e6bb42821972d8908809c0610d56ae6.jpg,,12,12,0
d3,B3_dist_watershed,WIN_20240129_11_09_19_Pro_jpg.rf.4ebee8e368f2fb94facb1364d7fe932c.jpg,,15,18,3
d3,B3_dist_watershed,WIN_20240130_16_41_56_Pro_jpg.rf.4e2e453f78b7f07f28f12fdbb29d506d.jpg,,13,4,-9
d3,B3_dist_watershed,WIN_20240202_13_17_39_Pro_jpg.rf.4ef730e0b4cadc2a985c675a34c03120.jpg,,14,2,-12
d3,B3_dist_watershed,WIN_20240130_16_53_09_Pro_jpg.rf.4ea4b3e211842c099bac687fff89cf71.jpg,,12,15,3
d3,B3_dist_watershed,WIN_20240202_13_20_40_Pro_jpg.rf.4810f1128dc2bb8fc9d311b9512969b5.jpg,,18,1,-17
d3,B3_dist_watershed,WIN_20240129_10_49_13_Pro_jpg.rf.527020603388449407e49fa9891aefc7.jpg,,16,1,-15
d3,B3_dist_watershed,WIN_20240129_11_16_48_Pro_jpg.rf.52cef322e1febe699db508a4bfbaf660.jpg,,14,17,3
d3,B3_dist_watershed,WIN_20240129_11_35_15_Pro_jpg.rf.50d029b57aafc92af6d5e2217bbbdeec.jpg,,17,20,3
d3,B3_dist_watershed,WIN_20240129_17_51_30_Pro_jpg.rf.521bcf8157807ee0ab9603afce51fd30.jpg,,18,2,-16
d3,B3_dist_watershed,WIN_20240202_13_59_27_Pro_jpg.rf.53039310194e95821491c246fc5c923f.jpg,,14,14,0
d3,B3_dist_watershed,WIN_20240129_18_06_43_Pro_jpg.rf.4ee9fe246fa41ba10fb8ed954bffa405.jpg,,15,19,4
d3,B3_dist_watershed,WIN_20240126_11_33_13_Pro_jpg.rf.52062c50934c7e419f915c18108f2d04.jpg,,11,2,-9
d3,B3_dist_watershed,WIN_20240202_12_57_18_Pro_jpg.rf.5277a3c2228851bb6d024af37b611098.jpg,,14,1,-13
d3,B3_dist_watershed,WIN_20240202_12_22_37_Pro_jpg.rf.54e105a0580f61ae6ce979433208aaf5.jpg,,17,22,5
d3,B3_dist_watershed,WIN_20240130_16_08_17_Pro_jpg.rf.5360a38a65150926f5abd85d2fc8555f.jpg,,15,4,-11
d3,B3_dist_watershed,WIN_20240129_11_20_17_Pro_jpg.rf.55a1347e40b51726b491e8be7c8c1b72.jpg,,16,21,5
d3,B3_dist_watershed,WIN_20240129_10_34_22_Pro_jpg.rf.57dfe8be3efa6f226116424bc7603e60.jpg,,14,3,-11
d3,B3_dist_watershed,WIN_20240129_16_55_01_Pro_jpg.rf.53baeabdb09705569e7d942722d5964c.jpg,,17,2,-15
d3,B3_dist_watershed,WIN_20240130_16_54_32_Pro_jpg.rf.55509111c1bd90cbea3a725ac77e7af7.jpg,,14,1,-13
d3,B3_dist_watershed,WIN_20240129_17_53_55_Pro_jpg.rf.5962868a84df0f507203f1162fa86d6d.jpg,,13,3,-10
d3,B3_dist_watershed,WIN_20240130_16_18_39_Pro_jpg.rf.5433fd811deecabb18029f952e058acb.jpg,,15,1,-14
d3,B3_dist_watershed,WIN_20240126_14_04_22_Pro_jpg.rf.585709c2251dae8d4119de171206f56a.jpg,,13,8,-5
d3,B3_dist_watershed,WIN_20240202_13_40_27_Pro_jpg.rf.589ff581d9d41e690b95c4cbc520fc05.jpg,,16,20,4
d3,B3_dist_watershed,WIN_20240126_14_13_58_Pro_jpg.rf.5499ea7e37bba31056d0d45c796b4bbd.jpg,,17,23,6
d3,B3_dist_watershed,WIN_20240129_18_32_21_Pro_jpg.rf.58adcf0d6803b9c57020089717df5198.jpg,,19,3,-16
d3,B3_dist_watershed,WIN_20240129_16_52_29_Pro_jpg.rf.521391635b21813a6def6492cd707376.jpg,,11,14,3
d3,B3_dist_watershed,WIN_20240129_11_30_36_Pro_jpg.rf.58ea1ada47ffb929c2683016d7641133.jpg,,17,1,-16
d3,B3_dist_watershed,WIN_20240131_11_17_06_Pro_jpg.rf.5a72f504c334907e8ccc834669ce65ac.jpg,,12,16,4
d3,B3_dist_watershed,WIN_20240130_15_52_32_Pro_jpg.rf.5b665f9bb0f140e21118f2f3de8d8c7d.jpg,,16,23,7
d3,B3_dist_watershed,WIN_20240131_10_55_02_Pro_jpg.rf.5d1419ff4697e04a70f11cd8b5bc3a6e.jpg,,15,1,-14
d3,B3_dist_watershed,WIN_20240202_13_13_44_Pro_jpg.rf.5b669f75c45b247f5797519b2c4ab4a9.jpg,,15,2,-13
d3,B3_dist_watershed,WIN_20240129_10_28_59_Pro_jpg.rf.5c4fcfb79c80ab3b03d9a5e4ed704d5a.jpg,,16,2,-14
d3,B3_dist_watershed,WIN_20240127_14_01_48_Pro_jpg.rf.60fd37839aeb3b5ce4687b2d51ff079b.jpg,,15,2,-13
d3,B3_dist_watershed,WIN_20240129_11_06_55_Pro_jpg.rf.5e5fec26b4865629574c79a84b855a76.jpg,,15,19,4
d3,B3_dist_watershed,WIN_20240129_11_32_12_Pro_jpg.rf.60331de47e1bcee3c395cf07b4c8e2ea.jpg,,15,3,-12
d3,B3_dist_watershed,WIN_20240202_11_50_55_Pro_jpg.rf.61d277d7784ab604d0dd1385a24b2ba1.jpg,,13,16,3
d3,B3_dist_watershed,WIN_20240131_11_14_25_Pro_jpg.rf.606037e07bc301e2a139f85b6cda01c8.jpg,,12,13,1
d3,B3_dist_watershed,WIN_20240130_16_28_31_Pro_jpg.rf.5ee74c7495a3cb3cad96fff51585c3bf.jpg,,13,4,-9
d3,B3_dist_watershed,WIN_20240129_17_03_10_Pro_jpg.rf.62dbc3d49354b1e820b88eeac587e0a8.jpg,,15,3,-12
d3,B3_dist_watershed,WIN_20240129_11_04_36_Pro_jpg.rf.62b1803fb9dfcf9083fda6c7170f362c.jpg,,14,2,-12
d3,B3_dist_watershed,WIN_20240131_10_58_14_Pro_jpg.rf.62c94ec75c97d7def9a726cce0d50ae9.jpg,,14,1,-13
d3,B3_dist_watershed,WIN_20240129_10_23_17_Pro_jpg.rf.61b0a7a6a091aed9dbbcf893f41a4632.jpg,,13,12,-1
d3,B3_dist_watershed,WIN_20240129_17_04_48_Pro_jpg.rf.58dbd04b46d16fb5f81a5a1d0dd94808.jpg,,18,23,5
d3,B3_dist_watershed,WIN_20240126_14_35_05_Pro_jpg.rf.6057971e8d5bdbb710b627482b7d19a8.jpg,,15,17,2
d3,B3_dist_watershed,WIN_20240129_11_39_16_Pro_jpg.rf.62c64a7ecebd450b6e10df421e783fd6.jpg,,16,21,5
d3,B3_dist_watershed,WIN_20240129_11_29_58_Pro_jpg.rf.631e6d8c8c73fd97f8566f049c40e55b.jpg,,15,7,-8
d3,B3_dist_watershed,WIN_20240129_17_03_57_Pro_jpg.rf.6201a15314182ba92ffee4192b80ec3a.jpg,,16,1,-15
d3,B3_dist_watershed,WIN_20240129_11_37_16_Pro_jpg.rf.63cb7f316886473e333339c72b2e8c7b.jpg,,15,17,2
d3,B3_dist_watershed,WIN_20240202_12_43_17_Pro_jpg.rf.615a1b21d6e0e5526bd7ee139e064c1c.jpg,,13,13,0
d3,B3_dist_watershed,WIN_20240202_13_46_11_Pro_jpg.rf.62dc1b606d74f1574842a063cb2cfb0d.jpg,,18,24,6
d3,B3_dist_watershed,WIN_20240202_12_08_51_Pro_jpg.rf.6616a0dc11f1d7badde5c154bc60393f.jpg,,15,17,2
d3,B3_dist_watershed,WIN_20240131_11_23_09_Pro_jpg.rf.66ebc2ced1666ac8636e31b69a5ac10d.jpg,,10,1,-9
d3,B3_dist_watershed,WIN_20240129_16_49_22_Pro_jpg.rf.661c9233969276f4776b52744720cd28.jpg,,14,3,-11
d3,B3_dist_watershed,WIN_20240129_11_27_53_Pro_jpg.rf.697e118c8d6f7c1afa24efa9ce41cd23.jpg,,15,19,4
d3,B3_dist_watershed,WIN_20240131_11_28_43_Pro_jpg.rf.698bdd28eb50efd660f998a5ce781ff3.jpg,,11,2,-9
d3,B3_dist_watershed,WIN_20240126_12_03_33_Pro_jpg.rf.6b0b6eee0b6563aa6e2ae89cd1527148.jpg,,12,17,5
d3,B3_dist_watershed,WIN_20240130_15_47_44_Pro_jpg.rf.62e9617f63069b6d0c57d3aa830c73a8.jpg,,18,3,-15
d3,B3_dist_watershed,WIN_20240129_11_20_41_Pro_jpg.rf.695091c30f847406645d0be0867e86e1.jpg,,15,24,9
d3,B3_dist_watershed,WIN_20240131_10_59_21_Pro_jpg.rf.6890229c592d8cec631fa34143a91870.jpg,,14,3,-11
d3,B3_dist_watershed,WIN_20240130_16_04_10_Pro_jpg.rf.64f3d7463da18ea62393fc53e725bf6f.jpg,,14,2,-12
d3,B3_dist_watershed,WIN_20240126_14_47_35_Pro_jpg.rf.683819ad6af2c7d24bf59aeb7f728846.jpg,,14,17,3
d3,B3_dist_watershed,WIN_20240129_11_26_09_Pro_jpg.rf.6a9c3019af2c127f41ce7f6520f9aead.jpg,,15,14,-1
d3,B3_dist_watershed,WIN_20240131_11_15_29_Pro_jpg.rf.6d25728137c891405f31a7c703988f45.jpg,,13,15,2
d3,B3_dist_watershed,WIN_20240129_10_46_56_Pro_jpg.rf.69baac9c2a52b246f58fffe009fb9698.jpg,,15,2,-13
d3,B3_dist_watershed,WIN_20240129_11_17_45_Pro_jpg.rf.69834591e170e362770518b0114dd78d.jpg,,13,2,-11
d3,B3_dist_watershed,WIN_20240130_15_35_36_Pro_jpg.rf.6d2d1ddd3c52f5caa970aed95ed9acbe.jpg,,19,1,-18
d3,B3_dist_watershed,WIN_20240202_13_13_07_Pro_jpg.rf.6d27de4aedc8495a7286315a5238b58a.jpg,,13,1,-12
d3,B3_dist_watershed,WIN_20240129_10_21_40_Pro_jpg.rf.6c32a9234b28b53e1834b4d29aad0127.jpg,,13,1,-12
d3,B3_dist_watershed,WIN_20240127_13_45_20_Pro_jpg.rf.6d9ee628a7a4bd98283f5abdb85bfd67.jpg,,4,1,-3
d3,B3_dist_watershed,WIN_20240126_14_03_11_Pro_jpg.rf.6d67b04c02ddbab1e6562fb099fc97d4.jpg,,11,2,-9
d3,B3_dist_watershed,WIN_20240129_18_35_52_Pro_jpg.rf.6ea1cbccd58663b871c1480b39bfae61.jpg,,14,1,-13
d3,B3_dist_watershed,WIN_20240129_11_37_45_Pro_jpg.rf.6ff969519c47d1bde3d488f0b1cadd5b.jpg,,14,22,8
d3,B3_dist_watershed,WIN_20240126_13_54_02_Pro_jpg.rf.6f729ff0362bd5b3cb427db50c3fccb5.jpg,,12,2,-10
d3,B3_dist_watershed,WIN_20240129_10_45_20_Pro_jpg.rf.72ccb4185601876108af1766721936a5.jpg,,15,16,1
d3,B3_dist_watershed,WIN_20240126_11_22_27_Pro_jpg.rf.71b7c193b718365e6004e7cba637c6c6.jpg,,11,1,-10
d3,B3_dist_watershed,WIN_20240202_12_51_02_Pro_jpg.rf.720f9aaf5401445d610b3bcf4776d308.jpg,,14,1,-13
d3,B3_dist_watershed,WIN_20240130_16_06_23_Pro_jpg.rf.737690dd5415723f9388f64449ca3f17.jpg,,16,22,6
d3,B3_dist_watershed,WIN_20240129_11_29_04_Pro_jpg.rf.731d514f69eb277dcbdd541921c1c04e.jpg,,19,29,10
d3,B3_dist_watershed,WIN_20240126_12_12_16_Pro_jpg.rf.6e297730ed0e8e8706788711537def03.jpg,,12,2,-10
d3,B3_dist_watershed,WIN_20240129_10_50_14_Pro_jpg.rf.761a9d9043521638e850f9eabaa88653.jpg,,17,18,1
d3,B3_dist_watershed,WIN_20240126_14_41_41_Pro_jpg.rf.738b78acacb5e4965aa74ba60b5ee260.jpg,,17,20,3
d3,B3_dist_watershed,WIN_20240129_18_01_54_Pro_jpg.rf.743f6b905ee4597000cc958e76836e24.jpg,,14,1,-13
d3,B3_dist_watershed,WIN_20240129_16_48_26_Pro_jpg.rf.73d300bcc5afff6f04f103e45e0b5e93.jpg,,16,20,4
d3,B3_dist_watershed,WIN_20240126_12_04_05_Pro_jpg.rf.77e7b86dbfe74d78a204d3ba15f635aa.jpg,,15,24,9
d3,B3_dist_watershed,WIN_20240202_13_47_26_Pro_jpg.rf.7869c01c82a3f49651d3ca42e66a625b.jpg,,14,8,-6
d3,B3_dist_watershed,WIN_20240129_17_55_09_Pro_jpg.rf.7af7552d55eae0a943ad6dec82e871c4.jpg,,13,2,-11
d3,B3_dist_watershed,WIN_20240126_14_29_56_Pro_jpg.rf.7a59c25384e339f0c519b90ec0447d1e.jpg,,16,22,6
d3,B3_dist_watershed,WIN_20240202_12_33_33_Pro_jpg.rf.774a3545faf7d690232c653f94e3b103.jpg,,15,2,-13
d3,B3_dist_watershed,WIN_20240126_14_12_57_Pro_jpg.rf.737dc38cba73a724fdf0e5c8f1e8d268.jpg,,14,16,2
d3,B3_dist_watershed,WIN_20240129_17_45_55_Pro_jpg.rf.7ae2c5e2a4608c2f3b24a38866b89ee8.jpg,,15,2,-13
d3,B3_dist_watershed,WIN_20240126_12_06_49_Pro_jpg.rf.793cb0e02d0290da970bb97190e1cf41.jpg,,15,2,-13
d3,B3_dist_watershed,WIN_20240126_11_49_04_Pro_jpg.rf.7b02f6b55565d30186042ff7ef580fb7.jpg,,12,18,6
d3,B3_dist_watershed,WIN_20240129_10_52_11_Pro_jpg.rf.6f5d079a69e2e7cb6661f4567980ecd2.jpg,,17,19,2
d3,B3_dist_watershed,WIN_20240129_16_45_39_Pro_jpg.rf.7821a8d2d9eb33fc8d11afaffbf6c755.jpg,,12,1,-11
d3,B3_dist_watershed,WIN_20240129_17_01_04_Pro_jpg.rf.7ab9b7f6828be528aa0cfa14fbcf6aa9.jpg,,13,1,-12
d3,B3_dist_watershed,WIN_20240129_11_31_32_Pro_jpg.rf.7b98789b41531d6af0c80658ca9ca69a.jpg,,16,2,-14
d3,B3_dist_watershed,WIN_20240129_16_54_05_Pro_jpg.rf.7c29fb4b8fd31bb99e07e1791ac0dfca.jpg,,15,15,0
d3,B3_dist_watershed,WIN_20240130_16_10_59_Pro_jpg.rf.7b468dce85f0aa237216d3c66882da7e.jpg,,15,1,-14
d3,B3_dist_watershed,WIN_20240131_11_32_18_Pro_jpg.rf.7bc207ba8375da73941e0b495ec4a5e5.jpg,,13,4,-9
d3,B3_dist_watershed,WIN_20240202_12_50_22_Pro_jpg.rf.7b04f3c6c3cf469bf9cfab26e2a54db2.jpg,,15,16,1
d3,B3_dist_watershed,WIN_20240129_10_37_35_Pro_jpg.rf.7c8b4ed172d31f5e143fa7509b29e467.jpg,,15,17,2
d3,B3_dist_watershed,WIN_20240129_18_08_29_Pro_jpg.rf.81535be7d8673299ce8db2022dc51c2a.jpg,,13,7,-6
d3,B3_dist_watershed,WIN_20240126_14_00_50_Pro_jpg.rf.81a913a5be7e3f7960b009d5b9948fa3.jpg,,13,5,-8
d3,B3_dist_watershed,WIN_20240201_15_06_57_Pro_jpg.rf.7c93328e926f5e91be13ac044ef7ae3c.jpg,,16,3,-13
d3,B3_dist_watershed,WIN_20240129_11_36_48_Pro_jpg.rf.8283fc504b440770706462179c2daca9.jpg,,14,17,3
d3,B3_dist_watershed,WIN_20240130_16_58_10_Pro_jpg.rf.83b2b96fc5c37c5e051aafa9a6698b0e.jpg,,12,13,1
d3,B3_dist_watershed,WIN_20240129_17_01_42_Pro_jpg.rf.7c55929ec48ba852b9474d1b760b8546.jpg,,15,21,6
d3,B3_dist_watershed,WIN_20240127_13_59_46_Pro_jpg.rf.7c324a48a7c23af504b4e4b68515470b.jpg,,16,18,2
d3,B3_dist_watershed,WIN_20240126_13_55_58_Pro_jpg.rf.7e2da0db4aad3f3e6d8cf8c4bad7251d.jpg,,12,18,6
d3,B3_dist_watershed,WIN_20240126_11_28_09_Pro_jpg.rf.84a0724a1a2fab5f7dd80af0bcb30f49.jpg,,11,1,-10
d3,B3_dist_watershed,WIN_20240129_17_47_45_Pro_jpg.rf.7f0ec642b6b859d9e2aa952d411c136a.jpg,,15,1,-14
d3,B3_dist_watershed,WIN_20240127_13_43_57_Pro_jpg.rf.7f0f8a10231dec2c4a87a597e267b03b.jpg,,12,2,-10
d3,B3_dist_watershed,WIN_20240129_16_58_25_Pro_jpg.rf.7ce4e0013add42ee1befb9a9d04cab3f.jpg,,13,14,1
d3,B3_dist_watershed,WIN_20240129_10_20_54_Pro_jpg.rf.84d880d9c0e5b608f68e43d0e4c01c5b.jpg,,13,18,5
d3,B3_dist_watershed,WIN_20240202_13_10_51_Pro_jpg.rf.8552b709865648e0d2707f04c40a16bd.jpg,,14,18,4
d3,B3_dist_watershed,WIN_20240202_13_39_53_Pro_jpg.rf.88191dfb280c238481a423d1be62dc9a.jpg,,19,21,2
d3,B3_dist_watershed,WIN_20240129_16_47_59_Pro_jpg.rf.85a5e39b4421512ed2d80f2704cf4dfa.jpg,,15,1,-14
d3,B3_dist_watershed,WIN_20240126_14_17_43_Pro_jpg.rf.8967172f1b064fcc9399a3f546920dc2.jpg,,13,2,-11
d3,B3_dist_watershed,WIN_20240130_16_16_50_Pro_jpg.rf.889f595ed769b0a344cd1d07340ac4c5.jpg,,13,2,-11
d3,B3_dist_watershed,WIN_20240129_16_46_18_Pro_jpg.rf.8597544e98d3575144abaa60e968b790.jpg,,15,15,0
d3,B3_dist_watershed,WIN_20240126_11_16_25_Pro_jpg.rf.86c48a92f863237fa98c015e93960cf5.jpg,,11,14,3
d3,B3_dist_watershed,WIN_20240126_11_27_31_Pro_jpg.rf.8b5eb28e7cd63da56b3a9befcf6852b0.jpg,,13,13,0
d3,B3_dist_watershed,WIN_20240129_17_49_12_Pro_jpg.rf.89ff58d4cc1d7c1a2d30c20b34b4d17a.jpg,,18,1,-17
d3,B3_dist_watershed,WIN_20240129_16_42_57_Pro_jpg.rf.879444b9bb20302d551711a97aeb640c.jpg,,15,2,-13
d3,B3_dist_watershed,WIN_20240202_12_18_39_Pro_jpg.rf.8caa0610e3682f33d55cf434b9a19796.jpg,,17,26,9
d3,B3_dist_watershed,WIN_20240129_11_21_08_Pro_jpg.rf.8c1b9d86b1e16604d809442e66cd47f3.jpg,,15,24,9
d3,B3_dist_watershed,WIN_20240127_13_58_25_Pro_jpg.rf.8f86838e002a11ec51bd8e69222acdc9.jpg,,14,8,-6
d3,B3_dist_watershed,WIN_20240129_11_12_54_Pro_jpg.rf.8e84120daa6e1842e71a340bff254cd8.jpg,,17,18,1
d3,B3_dist_watershed,WIN_20240202_13_12_37_Pro_jpg.rf.8ff83acf9f75125234a0f60756ff0bc0.jpg,,13,3,-10
d3,B3_dist_watershed,WIN_20240129_18_16_21_Pro_jpg.rf.8df51bbb632941b24cc917221e53fe3a.jpg,,17,1,-16
d3,B3_dist_watershed,WIN_20240129_11_17_15_Pro_jpg.rf.906dac8ffb96dc0ef4108cff45389360.jpg,,15,23,8
d3,B3_dist_watershed,WIN_20240130_15_48_39_Pro_jpg.rf.90153f9ee9d570368a71a58a6be1fcce.jpg,,16,3,-13
d3,B3_dist_watershed,WIN_20240202_13_42_14_Pro_jpg.rf.8d96e8faac5a69e37d5c4d629c6aad2b.jpg,,14,1,-13
d3,B3_dist_watershed,WIN_20240126_12_14_37_Pro_jpg.rf.8e3c0786ac8fc1621f2c6ceba00205e5.jpg,,17,21,4
d3,B3_dist_watershed,WIN_20240126_11_13_58_Pro_jpg.rf.8c256cf9cf05e964fbef3144e0771b05.jpg,,10,1,-9
d3,B3_dist_watershed,WIN_20240126_14_53_37_Pro_jpg.rf.925d096c1d52e48badbb7bcfaf0efc6a.jpg,,10,11,1
d3,B3_dist_watershed,WIN_20240202_12_11_42_Pro_jpg.rf.91e9b50438d5b44e7f9a511dedc2265b.jpg,,14,1,-13
d3,B3_dist_watershed,WIN_20240202_11_52_45_Pro_jpg.rf.94b2a11fef5edea0c7eca6376a5f2320.jpg,,14,22,8
d3,B3_dist_watershed,WIN_20240129_11_02_40_Pro_jpg.rf.945405099d1075d5ad07194e63a41226.jpg,,16,23,7
d3,B3_dist_watershed,WIN_20240129_11_34_07_Pro_jpg.rf.9314a5ff2d7c8da364ffd04fad4270dd.jpg,,14,20,6
d3,B3_dist_watershed,WIN_20240129_16_46_59_Pro_jpg.rf.95d5fd8bb1cd94b6e8e759df8e0c5c6f.jpg,,16,2,-14
d3,B3_dist_watershed,WIN_20240202_13_04_14_Pro_jpg.rf.958b2b67defb8a839cfaf1b85abca176.jpg,,12,12,0
d3,B3_dist_watershed,WIN_20240130_16_19_13_Pro_jpg.rf.9509b479d37b1342167890edc986f562.jpg,,16,10,-6
d3,B3_dist_watershed,WIN_20240202_13_45_31_Pro_jpg.rf.95a90d7f96a4fb4eaf24ac5b131fd450.jpg,,16,1,-15
d3,B3_dist_watershed,WIN_20240126_11_49_48_Pro_jpg.rf.96f75124cbd7b05d90759f1ec9f7e60d.jpg,,13,1,-12
d3,B3_dist_watershed,WIN_20240202_13_15_41_Pro_jpg.rf.95936b9b306a1a2730decb1440d81881.jpg,,19,25,6
d3,B3_dist_watershed,WIN_20240129_10_57_23_Pro_jpg.rf.9690bde24b36ecc771f794939418f407.jpg,,18,3,-15
d3,B3_dist_watershed,WIN_20240201_15_10_08_Pro_jpg.rf.954ee9faae9a7cb53750b1bf34096f73.jpg,,15,1,-14
d3,B3_dist_watershed,WIN_20240129_18_09_38_Pro_jpg.rf.95e883b4e9b091fc757dbc0752965133.jpg,,14,1,-13
d3,B3_dist_watershed,WIN_20240129_18_34_06_Pro_jpg.rf.994216dfa3f1be74fea80165746f75d8.jpg,,18,3,-15
d3,B3_dist_watershed,WIN_20240202_12_49_52_Pro_jpg.rf.9c4c5a6249fa1c5e684985b086164401.jpg,,13,17,4
d3,B3_dist_watershed,WIN_20240201_15_08_44_Pro_jpg.rf.9a9b13f998e4e65e63428a3776171592.jpg,,12,1,-11
d3,B3_dist_watershed,WIN_20240127_13_54_57_Pro_jpg.rf.984207e9047767b064babf8ca3f319ad.jpg,,15,1,-14
d3,B3_dist_watershed,WIN_20240131_10_55_47_Pro_jpg.rf.9d28fa84b9e7667e52a8aed10b9da49d.jpg,,14,1,-13
d3,B3_dist_watershed,WIN_20240126_12_12_57_Pro_jpg.rf.9cb05b39df8e8ff5e3c07a344f698d94.jpg,,16,3,-13
d3,B3_dist_watershed,WIN_20240202_12_32_24_Pro_jpg.rf.9bc13fddc6a5ecbda6cac73d9d826e85.jpg,,14,16,2
d3,B3_dist_watershed,WIN_20240131_11_08_18_Pro_jpg.rf.9c946548a3fa4eb6b483417faceb9170.jpg,,13,1,-12
d3,B3_dist_watershed,WIN_20240129_18_04_33_Pro_jpg.rf.9883eca333459f1a8017582757e2e645.jpg,,14,3,-11
d3,B3_dist_watershed,WIN_20240127_13_44_34_Pro_jpg.rf.9ca915916cd745c2491cdc3ec348e037.jpg,,11,1,-10
d3,B3_dist_watershed,WIN_20240131_11_25_16_Pro_jpg.rf.9c4c390173186e8b302c4f894529a63a.jpg,,13,12,-1
d3,B3_dist_watershed,WIN_20240126_11_24_00_Pro_jpg.rf.9e8e00d36a36128c44010c85db8072b5.jpg,,10,15,5
d3,B3_dist_watershed,WIN_20240127_13_52_39_Pro_jpg.rf.9b033ec7900fab8e08e8e7d3a82d62da.jpg,,16,18,2
d3,B3_dist_watershed,WIN_20240126_13_35_30_Pro_jpg.rf.9eb3312a9468ec060d673ce1dd0cf970.jpg,,15,19,4
d3,B3_dist_watershed,WIN_20240131_11_30_58_Pro_jpg.rf.a01776502d1fe3d889485f92b3f7469f.jpg,,10,19,9
d3,B3_dist_watershed,WIN_20240131_11_24_33_Pro_jpg.rf.99847bcd2e2066b4f296c57075e10f15.jpg,,13,1,-12
d3,B3_dist_watershed,WIN_20240129_11_08_08_Pro_jpg.rf.9f29f02a478400855467e21b806b7767.jpg,,15,1,-14
d3,B3_dist_watershed,WIN_20240126_14_40_50_Pro_jpg.rf.9ee2e0a3516e35d31a52bc04d16f38b1.jpg,,14,4,-10
d3,B3_dist_watershed,WIN_20240131_11_06_19_Pro_jpg.rf.a132e55755064b8e77867870c1a6dfc6.jpg,,15,1,-14
d3,B3_dist_watershed,WIN_20240126_11_51_54_Pro_jpg.rf.a08f2f75e70a5516d1b77ee695a8138a.jpg,,13,5,-8
d3,B3_dist_watershed,WIN_20240129_16_55_57_Pro_jpg.rf.9f619ded33c906a2778175f36facf9ee.jpg,,15,2,-13
d3,B3_dist_watershed,WIN_20240127_13_48_39_Pro_jpg.rf.a343f4b84ed4f516b5957600528622b4.jpg,,14,2,-12
d3,B3_dist_watershed,WIN_20240201_15_06_05_Pro_jpg.rf.ac06829cc10cb77d434d545b70460300.jpg,,14,2,-12
d3,B3_dist_watershed,WIN_20240126_11_28_47_Pro_jpg.rf.a686dc0c9d69a6d7677a0abba3f7f2c0.jpg,,12,2,-10
d3,B3_dist_watershed,WIN_20240130_16_34_31_Pro_jpg.rf.a619882e5e6aa97fdd38ebb0c0c2e65d.jpg,,15,4,-11
d3,B3_dist_watershed,WIN_20240129_17_45_14_Pro_jpg.rf.adc69c8d5056760ed2c3274799d3c78d.jpg,,15,1,-14
d3,B3_dist_watershed,WIN_20240201_14_59_34_Pro_jpg.rf.a50eaeaaa6be490646f1a65102e84ec7.jpg,,13,2,-11
d3,B3_dist_watershed,WIN_20240201_15_14_14_Pro_jpg.rf.b0430ed09059edbe7135f78abac76b16.jpg,,16,21,5
d3,B3_dist_watershed,WIN_20240129_11_25_32_Pro_jpg.rf.aee97d02c862f3c8d62a66b789675570.jpg,,18,25,7
d3,B3_dist_watershed,WIN_20240202_12_27_54_Pro_jpg.rf.adc2fd262b6187a631356e2d46756782.jpg,,15,2,-13
d3,B3_dist_watershed,WIN_20240126_11_25_25_Pro_jpg.rf.b13f822f92165f7087780918261fa5d9.jpg,,14,1,-13
d3,B3_dist_watershed,WIN_20240126_11_39_09_Pro_jpg.rf.ad09ad4ecc0a14e6b95b20adedeeba62.jpg,,14,1,-13
d3,B3_dist_watershed,WIN_20240126_11_54_47_Pro_jpg.rf.b280db51fbe83ffdf047a3f3d6020438.jpg,,15,19,4
d3,B3_dist_watershed,WIN_20240130_16_59_02_Pro_jpg.rf.b1257bdce0064ee4aa2cba1b464d6d25.jpg,,14,2,-12
d3,B3_dist_watershed,WIN_20240202_11_54_46_Pro_jpg.rf.af7544ccdeb305d5f2b0a02d37090077.jpg,,12,3,-9
d3,B3_dist_watershed,WIN_20240131_11_13_44_Pro_jpg.rf.a86d0e54ddd2fb36f931332cacd5f61f.jpg,,14,16,2
d3,B3_dist_watershed,WIN_20240130_15_39_41_Pro_jpg.rf.adcf4cf2a1c4b47fcf098796ee755db5.jpg,,16,2,-14
d3,B3_dist_watershed,WIN_20240129_11_33_21_Pro_jpg.rf.b40ac631559479eb41e93cde8e29e515.jpg,,18,2,-16
d3,B3_dist_watershed,WIN_20240129_11_05_09_Pro_jpg.rf.b3c2ba94f657cbbc48a672d153bf94c5.jpg,,12,3,-9
d3,B3_dist_watershed,WIN_20240202_12_35_07_Pro_jpg.rf.b52fda488316871e0c490860023209e7.jpg,,18,25,7
d3,B3_dist_watershed,WIN_20240126_14_14_22_Pro_jpg.rf.b55af3a664ae7729cfb215a343cf268d.jpg,,13,2,-11
d3,B3_dist_watershed,WIN_20240130_16_51_33_Pro_jpg.rf.b41735e0dfc0c910fec3467288a56517.jpg,,12,1,-11
d3,B3_dist_watershed,WIN_20240129_10_55_53_Pro_jpg.rf.b5bf156480bb45a28e125485adeb7e2f.jpg,,15,3,-12
d3,B3_dist_watershed,WIN_20240126_12_07_36_Pro_jpg.rf.b711ac3dc0bcf4462dc2831292af46d8.jpg,,19,23,4
d3,B3_dist_watershed,WIN_20240129_17_41_35_Pro_jpg.rf.b58ad89f076ed975a662226b8af1bc3f.jpg,,17,3,-14
d3,B3_dist_watershed,WIN_20240129_18_30_46_Pro_jpg.rf.ba293696b94aafe7457a86d436ae7c99.jpg,,15,3,-12
d3,B3_dist_watershed,WIN_20240130_15_42_58_Pro_jpg.rf.b866c0ebd3103a0b10ef6b21b20cc0cb.jpg,,20,21,1
d3,B3_dist_watershed,WIN_20240129_10_33_13_Pro_jpg.rf.bcec5682f885a5f714c8b94d009fdb0c.jpg,,17,9,-8
d3,B3_dist_watershed,WIN_20240130_16_44_35_Pro_jpg.rf.ba10f8f5305a0c8dbf849c1f6e72ce23.jpg,,13,17,4
d3,B3_dist_watershed,WIN_20240126_11_26_47_Pro_jpg.rf.b9f103dd1d82abd6975193dc7a580465.jpg,,11,1,-10
d3,B3_dist_watershed,WIN_20240131_11_26_20_Pro_jpg.rf.bdd8108a0275c033a00443e8c793f589.jpg,,10,3,-7
d3,B3_dist_watershed,WIN_20240129_18_18_21_Pro_jpg.rf.bf1578dc4eee15eef246819f09703b0c.jpg,,14,2,-12
d3,B3_dist_watershed,WIN_20240129_18_14_31_Pro_jpg.rf.c481c5acbb17998f3f1cdb893bcd07c8.jpg,,14,23,9
d3,B3_dist_watershed,WIN_20240126_11_44_57_Pro_jpg.rf.c4357c3253067e711eac2fcfa6a648e2.jpg,,18,25,7
d3,B3_dist_watershed,WIN_20240127_13_47_52_Pro_jpg.rf.c3b6f42e06aab90a8d075f33aa768f36.jpg,,15,21,6
d3,B3_dist_watershed,WIN_20240202_13_05_46_Pro_jpg.rf.c479c28c25dafb7ee87682bc0ba6f920.jpg,,19,1,-18
d3,B3_dist_watershed,WIN_20240129_11_14_02_Pro_jpg.rf.c3be38b488659b6a20f9edca153bf90c.jpg,,17,24,7
d3,B3_dist_watershed,WIN_20240127_13_47_18_Pro_jpg.rf.0166d2906ccb16ad5d7fc3b284356c7c.jpg,,16,3,-13
d3,B3_dist_watershed,WIN_20240129_16_39_37_Pro_jpg.rf.024bdcc59b7db36faa417ea5dc633d15.jpg,,16,3,-13
d3,B3_dist_watershed,WIN_20240131_11_07_30_Pro_jpg.rf.025f8282a6d83da9d53f8894e9e73487.jpg,,16,1,-15
d3,B3_dist_watershed,WIN_20240131_11_05_16_Pro_jpg.rf.07255478f49dee03ee64d95f5919adde.jpg,,14,17,3
d3,B3_dist_watershed,WIN_20240126_13_48_39_Pro_jpg.rf.062472630073d9588914ea9036336329.jpg,,13,20,7
d3,B3_dist_watershed,WIN_20240126_13_58_29_Pro_jpg.rf.048df91235402b0af4e205342e854a91.jpg,,14,1,-13
d3,B3_dist_watershed,WIN_20240126_14_07_15_Pro_jpg.rf.073b896d9ffd9a8b30833a88b99d3da7.jpg,,15,16,1
d3,B3_dist_watershed,WIN_20240127_14_02_25_Pro_jpg.rf.0aa0fc001d2621332c37bcf49918707d.jpg,,15,1,-14
d3,B3_dist_watershed,WIN_20240130_16_18_05_Pro_jpg.rf.0c750fdc610fb82b7424e855c423876f.jpg,,16,20,4
d3,B3_dist_watershed,WIN_20240202_13_05_03_Pro_jpg.rf.022cb5ba9179e9ee9d11a28c82b2752d.jpg,,16,20,4
d3,B3_dist_watershed,WIN_20240127_14_00_14_Pro_jpg.rf.09284d87c385bd0b847149115889feb6.jpg,,16,2,-14
d3,B3_dist_watershed,WIN_20240126_11_35_19_Pro_jpg.rf.0cd7bc4ff952963a03acd142af2d145c.jpg,,15,20,5
d3,B3_dist_watershed,WIN_20240131_11_18_07_Pro_jpg.rf.0d4a4be25388dcf318307b75aa11f4c7.jpg,,12,14,2
d3,B3_dist_watershed,WIN_20240201_14_57_25_Pro_jpg.rf.0fcc73150d17a6f28cdda474d35a281c.jpg,,15,1,-14
d3,B3_dist_watershed,WIN_20240202_12_55_40_Pro_jpg.rf.0910c9975fdfca45bf46c0152a1e1c6a.jpg,,15,17,2
d3,B3_dist_watershed,WIN_20240129_16_59_18_Pro_jpg.rf.0f6100fd0ebb8290573f318a51223c3c.jpg,,15,20,5
d3,B3_dist_watershed,WIN_20240129_18_04_09_Pro_jpg.rf.12d1ee6717ee20059022f5500cfca144.jpg,,15,2,-13
d3,B3_dist_watershed,WIN_20240129_18_24_42_Pro_jpg.rf.13761ac676a3ec2c8fe50289a343a3d8.jpg,,18,1,-17
d3,B3_dist_watershed,WIN_20240129_10_29_39_Pro_jpg.rf.138cad6a6c2f56ade452a307871164ca.jpg,,16,2,-14
d3,B3_dist_watershed,WIN_20240127_13_58_51_Pro_jpg.rf.1496f2ecd05ad09409329c1755d92137.jpg,,13,3,-10
d3,B3_dist_watershed,WIN_20240126_14_29_22_Pro_jpg.rf.15bd920253c4e0dc55c05c177c8bb765.jpg,,10,3,-7
d3,B3_dist_watershed,WIN_20240201_15_13_31_Pro_jpg.rf.13fe0d64a439126647f66269e0f4bf5f.jpg,,13,18,5
d3,B3_dist_watershed,WIN_20240130_16_03_04_Pro_jpg.rf.166cc648fe88ecc932a75b58797987d7.jpg,,14,24,10
d3,B3_dist_watershed,WIN_20240130_16_47_55_Pro_jpg.rf.18242db3be47e1d985672c2b4839960d.jpg,,13,1,-12
d3,B3_dist_watershed,WIN_20240202_13_50_52_Pro_jpg.rf.1ae877b88d88a4290535701521717e18.jpg,,14,3,-11
d3,B3_dist_watershed,WIN_20240202_12_53_53_Pro_jpg.rf.1982b411ed54fc48b798797bccabca57.jpg,,15,19,4
d3,B3_dist_watershed,WIN_20240202_13_42_39_Pro_jpg.rf.1b868f8d6481b83283835aa582de7c21.jpg,,14,3,-11
d3,B3_dist_watershed,WIN_20240126_14_56_48_Pro_jpg.rf.1c7b79bba2bb70af8158be8d3c931e1e.jpg,,14,2,-12
d3,B3_dist_watershed,WIN_20240126_11_40_34_Pro_jpg.rf.1e597acd19d0a739d422cbbc2c9039e4.jpg,,18,1,-17
d3,B3_dist_watershed,WIN_20240130_16_15_06_Pro_jpg.rf.1fad99db759158746e45a9390b6785de.jpg,,15,10,-5
d3,B3_dist_watershed,WIN_20240130_16_21_00_Pro_jpg.rf.1d95787598a0eaad234d0e3b014f4e9d.jpg,,12,2,-10
d3,B3_dist_watershed,WIN_20240201_15_11_58_Pro_jpg.rf.222c772c6e2a3af147c7a1005b806569.jpg,,16,20,4
d3,B3_dist_watershed,WIN_20240202_12_16_26_Pro_jpg.rf.262da52f2fb62fc5bf3db4ef6f2719cc.jpg,,11,20,9
d3,B3_dist_watershed,WIN_20240131_10_57_37_Pro_jpg.rf.29abdb36a9d864f553db410261c3a118.jpg,,15,3,-12
d3,B3_dist_watershed,WIN_20240202_12_23_25_Pro_jpg.rf.27d056c1c1151b2a87ed591fb862f961.jpg,,19,19,0
d3,B3_dist_watershed,WIN_20240131_10_52_04_Pro_jpg.rf.2dd8343dd1b7a4d3e151ff60f5fb6386.jpg,,18,2,-16
d3,B3_dist_watershed,WIN_20240126_14_46_54_Pro_jpg.rf.302ea8aa444394ac13f215d92073b0b3.jpg,,15,17,2
d3,B3_dist_watershed,WIN_20240130_15_38_46_Pro_jpg.rf.31348f1e3f1a74db37d728b3dc37b4a3.jpg,,17,10,-7
d3,B3_dist_watershed,WIN_20240129_11_36_15_Pro_jpg.rf.6652914b878156808d1c007d0dee4b58.jpg,,14,2,-12
d3,B3_dist_watershed,WIN_20240126_13_57_13_Pro_jpg.rf.64f051a923d884874bc1275176aad6ca.jpg,,12,16,4
d3,B3_dist_watershed,WIN_20240127_13_53_15_Pro_jpg.rf.674033cbea5349794f78ca3780ccbeb8.jpg,,15,18,3
d3,B3_dist_watershed,WIN_20240129_16_41_29_Pro_jpg.rf.52d3a55af2dcf65b7d72cd98f9cdcd94.jpg,,19,3,-16
d3,B3_dist_watershed,WIN_20240202_14_04_27_Pro_jpg.rf.657f80013b79fcc57f3f714c3ca2ee47.jpg,,15,16,1
d3,B3_dist_watershed,WIN_20240202_13_50_17_Pro_jpg.rf.6564843d289cfd2c42be7e04b91d8591.jpg,,14,2,-12
d3,B3_dist_watershed,WIN_20240130_15_46_55_Pro_jpg.rf.4dd456dc47044e780690e16111e73324.jpg,,13,17,4
d3,B3_dist_watershed,WIN_20240126_11_57_52_Pro_jpg.rf.5938f3be25ab86221e3895fd241f764e.jpg,,18,24,6
d3,B3_dist_watershed,WIN_20240202_12_15_44_Pro_jpg.rf.68d0b1cc0606a149d7868517cc27d11d.jpg,,13,1,-12
d3,B3_dist_watershed,WIN_20240129_11_38_18_Pro_jpg.rf.648a9d0f6fd4259b173c68cd14fc0e28.jpg,,18,1,-17
d3,B3_dist_watershed,WIN_20240127_13_50_55_Pro_jpg.rf.586fabd7363a128d25bddbbc9256111e.jpg,,13,19,6
d3,B3_dist_watershed,WIN_20240126_14_15_49_Pro_jpg.rf.4e3a2737db82be949cae4ba39e05b53e.jpg,,10,2,-8
d3,B3_dist_watershed,WIN_20240129_10_30_10_Pro_jpg.rf.52ec3f9ca1ca182f6f37be9e7e765849.jpg,,14,16,2
d3,B3_dist_watershed,WIN_20240202_12_01_12_Pro_jpg.rf.63bac7da1e7ab82786761b43f59e5e93.jpg,,12,4,-8
d3,B3_dist_watershed,WIN_20240129_11_12_07_Pro_jpg.rf.556e4098d17598942436d8c5235739a7.jpg,,15,3,-12
d3,B3_dist_watershed,WIN_20240202_12_31_40_Pro_jpg.rf.5b90153eae11ff405b06f970420b89b2.jpg,,15,1,-14
d3,B3_dist_watershed,WIN_20240129_11_22_16_Pro_jpg.rf.4cd540647dd8d28ee6c9013e75229bc2.jpg,,17,1,-16
d3,B3_dist_watershed,WIN_20240126_11_50_40_Pro_jpg.rf.6955042005db49274dd07b952ea0d5ec.jpg,,14,17,3
d3,B3_dist_watershed,WIN_20240131_11_18_51_Pro_jpg.rf.5e71c827a2ccf42b94f767e565cdbc93.jpg,,13,3,-10
d3,B3_dist_watershed,WIN_20240202_12_28_59_Pro_jpg.rf.59b1faaa26a1eb364fd70a0039255cd4.jpg,,13,1,-12
d3,B3_dist_watershed,WIN_20240129_11_35_49_Pro_jpg.rf.629607a55cf71787daa5ec6b69c06591.jpg,,16,19,3
d3,B3_dist_watershed,WIN_20240129_16_42_04_Pro_jpg.rf.4a1a028d81e712ef8dcbd4351bf6ffc3.jpg,,17,3,-14
d3,B3_dist_watershed,WIN_20240130_16_46_26_Pro_jpg.rf.69fda41222843661ece1d1fcd07f13be.jpg,,12,1,-11
d3,B3_dist_watershed,WIN_20240129_18_15_10_Pro_jpg.rf.60695e9406022a7f5daba2838cce309e.jpg,,16,2,-14
d3,B3_dist_watershed,WIN_20240129_16_44_22_Pro_jpg.rf.6bd8fa180a3e3665a18ea662076cb705.jpg,,13,1,-12
d3,B3_dist_watershed,WIN_20240202_13_16_47_Pro_jpg.rf.5669ca5a371d607cfaa609c588004f16.jpg,,19,21,2
d3,B3_dist_watershed,WIN_20240126_11_19_06_Pro_jpg.rf.7051ecaf49783b2009ce466d281ce8db.jpg,,11,2,-9
d3,B3_dist_watershed,WIN_20240126_14_30_26_Pro_jpg.rf.7df24f0b8a5caddf25e25668763e9c52.jpg,,14,11,-3
d3,B3_dist_watershed,WIN_20240130_15_57_30_Pro_jpg.rf.7d2aba3c1332342cc09ddfc7d1b84bf2.jpg,,13,3,-10
d3,B3_dist_watershed,WIN_20240130_16_57_38_Pro_jpg.rf.8ab2e7d9feb46b2313a172d08ca08258.jpg,,13,15,2
d3,B3_dist_watershed,WIN_20240129_10_27_35_Pro_jpg.rf.70418229f3e82a9cc659b0b9f4ef03be.jpg,,15,1,-14
d3,B3_dist_watershed,WIN_20240129_11_00_46_Pro_jpg.rf.7cb734c60ddb162ff72aed840d6abecc.jpg,,13,18,5
d3,B3_dist_watershed,WIN_20240202_12_24_42_Pro_jpg.rf.825782a0a68c2c3adf227dec6f044162.jpg,,17,18,1
d3,B3_dist_watershed,WIN_20240126_14_18_58_Pro_jpg.rf.6d72c2b0e2f37d9dacddb0c5fa2fd8ab.jpg,,19,19,0
d3,B3_dist_watershed,WIN_20240129_11_24_28_Pro_jpg.rf.82bb8cf9d8ffba6aea16f6a24f8c8785.jpg,,13,3,-10
d3,B3_dist_watershed,WIN_20240129_10_28_21_Pro_jpg.rf.9276bb4254d78b78889863f100303c2f.jpg,,12,17,5
d3,B3_dist_watershed,WIN_20240130_15_51_30_Pro_jpg.rf.75d5d708775e5ac9e43a689f44c4732a.jpg,,16,2,-14
d3,B3_dist_watershed,WIN_20240129_16_51_53_Pro_jpg.rf.8f4c7100dba2731be949f0ad7bce55c6.jpg,,14,1,-13
d3,B3_dist_watershed,WIN_20240126_11_34_26_Pro_jpg.rf.8edd67157e33c2e05c26f1fde1507204.jpg,,12,16,4
d3,B3_dist_watershed,WIN_20240202_12_24_04_Pro_jpg.rf.92b0b5e054ab46a11a26ab7e3aff42e9.jpg,,12,15,3
d3,B3_dist_watershed,WIN_20240130_16_35_53_Pro_jpg.rf.7184864308cc744301402452962152a2.jpg,,13,7,-6
d3,B3_dist_watershed,WIN_20240130_15_37_52_Pro_jpg.rf.ac676a48d4d229dbe8ce3897bf047cea.jpg,,16,1,-15
d3,B3_dist_watershed,WIN_20240130_16_47_24_Pro_jpg.rf.79480f9c8714fa0b78957327add4e1b6.jpg,,12,2,-10
d3,B3_dist_watershed,WIN_20240126_11_31_09_Pro_jpg.rf.9387fbbc5d198fd74f4d80f5cb260fb5.jpg,,13,3,-10
d3,B3_dist_watershed,WIN_20240202_13_09_09_Pro_jpg.rf.8f769b130440193fd9c15cc9e11a7df7.jpg,,19,2,-17
d3,B3_dist_watershed,WIN_20240130_15_41_21_Pro_jpg.rf.8a0b3beea14df5c65a2a3bf7a90263ef.jpg,,16,2,-14
d3,B3_dist_watershed,WIN_20240202_13_44_43_Pro_jpg.rf.92577bdc6c5f750f78958f0a52d82f4a.jpg,,16,10,-6
d3,B3_dist_watershed,WIN_20240201_14_58_10_Pro_jpg.rf.a38f40ade7bdc28647f616471d2fe088.jpg,,14,2,-12
d3,B3_dist_watershed,WIN_20240130_16_49_35_Pro_jpg.rf.97c9614c8c47f48b2769f8a654358b5a.jpg,,16,2,-14
d3,B3_dist_watershed,WIN_20240130_16_26_00_Pro_jpg.rf.b7e4a05eb67e0b8868e573506d7c9f93.jpg,,13,19,6
d3,B3_dist_watershed,WIN_20240129_11_28_32_Pro_jpg.rf.aa69618e2042371ab49ada49ec04ed6d.jpg,,13,16,3
d3,B3_dist_watershed,WIN_20240126_14_49_47_Pro_jpg.rf.bbdd1f964d0c48c65ec095b1bdbfcfe6.jpg,,15,1,-14
d3,B3_dist_watershed,WIN_20240126_12_06_14_Pro_jpg.rf.bd8d8057c93371c46a7f1918f1487abc.jpg,,15,1,-14
d3,B3_dist_watershed,WIN_20240202_13_55_43_Pro_jpg.rf.b3f16eb1a220c5d9a107a11e94d12bc5.jpg,,17,22,5
d3,B3_dist_watershed,WIN_20240129_10_15_42_Pro_jpg.rf.710f15998824888f1bc3ce4610f44fda.jpg,,13,20,7
d3,B3_dist_watershed,WIN_20240126_14_01_56_Pro_jpg.rf.babb371f86c1c16eb2ff1cf2a3f3ec41.jpg,,12,13,1
d3,B3_dist_watershed,WIN_20240126_12_20_10_Pro_jpg.rf.c2b64b0dc88b54d038c99f38c234b2f2.jpg,,12,15,3
d3,B3_dist_watershed,WIN_20240131_11_34_06_Pro_jpg.rf.b92073310405282e6ce923b5ea6e1d40.jpg,,12,3,-9
d3,B3_dist_watershed,WIN_20240126_14_03_48_Pro_jpg.rf.a4e13e7c309a6ea77dd289c4208dc009.jpg,,14,17,3
d3,B3_dist_watershed,WIN_20240129_10_17_39_Pro_jpg.rf.bf8719731599c0aae838c4e516a99036.jpg,,13,6,-7
d3,B3_dist_watershed,WIN_20240131_11_28_07_Pro_jpg.rf.ba4a5e8318e29d756495149de07939e4.jpg,,12,13,1
d3,B3_dist_watershed,WIN_20240130_15_55_03_Pro_jpg.rf.adb3cad67104e306852f55a4c9d33eb4.jpg,,15,1,-14
d3,B3_dist_watershed,WIN_20240201_15_08_04_Pro_jpg.rf.d0089e09fa3172cc45661b3f0b575232.jpg,,14,15,1
d3,B3_dist_watershed,WIN_20240202_12_25_34_Pro_jpg.rf.cd6fc0c2749e251669cf536c66292c39.jpg,,17,1,-16
d3,B3_dist_watershed,WIN_20240202_12_53_19_Pro_jpg.rf.ad92cc4729b8fa4b240779ff997484f4.jpg,,15,21,6
d3,B3_dist_watershed,WIN_20240126_14_31_02_Pro_jpg.rf.b025ad6ce039dcfbff98c3eb2e111a14.jpg,,13,15,2
d3,B3_dist_watershed,WIN_20240129_17_42_27_Pro_jpg.rf.d5ce288f97eae9650bd36e50398ebc0c.jpg,,16,20,4
d3,B3_dist_watershed,WIN_20240126_14_44_52_Pro_jpg.rf.d76cc826207ddff8845148014e61ff24.jpg,,13,15,2
d3,B3_dist_watershed,WIN_20240201_15_00_13_Pro_jpg.rf.d877795265c18cd6deb7f27553417094.jpg,,13,2,-11
d3,B3_dist_watershed,WIN_20240131_11_20_17_Pro_jpg.rf.cf7ea439cacb2037a477037b5cd8c3d2.jpg,,14,2,-12
d3,B3_dist_watershed,WIN_20240126_14_05_36_Pro_jpg.rf.d21847ff7f5dec31de78bf68ae4be558.jpg,,13,21,8
d3,B3_dist_watershed,WIN_20240129_11_40_27_Pro_jpg.rf.d5c65537e7e9f65b7b0774dcc9ac516c.jpg,,14,1,-13
d3,B3_dist_watershed,WIN_20240202_12_48_43_Pro_jpg.rf.d07487447369b6926f08229400313ce9.jpg,,15,1,-14
d3,B3_dist_watershed,WIN_20240130_16_01_17_Pro_jpg.rf.e0d5a1d90273f7120c78238465377820.jpg,,15,1,-14
d3,B3_dist_watershed,WIN_20240126_12_08_16_Pro_jpg.rf.d644c237c7074e701d05efcfc2254a6e.jpg,,14,15,1
d3,B3_dist_watershed,WIN_20240130_16_48_41_Pro_jpg.rf.b1302e67eec4878fb02238a5a9ad3af5.jpg,,13,3,-10
d3,B3_dist_watershed,WIN_20240202_14_00_35_Pro_jpg.rf.dc77aa181fe7d805b4e5c7f6991c9193.jpg,,17,4,-13
d3,B3_dist_watershed,WIN_20240202_11_57_43_Pro_jpg.rf.d54146c706da3428596886549f200b78.jpg,,15,1,-14
d3,B3_dist_watershed,WIN_20240129_11_38_42_Pro_jpg.rf.d2c76d004bc1cccf7abbdcb046af2f16.jpg,,17,3,-14
d3,B3_dist_watershed,WIN_20240130_15_50_25_Pro_jpg.rf.e3bfe6138edd72f07867d467da2b48b5.jpg,,16,1,-15
d3,B3_dist_watershed,WIN_20240129_18_22_59_Pro_jpg.rf.e237cd2577fc99badbf5fb1783da3f72.jpg,,17,19,2
d3,B3_dist_watershed,WIN_20240129_18_26_55_Pro_jpg.rf.e537ad438b15d85f7c399ff71e739725.jpg,,16,1,-15
d3,B3_dist_watershed,WIN_20240129_10_53_51_Pro_jpg.rf.d64651ac02dbf9d9724a214aed685291.jpg,,18,3,-15
d3,B3_dist_watershed,WIN_20240127_13_53_50_Pro_jpg.rf.e8915eb48efab7e97f9e67fa6db3643f.jpg,,15,2,-13
d3,B3_dist_watershed,WIN_20240202_12_58_07_Pro_jpg.rf.e80341a287310ff07f5d6c09650158e2.jpg,,16,18,2
d3,B3_dist_watershed,WIN_20240202_12_30_18_Pro_jpg.rf.d6304de1458de5ed4523493e8589012d.jpg,,13,19,6
d3,B3_dist_watershed,WIN_20240130_16_30_17_Pro_jpg.rf.c03c65d3b5d72245c51d2a478ff54d07.jpg,,17,2,-15
d3,B3_dist_watershed,WIN_20240129_18_06_18_Pro_jpg.rf.f2a2f18fdf6f4d1c6d12b20f90a41da2.jpg,,16,3,-13
d3,B3_dist_watershed,WIN_20240131_11_11_32_Pro_jpg.rf.df7e196598ffb8e9f22a371247135967.jpg,,15,2,-13
d3,B3_dist_watershed,WIN_20240126_14_32_11_Pro_jpg.rf.f5533b85b6123b1fc7c897f9feb6a041.jpg,,14,8,-6
d3,B3_dist_watershed,WIN_20240130_16_13_18_Pro_jpg.rf.e7b0bab9e35bb0c916f353282c639e37.jpg,,13,17,4
d3,B3_dist_watershed,WIN_20240130_16_40_42_Pro_jpg.rf.e9e23dc2a5760284d7642006951921c2.jpg,,14,3,-11
d3,B3_dist_watershed,WIN_20240202_12_37_59_Pro_jpg.rf.f0d102f9e971d855b065917ff37e9203.jpg,,12,3,-9
d3,B3_dist_watershed,WIN_20240202_14_02_24_Pro_jpg.rf.ed15a1fbd09a1de88230b89087212a7a.jpg,,17,21,4
d3,B3_dist_watershed,WIN_20240127_13_46_46_Pro_jpg.rf.f319837686d7405db52a90832dee5958.jpg,,14,17,3
d3,B3_dist_watershed,WIN_20240129_18_02_55_Pro_jpg.rf.ed6608085cf29c714241392abe3aa945.jpg,,14,17,3
d3,B3_dist_watershed,WIN_20240202_13_51_44_Pro_jpg.rf.f52b67a4ac0d0161e298856ec1555c68.jpg,,14,2,-12
d3,B3_dist_watershed,WIN_20240129_11_14_39_Pro_jpg.rf.f3e567f0470411ccbfa6f0949f048767.jpg,,18,4,-14
d3,B3_dist_watershed,WIN_20240131_10_58_51_Pro_jpg.rf.fe1dae3c9fb58c6d6d20126d8d1e29c2.jpg,,14,3,-11
d3,B3_dist_watershed,WIN_20240129_10_41_19_Pro_jpg.rf.fa01657d0996d2084bb6172016f26865.jpg,,15,18,3
d3,B3_dist_watershed,WIN_20240130_16_12_07_Pro_jpg.rf.f40cd5579a0de76fdb82b754ed495d6f.jpg,,16,18,2
d3,B3_dist_watershed,WIN_20240202_12_29_38_Pro_jpg.rf.0324cbbdaf6d48d1b530d34690a0bfe4.jpg,,17,2,-15
d3,B3_dist_watershed,WIN_20240201_14_58_52_Pro_jpg.rf.0e3e1e251bc1ed6cf4497026c828777c.jpg,,14,2,-12
d3,B3_dist_watershed,WIN_20240126_11_46_11_Pro_jpg.rf.102484ce333ae937dd2d0d2478bff2e2.jpg,,15,1,-14
d3,B3_dist_watershed,WIN_20240127_13_56_39_Pro_jpg.rf.08abc0be0c2daefdcac1848f82dea92b.jpg,,17,17,0
d3,B3_dist_watershed,WIN_20240126_13_52_36_Pro_jpg.rf.05376d46d2f54b62f1e5f177cd02baac.jpg,,12,12,0
d3,B3_dist_watershed,WIN_20240126_11_58_27_Pro_jpg.rf.133f1c2b29eb84f7726183d62b956af5.jpg,,17,15,-2
d3,B3_dist_watershed,WIN_20240126_14_59_50_Pro_jpg.rf.09520e87f81eb7c6f404541caf824675.jpg,,13,15,2
d3,B3_dist_watershed,WIN_20240126_14_35_38_Pro_jpg.rf.0f193a9ea19d2540f44b01a717e6a087.jpg,,14,16,2
d3,B3_dist_watershed,WIN_20240127_13_50_22_Pro_jpg.rf.1216ce1ed456e52195b11bfd6b3fface.jpg,,17,1,-16
d3,B3_dist_watershed,WIN_20240202_12_40_48_Pro_jpg.rf.0868088bc3daa2a903abe891a88aa003.jpg,,14,1,-13
d3,B3_dist_watershed,WIN_20240202_13_19_17_Pro_jpg.rf.144bd9212a3eabfcf589984111cf66ad.jpg,,13,18,5
d3,B3_dist_watershed,WIN_20240202_13_01_01_Pro_jpg.rf.038149a2a17dd69d291dbb2935633401.jpg,,14,2,-12
d3,B3_dist_watershed,WIN_20240131_11_12_40_Pro_jpg.rf.15e9c782165e0cfc5855038673008ae7.jpg,,12,15,3
d3,B3_dist_watershed,WIN_20240130_16_33_43_Pro_jpg.rf.1cb580a5729e2293b959a7036095ff41.jpg,,14,1,-13
d3,B3_dist_watershed,WIN_20240131_11_26_07_Pro_jpg.rf.15a428f37cb489178e9fbbdda81f237b.jpg,,11,13,2
d3,B3_dist_watershed,WIN_20240129_18_26_23_Pro_jpg.rf.22b205d8d574c16f282cc5bb6405b666.jpg,,14,3,-11
d3,B3_dist_watershed,WIN_20240126_11_15_45_Pro_jpg.rf.1c4c330b638b85ceaa54f9c8e7cb1194.jpg,,10,8,-2
d3,B3_dist_watershed,WIN_20240129_10_32_25_Pro_jpg.rf.220e0cf8824f1f61bb550cef446bc45b.jpg,,19,23,4
d3,B3_dist_watershed,WIN_20240202_12_13_31_Pro_jpg.rf.2608cc6727965dcdc10f8b46b7db745e.jpg,,12,20,8
d3,B3_dist_watershed,WIN_20240130_16_50_28_Pro_jpg.rf.1f29fde910cce9f3cf8f981d408bedcc.jpg,,12,15,3
d3,B3_dist_watershed,WIN_20240202_13_03_28_Pro_jpg.rf.2da5b4490a3297cbd44f2f0c5c4908a8.jpg,,15,2,-13
d3,B3_dist_watershed,WIN_20240126_12_11_06_Pro_jpg.rf.241af07aa381ef260ff90633192b76d2.jpg,,16,3,-13
d3,B3_dist_watershed,WIN_20240126_14_41_49_Pro_jpg.rf.2cff52d69849b3e1d9789e5ccc1ef290.jpg,,17,20,3
d3,B3_dist_watershed,WIN_20240130_16_55_20_Pro_jpg.rf.35d6c938772677ddd6fa0870888afeef.jpg,,14,18,4
d3,B3_dist_watershed,WIN_20240130_16_37_20_Pro_jpg.rf.2f3a7929a85ee5f66dc5b8970f196d26.jpg,,13,3,-10
d3,B3_dist_watershed,WIN_20240129_11_22_50_Pro_jpg.rf.3979640a42b69a3b043f3fc718dcb200.jpg,,19,21,2
d3,B3_dist_watershed,WIN_20240131_11_23_53_Pro_jpg.rf.13b3034181640760e52c1382e0198d70.jpg,,14,3,-11
d3,B3_dist_watershed,WIN_20240129_10_38_58_Pro_jpg.rf.3b6b335f3ad4e01b4eb7dc88ae064b02.jpg,,15,19,4
d3,B3_dist_watershed,WIN_20240131_11_34_42_Pro_jpg.rf.1acfe70c2cd0cbe7ca51d74832b156d9.jpg,,11,4,-7
d3,B3_dist_watershed,WIN_20240126_11_42_11_Pro_jpg.rf.320111adfc2d8df182e1507c39413e21.jpg,,14,14,0
d3,B3_dist_watershed,WIN_20240126_11_26_17_Pro_jpg.rf.3e072477ded26ea9115bcab86b8d70b3.jpg,,13,16,3
d3,B3_dist_watershed,WIN_20240130_16_43_51_Pro_jpg.rf.3849e77e9397d5584becb1733e19d7e7.jpg,,12,3,-9
d3,B3_dist_watershed,WIN_20240126_14_40_10_Pro_jpg.rf.3b438d8fce92cd02c99e4ff6e24c7e48.jpg,,17,17,0
d3,B3_dist_watershed,WIN_20240126_14_28_00_Pro_jpg.rf.3f51049dd468590dc44346944592aa6b.jpg,,12,1,-11
d3,B3_dist_watershed,WIN_20240130_15_45_32_Pro_jpg.rf.15d0a1d300c30bbeaad40cedde9138be.jpg,,16,22,6
d3,B3_dist_watershed,WIN_20240130_16_02_10_Pro_jpg.rf.3ab19e1894c2659e23d911b28d632092.jpg,,14,16,2
d3,B3_dist_watershed,WIN_20240129_18_28_07_Pro_jpg.rf.33b73060be2ad102fb9857e1bcb405d7.jpg,,15,4,-11
d3,B3_dist_watershed,WIN_20240201_15_14_47_Pro_jpg.rf.3c608b49d46edb09be7cb90a96b393bc.jpg,,14,2,-12
d3,B3_dist_watershed,WIN_20240131_11_01_20_Pro_jpg.rf.3d0d0d070ff2c1ad916996111e8f9155.jpg,,14,3,-11
d3,B3_dist_watershed,WIN_20240126_14_07_44_Pro_jpg.rf.20de3acef9334643aeea7a125b38a815.jpg,,14,18,4
d3,B3_dist_watershed,WIN_20240126_13_55_05_Pro_jpg.rf.3f7596960f206081c91f18dd3d9c6d4e.jpg,,12,18,6
d3,B3_dist_watershed,WIN_20240129_18_35_28_Pro_jpg.rf.44af9ab61a5e90e094dca11f7f4316c3.jpg,,16,3,-13
d3,B3_dist_watershed,WIN_20240126_12_05_38_Pro_jpg.rf.3c7c19140a7a04e768634984cd0d14d4.jpg,,14,14,0
d3,B3_dist_watershed,WIN_20240129_16_48_51_Pro_jpg.rf.257a19132b06b60d8395c37aa8892b0f.jpg,,14,1,-13
d3,B3_dist_watershed,WIN_20240130_16_39_59_Pro_jpg.rf.2dbf059a08f46475cd6b402d0384dcfa.jpg,,13,2,-11
d3,B3_dist_watershed,WIN_20240129_11_15_05_Pro_jpg.rf.03ba0b7e87527d94d0f3ca3891e3eabb.jpg,,17,26,9
d3,B3_dist_watershed,WIN_20240202_12_06_02_Pro_jpg.rf.36224d56f01d772392b440f87961025e.jpg,,12,14,2
d3,B3_dist_watershed,WIN_20240127_13_42_34_Pro_jpg.rf.07632789338e0dbf78b56a333e2c83ec.jpg,,17,22,5
d3,B3_dist_watershed,WIN_20240126_11_29_37_Pro_jpg.rf.2e5cb1b777131a05dd7e6141ee1a22e6.jpg,,10,13,3
d3,B3_dist_watershed,WIN_20240129_17_05_43_Pro_jpg.rf.0db44f8aa6e28f59a0ae754db2c42120.jpg,,14,1,-13
d3,B3_dist_watershed,WIN_20240129_11_31_06_Pro_jpg.rf.31dc6cf00951acc7ad06b4fa639c05d8.jpg,,17,2,-15
d3,B3_dist_watershed,WIN_20240129_11_05_51_Pro_jpg.rf.296f5a41d67a62d51aa0a7408fe5f54a.jpg,,15,15,0
d3,B3_dist_watershed,WIN_20240202_13_38_45_Pro_jpg.rf.5fbdfe710e41a6ad4407f357e760e092.jpg,,14,1,-13
d3,B3_dist_watershed,WIN_20240131_11_19_36_Pro_jpg.rf.3de13cf04ef47b39363a9b4f7fe8906a.jpg,,13,1,-12
d3,B3_dist_watershed,WIN_20240127_13_49_13_Pro_jpg.rf.2609f8ff5393d36a14772f3fcf8c161a.jpg,,15,23,8
d3,B3_dist_watershed,WIN_20240202_11_53_56_Pro_jpg.rf.54097592c66c1922476ac3506b1a84a5.jpg,,13,2,-11
d3,B3_dist_watershed,WIN_20240202_12_02_52_Pro_jpg.rf.3500f0861caf1b4153f80bd5a85d9d98.jpg,,14,16,2
d3,B3_dist_watershed,WIN_20240129_10_43_08_Pro_jpg.rf.58b077620386b4a17f42cc1930e468aa.jpg,,17,24,7
d3,B3_dist_watershed,WIN_20240129_11_29_31_Pro_jpg.rf.4583c8ae278f25805d225d92fec2c57a.jpg,,14,3,-11
d3,B3_dist_watershed,WIN_20240130_16_05_11_Pro_jpg.rf.6cdd24fb9512be65087226ec015206fb.jpg,,15,2,-13
d3,B3_dist_watershed,WIN_20240126_13_43_39_Pro_jpg.rf.65ea3429365ba85b72287ff4b3909440.jpg,,14,1,-13
d3,B3_dist_watershed,WIN_20240129_11_16_09_Pro_jpg.rf.42330ab8b694040d58e1498725074e52.jpg,,16,23,7
d3,B3_dist_watershed,WIN_20240126_14_54_12_Pro_jpg.rf.6c76e06c4a9e08a511bc8969300687f9.jpg,,17,1,-16
d3,B3_dist_watershed,WIN_20240126_14_12_27_Pro_jpg.rf.648c9eb20cd06b52dc0414086051657e.jpg,,15,22,7
d3,B3_dist_watershed,WIN_20240202_13_10_07_Pro_jpg.rf.674a92ef2352c5a162615a3762bda5a9.jpg,,16,2,-14
d3,B3_dist_watershed,WIN_20240129_17_57_15_Pro_jpg.rf.0eb0ce536fd4a2e9501d5284dd78f87e.jpg,,14,1,-13
d3,B3_dist_watershed,WIN_20240129_11_04_06_Pro_jpg.rf.1b79291762c14bb4b08a790cdbf7b551.jpg,,13,1,-12
d3,B3_dist_watershed,WIN_20240130_15_54_09_Pro_jpg.rf.60892da282165c617f7c74c0de384750.jpg,,16,21,5
d3,B3_dist_watershed,WIN_20240202_12_32_58_Pro_jpg.rf.6f71e0b5f4e7a627271390352fd3cc23.jpg,,15,20,5
d3,B3_dist_watershed,WIN_20240129_18_25_20_Pro_jpg.rf.7bbdf138f3fa382d9fce2234e2d95ab9.jpg,,15,20,5
d3,B3_dist_watershed,WIN_20240129_16_43_51_Pro_jpg.rf.77669d5a59c9631e1d10e2d3b46d3228.jpg,,16,1,-15
d3,B3_dist_watershed,WIN_20240129_11_13_28_Pro_jpg.rf.7b11bf4863bc6bb1541395fc83f795ee.jpg,,16,19,3
d3,B3_dist_watershed,WIN_20240127_14_00_50_Pro_jpg.rf.07cbad3cd827c9927b9d6e10a1d228db.jpg,,13,2,-11
d3,B3_dist_watershed,WIN_20240129_16_57_37_Pro_jpg.rf.8b947cb7fd3eca4925b028277a463a9b.jpg,,17,2,-15
d3,B3_dist_watershed,WIN_20240129_11_08_41_Pro_jpg.rf.7f0ae2e375913e79b856bb9a254a1170.jpg,,13,2,-11
d3,B3_dist_watershed,WIN_20240129_17_58_42_Pro_jpg.rf.7cf97f5eaad6bf489d8f96b919813bab.jpg,,13,17,4
d3,B3_dist_watershed,WIN_20240202_11_56_06_Pro_jpg.rf.9fb8017c73f7f651ea4da3d574048d86.jpg,,13,3,-10
d3,B3_dist_watershed,WIN_20240126_14_31_37_Pro_jpg.rf.8e2823c5dd88f684ae22cb8afc938c4b.jpg,,16,19,3
d3,B3_dist_watershed,WIN_20240202_12_02_08_Pro_jpg.rf.95205f3f4e05ff163810d9e39a142a07.jpg,,12,13,1
d3,B3_dist_watershed,WIN_20240126_11_19_59_Pro_jpg.rf.91444f1b8f15c4bb7ef6b8e23d53d0e6.jpg,,10,1,-9
d3,B3_dist_watershed,WIN_20240129_11_15_33_Pro_jpg.rf.89e714cd2bf8b3b320a3346a26911816.jpg,,13,1,-12
d3,B3_dist_watershed,WIN_20240130_16_32_59_Pro_jpg.rf.af87b97ddfd786ff83c76ff3e1774e5b.jpg,,13,14,1
d3,B3_dist_watershed,WIN_20240129_17_49_53_Pro_jpg.rf.8110139e597c1d18103e059ba1359572.jpg,,17,2,-15
d3,B3_dist_watershed,WIN_20240201_15_11_25_Pro_jpg.rf.92aec9bcb7315e2585e6248ff24abc45.jpg,,17,24,7
d3,B3_dist_watershed,WIN_20240127_13_57_24_Pro_jpg.rf.88b0d1d287d0415601331c94337da3fc.jpg,,18,3,-15
d3,B3_dist_watershed,WIN_20240201_15_09_16_Pro_jpg.rf.76fcf6a63c9b31b1a652114c4d85438c.jpg,,14,3,-11
d3,B3_dist_watershed,WIN_20240130_16_24_10_Pro_jpg.rf.adbdba0168852aaccb7361ac15ea7055.jpg,,17,2,-15
d3,B3_dist_watershed,WIN_20240126_14_10_14_Pro_jpg.rf.6d0600b0f7f02338e4850d5ade88dad5.jpg,,17,21,4
d3,B3_dist_watershed,WIN_20240130_15_34_53_Pro_jpg.rf.aa8da1dde437703c0ae24e0087b6a2bd.jpg,,21,3,-18
d3,B3_dist_watershed,WIN_20240129_10_46_19_Pro_jpg.rf.b0cb29793fb8dd723cffb68b8f8bcac0.jpg,,13,14,1
d3,B3_dist_watershed,WIN_20240129_18_11_05_Pro_jpg.rf.b5bf8b493e5481981586f2754ae4ea2c.jpg,,17,3,-14
d3,B3_dist_watershed,WIN_20240130_16_23_33_Pro_jpg.rf.b818271095de83030e115989036ae9fa.jpg,,15,21,6
d3,B3_dist_watershed,WIN_20240201_14_56_38_Pro_jpg.rf.b3a5fbc5d5896af3bed1580a9bf3760e.jpg,,9,4,-5
d3,B3_dist_watershed,WIN_20240130_16_14_18_Pro_jpg.rf.c79d8263a22a9b0469a956acd395261d.jpg,,15,17,2
d3,B3_dist_watershed,WIN_20240129_10_16_30_Pro_jpg.rf.c12c2329bc25a4ef90571f2a63377109.jpg,,14,2,-12
d3,B3_dist_watershed,WIN_20240126_13_51_13_Pro_jpg.rf.c4fab7993c8eb71c9bdc571f604c60e3.jpg,,10,10,0
d3,B3_dist_watershed,WIN_20240202_12_04_44_Pro_jpg.rf.c531964931dc8600130de9d7c0ee5b95.jpg,,14,22,8
d3,B3_dist_watershed,WIN_20240202_13_41_30_Pro_jpg.rf.d2bdc33e211765acfd1ff91a715d6f64.jpg,,18,3,-15
d3,B3_dist_watershed,WIN_20240202_12_10_18_Pro_jpg.rf.ddf709d929c55766fdad45a15903c602.jpg,,15,19,4
d3,B3_dist_watershed,WIN_20240126_14_52_10_Pro_jpg.rf.b68bbb4e3f5fe60ad3fdc356ca30d07f.jpg,,14,18,4
d3,B3_dist_watershed,WIN_20240126_13_51_54_Pro_jpg.rf.b9869c17642a47717f7aaa32402db25b.jpg,,13,1,-12
d3,B3_dist_watershed,WIN_20240202_13_54_41_Pro_jpg.rf.d67d79dc85c5b40baf246ad182b3b60e.jpg,,16,1,-15
d3,B3_dist_watershed,WIN_20240127_13_46_08_Pro_jpg.rf.d84a918b909c76f9cc93cacd142f6b5e.jpg,,13,22,9
d3,B3_dist_watershed,WIN_20240126_14_17_18_Pro_jpg.rf.e46584bec4e8fa0db87d0ac22780c033.jpg,,15,3,-12
d3,B3_dist_watershed,WIN_20240126_14_38_33_Pro_jpg.rf.e223814d225efb15da0ab48b0da25c59.jpg,,14,2,-12
d3,B3_dist_watershed,WIN_20240202_13_21_29_Pro_jpg.rf.bd0e8434d6f39d646fa2e9c6f3f63190.jpg,,19,25,6
d3,B3_dist_watershed,WIN_20240202_13_58_49_Pro_jpg.rf.f69e7f1f851b12a11ea3c76b8eeececf.jpg,,16,25,9
d3,B3_dist_watershed,WIN_20240127_13_56_09_Pro_jpg.rf.cadaafef5af8a3d79dd589edd50b1d71.jpg,,14,15,1
d3,B3_dist_watershed,WIN_20240202_12_46_44_Pro_jpg.rf.e4e3d7d9daafc9b30197f3c0a93039a4.jpg,,14,17,3
d3,B3_dist_watershed,WIN_20240129_17_48_31_Pro_jpg.rf.ea33aa77b4e58af0477723731f9c3a31.jpg,,17,4,-13
d3,B3_dist_watershed,WIN_20240202_12_21_29_Pro_jpg.rf.ffecaae93f2a36c59733f199f20c7a7e.jpg,,15,22,7
d3,B3_dist_watershed,WIN_20240129_18_09_01_Pro_jpg.rf.fdbf64683ea50e9709bb72c1d336b734.jpg,,15,18,3
d3,B3_dist_watershed,WIN_20240126_13_42_38_Pro_jpg.rf.ede21fb9f2849a7fc5e3c1d1ade8e2be.jpg,,11,12,1
d3,B3_dist_watershed,WIN_20240202_12_09_33_Pro_jpg.rf.de5fcde7ba62c31ec3067908f38d03bc.jpg,,16,22,6
d3,B3_dist_watershed,WIN_20240202_12_07_25_Pro_jpg.rf.e861012f373e1c67ee675d555576e2c7.jpg,,15,17,2
d3,B4_erosion_watershed,WIN_20240202_13_53_14_Pro_jpg.rf.c67045ee3774ac939ab68fdc9eebc6f9.jpg,,15,21,6
d3,B4_erosion_watershed,WIN_20240201_15_03_05_Pro_jpg.rf.c786ba6bc82242f8c3aba0bf62d3e11f.jpg,,14,16,2
d3,B4_erosion_watershed,WIN_20240126_13_57_50_Pro_jpg.rf.c6a3d267492c7c8014f8acd6436d8347.jpg,,13,16,3
d3,B4_erosion_watershed,WIN_20240131_11_20_56_Pro_jpg.rf.c6fc305a0ac5dfb42d384d8abe772872.jpg,,12,20,8
d3,B4_erosion_watershed,WIN_20240129_10_22_34_Pro_jpg.rf.cbf887d7aa87a4cd2278044a3096dad2.jpg,,14,17,3
d3,B4_erosion_watershed,WIN_20240126_14_10_51_Pro_jpg.rf.ca74ce2427e6a24dd61413fde1002377.jpg,,15,18,3
d3,B4_erosion_watershed,WIN_20240127_13_49_42_Pro_jpg.rf.c5b4523b3b8f6ec8be649aade31904cd.jpg,,13,17,4
d3,B4_erosion_watershed,WIN_20240202_13_49_29_Pro_jpg.rf.c7f6fa9837a9b93e2b82dd908749747f.jpg,,17,21,4
d3,B4_erosion_watershed,WIN_20240127_13_55_28_Pro_jpg.rf.c9de9822a7891ddd1d1cd294229696c6.jpg,,18,21,3
d3,B4_erosion_watershed,WIN_20240202_14_01_39_Pro_jpg.rf.c68312b74da19dab1a07fdf9703e7858.jpg,,16,17,1
d3,B4_erosion_watershed,WIN_20240129_16_53_09_Pro_jpg.rf.c7a96ab65e29d13f49f60439e8413816.jpg,,15,18,3
d3,B4_erosion_watershed,WIN_20240130_16_53_42_Pro_jpg.rf.ca929a9bba99c9f59a1f052d675f4bb9.jpg,,12,17,5
d3,B4_erosion_watershed,WIN_20240131_10_54_15_Pro_jpg.rf.ca2ee0d4068d5c9789a1b0e6cf52749f.jpg,,14,9,-5
d3,B4_erosion_watershed,WIN_20240130_16_29_13_Pro_jpg.rf.cdc580339d42e40a862d166e2dbfb99a.jpg,,15,23,8
d3,B4_erosion_watershed,WIN_20240202_13_08_10_Pro_jpg.rf.c9985984a16f62cd1b38c6e2cbcdf508.jpg,,18,19,1
d3,B4_erosion_watershed,WIN_20240202_11_53_16_Pro_jpg.rf.c5c0f80d022663ffa50a09a40c9e2dcc.jpg,,13,18,5
d3,B4_erosion_watershed,WIN_20240202_13_19_54_Pro_jpg.rf.c6ef19ef2b7dd38f2a2a72553077903c.jpg,,17,17,0
d3,B4_erosion_watershed,WIN_20240129_11_02_01_Pro_jpg.rf.cd8626cea54afe5dfac807b08a4c417e.jpg,,14,19,5
d3,B4_erosion_watershed,WIN_20240127_13_43_16_Pro_jpg.rf.cc823cd7d145486c8aac51eba6d24641.jpg,,13,20,7
d3,B4_erosion_watershed,WIN_20240202_13_00_05_Pro_jpg.rf.c5ed46a01ee6dc7e414125c00caded8b.jpg,,15,15,0
d3,B4_erosion_watershed,WIN_20240127_13_41_33_Pro_jpg.rf.cb1fb3a59038e64c9d42accf61c900d0.jpg,,18,23,5
d3,B4_erosion_watershed,WIN_20240126_14_36_54_Pro_jpg.rf.c90acb0ce5e19f9d626974563deb244a.jpg,,15,24,9
d3,B4_erosion_watershed,WIN_20240202_14_03_09_Pro_jpg.rf.cdd3eb0f39cc4fa86b65e679af988ecd.jpg,,21,24,3
d3,B4_erosion_watershed,WIN_20240131_10_53_23_Pro_jpg.rf.ccefbf87fdabc8b9509e42e9249a15ca.jpg,,17,21,4
d3,B4_erosion_watershed,WIN_20240129_18_23_47_Pro_jpg.rf.cdc1a74a0c05a62ab02664bad340fbb3.jpg,,17,22,5
d3,B4_erosion_watershed,WIN_20240202_13_02_17_Pro_jpg.rf.ca4874f6e69e7e7e9aa8295a98e7549b.jpg,,14,17,3
d3,B4_erosion_watershed,WIN_20240202_12_38_40_Pro_jpg.rf.cad8d19f5343f8ce627cdf2efe2ff52b.jpg,,15,22,7
d3,B4_erosion_watershed,WIN_20240202_12_00_29_Pro_jpg.rf.c5b44336b3ecd8da919ce4802a6584cb.jpg,,14,15,1
d3,B4_erosion_watershed,WIN_20240129_18_27_33_Pro_jpg.rf.cef06924412b7d65bab2159a68004dd2.jpg,,16,19,3
d3,B4_erosion_watershed,WIN_20240129_17_59_40_Pro_jpg.rf.d0280384a4488a2205bfbb66dee79bbd.jpg,,12,14,2
d3,B4_erosion_watershed,WIN_20240129_17_00_03_Pro_jpg.rf.d10357e0d7e36cdc5011569c65f718c9.jpg,,16,19,3
d3,B4_erosion_watershed,WIN_20240202_11_58_32_Pro_jpg.rf.d1a2dafeb02970915f8e2167cc2e6ad3.jpg,,14,21,7
d3,B4_erosion_watershed,WIN_20240130_15_42_03_Pro_jpg.rf.cf0f7c567599534d74c5d4fa571cde39.jpg,,14,18,4
d3,B4_erosion_watershed,WIN_20240202_13_54_07_Pro_jpg.rf.cfc807306b078bcebee228a9fa948266.jpg,,13,18,5
d3,B4_erosion_watershed,WIN_20240129_10_53_04_Pro_jpg.rf.d0dd4a25f360754f7d2d5ad8fa10773f.jpg,,17,23,6
d3,B4_erosion_watershed,WIN_20240129_18_31_31_Pro_jpg.rf.ced4fa815b7823c582b31aa500a15210.jpg,,13,15,2
d3,B4_erosion_watershed,WIN_20240201_15_10_42_Pro_jpg.rf.ce02383e32bad6c1a5db0c9f1556900b.jpg,,15,16,1
d3,B4_erosion_watershed,WIN_20240129_17_50_41_Pro_jpg.rf.d293d67f2e761bf7877221dc90c6061f.jpg,,15,20,5
d3,B4_erosion_watershed,WIN_20240126_14_55_14_Pro_jpg.rf.d0fde38195c4c1467ca37643edb21268.jpg,,14,19,5
d3,B4_erosion_watershed,WIN_20240129_18_19_30_Pro_jpg.rf.d093d86534e3a9ea29e91eaa4dd94b29.jpg,,15,17,2
d3,B4_erosion_watershed,WIN_20240130_16_39_08_Pro_jpg.rf.cfbffbddffefb52f4d16f797c6e1f8e8.jpg,,12,20,8
d3,B4_erosion_watershed,WIN_20240130_16_38_17_Pro_jpg.rf.d38a971699935def54ee68bfe3692a0d.jpg,,13,20,7
d3,B4_erosion_watershed,WIN_20240202_12_39_14_Pro_jpg.rf.d0f70d7aa7370ef0e25dca02cb05dcb9.jpg,,19,23,4
d3,B4_erosion_watershed,WIN_20240129_17_58_00_Pro_jpg.rf.d4a83f344e39e6219af233e4e4ec7726.jpg,,17,23,6
d3,B4_erosion_watershed,WIN_20240126_11_42_53_Pro_jpg.rf.cfb241fcb06b77a968d2b72b327158f8.jpg,,11,19,8
d3,B4_erosion_watershed,WIN_20240202_13_37_28_Pro_jpg.rf.d3a318fb6c3d5e4771d718d548830139.jpg,,13,17,4
d3,B4_erosion_watershed,WIN_20240126_14_14_47_Pro_jpg.rf.d3c65eb1c50896995173472f69aa5647.jpg,,13,14,1
d3,B4_erosion_watershed,WIN_20240131_11_21_40_Pro_jpg.rf.d3449c92167c270b0fddac46a20f78f5.jpg,,13,19,6
d3,B4_erosion_watershed,WIN_20240130_15_53_27_Pro_jpg.rf.cf54d199fff3d269e7be1b6cfed1810d.jpg,,13,20,7
d3,B4_erosion_watershed,WIN_20240130_16_42_49_Pro_jpg.rf.d5724b5911261166abbcdcbb0692e1b0.jpg,,12,20,8
d3,B4_erosion_watershed,WIN_20240129_17_43_18_Pro_jpg.rf.d49ae6ab4c60d57adc136618f148162c.jpg,,18,22,4
d3,B4_erosion_watershed,WIN_20240126_12_20_57_Pro_jpg.rf.cf38758ee9f1f2d1332cebc2c9dea410.jpg,,11,14,3
d3,B4_erosion_watershed,WIN_20240130_15_49_21_Pro_jpg.rf.d3b3864a050b2bc09d2625243e9bc769.jpg,,18,22,4
d3,B4_erosion_watershed,WIN_20240202_12_45_04_Pro_jpg.rf.d64d4568e0bcf084bc03ff07afcb8bd4.jpg,,14,15,1
d3,B4_erosion_watershed,WIN_20240202_12_49_13_Pro_jpg.rf.d4bf7135491de284c4dd001b535b9b5e.jpg,,13,18,5
d3,B4_erosion_watershed,WIN_20240126_11_35_48_Pro_jpg.rf.d292467913e0e21117306d984c8e5cbc.jpg,,13,20,7
d3,B4_erosion_watershed,WIN_20240129_10_47_53_Pro_jpg.rf.d6878d939159f619aedbd4cf1c91654a.jpg,,14,22,8
d3,B4_erosion_watershed,WIN_20240201_15_07_34_Pro_jpg.rf.d6d8fe46c2d4bc35700cdce3f1da0623.jpg,,15,20,5
d3,B4_erosion_watershed,WIN_20240131_11_02_44_Pro_jpg.rf.d7fec851bef03e14c09eec4a6a93ca29.jpg,,16,19,3
d3,B4_erosion_watershed,WIN_20240130_16_07_23_Pro_jpg.rf.d995f013bc016d6dd558a735b0de4ee7.jpg,,14,18,4
d3,B4_erosion_watershed,WIN_20240126_12_13_46_Pro_jpg.rf.d9a13d89b57a95929c58db645fe9ffd1.jpg,,15,21,6
d3,B4_erosion_watershed,WIN_20240126_14_01_27_Pro_jpg.rf.d4d96e8fc1816340526a2554bf6ab9a0.jpg,,13,19,6
d3,B4_erosion_watershed,WIN_20240202_13_06_54_Pro_jpg.rf.d7677627792bc5401c5cd879864702b0.jpg,,14,22,8
d3,B4_erosion_watershed,WIN_20240129_11_26_55_Pro_jpg.rf.d77ab49cd6e5e98de9bdf3966a002ac8.jpg,,18,21,3
d3,B4_erosion_watershed,WIN_20240201_15_02_27_Pro_jpg.rf.d3e27df3572f0807bba7de8929512384.jpg,,15,20,5
d3,B4_erosion_watershed,WIN_20240126_14_43_32_Pro_jpg.rf.d8a31eb1c7858ab8aaafb003cb5c5fdc.jpg,,16,19,3
d3,B4_erosion_watershed,WIN_20240126_14_28_23_Pro_jpg.rf.d823e6f7e2bc6b66766fd6ac8d78cf42.jpg,,15,17,2
d3,B4_erosion_watershed,WIN_20240127_13_51_46_Pro_jpg.rf.d7cbe25ddf6d61045294b8d6799cd412.jpg,,17,20,3
d3,B4_erosion_watershed,WIN_20240126_11_59_11_Pro_jpg.rf.db15ea299ec84dad9573b751bec302b9.jpg,,19,23,4
d3,B4_erosion_watershed,WIN_20240129_10_42_21_Pro_jpg.rf.d9f3d3168dc9d26354003342e0fb053b.jpg,,14,17,3
d3,B4_erosion_watershed,WIN_20240131_11_00_04_Pro_jpg.rf.dc1068b65824330afa875368b07a6cc8.jpg,,13,19,6
d3,B4_erosion_watershed,WIN_20240129_11_39_46_Pro_jpg.rf.dd719c26d39447f78818098b2e2e57e3.jpg,,15,17,2
d3,B4_erosion_watershed,WIN_20240202_12_45_49_Pro_jpg.rf.dc8e8bdbd4490f8ad382db9b38e7dafe.jpg,,17,20,3
d3,B4_erosion_watershed,WIN_20240129_11_07_36_Pro_jpg.rf.db96d8c12e02d096818638cb5e5712f1.jpg,,15,24,9
d3,B4_erosion_watershed,WIN_20240129_18_33_27_Pro_jpg.rf.dd1ff897647ae67a1d6c33c4b1dabafd.jpg,,19,24,5
d3,B4_erosion_watershed,WIN_20240126_11_52_45_Pro_jpg.rf.ddfe539322245f199d3a742c388bd657.jpg,,17,20,3
d3,B4_erosion_watershed,WIN_20240129_10_18_49_Pro_jpg.rf.de5e1130db13909451772b2d2cfcdfbb.jpg,,14,18,4
d3,B4_erosion_watershed,WIN_20240126_14_13_27_Pro_jpg.rf.d6b7575b53d88be6b7c7167391270695.jpg,,14,18,4
d3,B4_erosion_watershed,WIN_20240130_15_40_27_Pro_jpg.rf.e0af9c72a479d5215610039844358b5b.jpg,,19,22,3
d3,B4_erosion_watershed,WIN_20240129_10_36_37_Pro_jpg.rf.d6398647368e47e020feb08d09960460.jpg,,12,16,4
d3,B4_erosion_watershed,WIN_20240202_11_59_56_Pro_jpg.rf.df8d8ec9416bd23b96016f7d9a092845.jpg,,12,16,4
d3,B4_erosion_watershed,WIN_20240202_13_52_22_Pro_jpg.rf.df12bf7bfb47d41f933162fe33d88b03.jpg,,17,21,4
d3,B4_erosion_watershed,WIN_20240129_11_21_43_Pro_jpg.rf.e1d1febf6a073f3a66faef1e6968433f.jpg,,17,19,2
d3,B4_erosion_watershed,WIN_20240131_11_16_21_Pro_jpg.rf.dec40d5f116a57a93a97bd3578986211.jpg,,11,17,6
d3,B4_erosion_watershed,WIN_20240126_14_05_03_Pro_jpg.rf.ddf89dff75c42d36c02444efcb2fec75.jpg,,13,17,4
d3,B4_erosion_watershed,WIN_20240202_12_56_40_Pro_jpg.rf.e2c078090454e23289c0bc6bc4ccc206.jpg,,17,15,-2
d3,B4_erosion_watershed,WIN_20240129_10_59_31_Pro_jpg.rf.e396d288d8177a5a7a80c127a5a11dfa.jpg,,15,15,0
d3,B4_erosion_watershed,WIN_20240130_16_09_09_Pro_jpg.rf.de05dbc315b3ca08e1c3283e6162cf03.jpg,,15,16,1
d3,B4_erosion_watershed,WIN_20240202_12_03_34_Pro_jpg.rf.e3e4e73e3cd6a2ba23c9839f67e5767f.jpg,,13,16,3
d3,B4_erosion_watershed,WIN_20240129_17_02_13_Pro_jpg.rf.e37a4c1374506a271c5b0a2f39bd5cea.jpg,,14,17,3
d3,B4_erosion_watershed,WIN_20240126_14_55_56_Pro_jpg.rf.e400db2e41031a8ac61a5e3956e44d8c.jpg,,17,24,7
d3,B4_erosion_watershed,WIN_20240130_15_56_53_Pro_jpg.rf.e50ab1b39ff542b2f56353045b45f145.jpg,,15,20,5
d3,B4_erosion_watershed,WIN_20240202_13_18_45_Pro_jpg.rf.e47cf60a9416308948d5c1bdf60d39d7.jpg,,13,17,4
d3,B4_erosion_watershed,WIN_20240130_16_17_35_Pro_jpg.rf.e41891862a463cc912b597c8402870da.jpg,,17,19,2
d3,B4_erosion_watershed,WIN_20240202_12_12_38_Pro_jpg.rf.e85375c803d37bb06cd30238d35d9463.jpg,,14,21,7
d3,B4_erosion_watershed,WIN_20240126_13_48_00_Pro_jpg.rf.e47b2a9d1689137de52242a1528d29d2.jpg,,13,15,2
d3,B4_erosion_watershed,WIN_20240131_11_35_56_Pro_jpg.rf.e7324ca8b3f8dab041ee3ee6ba284e0f.jpg,,11,14,3
d3,B4_erosion_watershed,WIN_20240126_11_39_51_Pro_jpg.rf.e715ea3d8db436ffda3439abaf226a88.jpg,,16,20,4
d3,B4_erosion_watershed,WIN_20240129_18_01_08_Pro_jpg.rf.e74cede877dd3d7522c550a349c645fd.jpg,,14,16,2
d3,B4_erosion_watershed,WIN_20240202_12_31_04_Pro_jpg.rf.e8edaefabb7117ad77bed0e9ae8cbd0d.jpg,,11,15,4
d3,B4_erosion_watershed,WIN_20240202_12_28_28_Pro_jpg.rf.e5eed96766661b3c2b7fe5278cfa9beb.jpg,,13,18,5
d3,B4_erosion_watershed,WIN_20240202_12_26_14_Pro_jpg.rf.e93fce6b4773dac406ec6369d3c01643.jpg,,14,16,2
d3,B4_erosion_watershed,WIN_20240130_16_51_04_Pro_jpg.rf.dfdbc639f451f061cab1cb3fc79a07dc.jpg,,12,18,6
d3,B4_erosion_watershed,WIN_20240126_11_21_56_Pro_jpg.rf.e1b307dfe311eeb5553dc59f023450d2.jpg,,9,15,6
d3,B4_erosion_watershed,WIN_20240202_13_44_05_Pro_jpg.rf.e983475d245b2077ddfd254b362bddc4.jpg,,19,23,4
d3,B4_erosion_watershed,WIN_20240126_12_11_45_Pro_jpg.rf.e4b3fec7f1512c4648b8fe8cde0ed8b2.jpg,,15,18,3
d3,B4_erosion_watershed,WIN_20240126_14_15_22_Pro_jpg.rf.e397001745fb2efc300997e833eafb16.jpg,,14,17,3
d3,B4_erosion_watershed,WIN_20240202_13_57_56_Pro_jpg.rf.e5830d71dd103819d962441b29da577b.jpg,,16,17,1
d3,B4_erosion_watershed,WIN_20240131_11_03_34_Pro_jpg.rf.e640fda76c6a7ae6ec97721974e3a62e.jpg,,13,8,-5
d3,B4_erosion_watershed,WIN_20240126_13_56_36_Pro_jpg.rf.e95a7e66376375375ea1c20839cc75c2.jpg,,13,19,6
d3,B4_erosion_watershed,WIN_20240126_11_55_55_Pro_jpg.rf.e752068588c848f95848a4f75f8c23dc.jpg,,16,22,6
d3,B4_erosion_watershed,WIN_20240202_13_14_46_Pro_jpg.rf.ea0e45ea152623a0ebf770bc8879f7a6.jpg,,13,17,4
d3,B4_erosion_watershed,WIN_20240202_12_47_21_Pro_jpg.rf.e9d878444058ded84abd0338c6df57b0.jpg,,16,20,4
d3,B4_erosion_watershed,WIN_20240126_14_00_24_Pro_jpg.rf.ec116e41a2a0cf41b0a2a3afa74392e5.jpg,,12,18,6
d3,B4_erosion_watershed,WIN_20240129_10_40_38_Pro_jpg.rf.e9b435f77cdc6e057f35f63218d9abe3.jpg,,12,16,4
d3,B4_erosion_watershed,WIN_20240130_16_26_57_Pro_jpg.rf.ee3679e3df742dd22a973fd35eca16a2.jpg,,16,17,1
d3,B4_erosion_watershed,WIN_20240126_14_11_34_Pro_jpg.rf.e862702866f021912cbc0797d5d06240.jpg,,16,20,4
d3,B4_erosion_watershed,WIN_20240129_10_30_57_Pro_jpg.rf.ee25dcb793d54cb19a02641d793f3670.jpg,,15,18,3
d3,B4_erosion_watershed,WIN_20240202_13_46_50_Pro_jpg.rf.ef5acb5cb6d24d9a56d51e6d061575d0.jpg,,18,26,8
d3,B4_erosion_watershed,WIN_20240126_14_18_23_Pro_jpg.rf.ebb2343e9341477b4193c2289583c57a.jpg,,15,21,6
d3,B4_erosion_watershed,WIN_20240129_11_03_17_Pro_jpg.rf.ec3b3dffa04f45917c2456c48493fee1.jpg,,14,16,2
d3,B4_erosion_watershed,WIN_20240126_14_51_23_Pro_jpg.rf.ef796a881658047434439ab038b49b53.jpg,,15,18,3
d3,B4_erosion_watershed,WIN_20240126_11_20_40_Pro_jpg.rf.edb671c512776c8f6966fe4db083263e.jpg,,12,17,5
d3,B4_erosion_watershed,WIN_20240131_11_10_31_Pro_jpg.rf.ec62882b2f8f27ddd551c76976214360.jpg,,15,16,1
d3,B4_erosion_watershed,WIN_20240129_18_05_03_Pro_jpg.rf.ebc70f4d56dc452372cca0d5b46b2d65.jpg,,17,21,4
d3,B4_erosion_watershed,WIN_20240129_11_34_39_Pro_jpg.rf.ed736b242cae197773ea50bef350ef95.jpg,,16,19,3
d3,B4_erosion_watershed,WIN_20240130_15_58_25_Pro_jpg.rf.de90205182a4e92b27f25528e0d1aef4.jpg,,15,18,3
d3,B4_erosion_watershed,WIN_20240131_11_27_26_Pro_jpg.rf.f0de6f1178050698a1af3159b7151c0e.jpg,,13,15,2
d3,B4_erosion_watershed,WIN_20240130_15_43_50_Pro_jpg.rf.f0ce7d7ada13c17bb6473cac3db5ec56.jpg,,16,17,1
d3,B4_erosion_watershed,WIN_20240126_14_36_26_Pro_jpg.rf.ef81bc4ce8daed454474f9a397276b90.jpg,,19,19,0
d3,B4_erosion_watershed,WIN_20240126_14_16_20_Pro_jpg.rf.efa481f28c7a7de66d509a24fb2f21bf.jpg,,16,20,4
d3,B4_erosion_watershed,WIN_20240129_11_23_31_Pro_jpg.rf.f0c0e3900aca8dc0e47a11f0367a970d.jpg,,19,23,4
d3,B4_erosion_watershed,WIN_20240126_14_34_30_Pro_jpg.rf.f12a8f9893d0968828d853765201ad31.jpg,,13,17,4
d3,B4_erosion_watershed,WIN_20240129_10_39_49_Pro_jpg.rf.eea7c8dbaf9ca0352f882c4b9a8f629a.jpg,,13,14,1
d3,B4_erosion_watershed,WIN_20240129_18_28_53_Pro_jpg.rf.efa3f92beb892c44e164045b506c2483.jpg,,18,19,1
d3,B4_erosion_watershed,WIN_20240130_16_36_40_Pro_jpg.rf.f21bcfd33cfc578575cfb7b9fb87d2ed.jpg,,13,12,-1
d3,B4_erosion_watershed,WIN_20240126_14_49_02_Pro_jpg.rf.f24767ef69d1836015abb2309e39fd1f.jpg,,15,21,6
d3,B4_erosion_watershed,WIN_20240126_14_28_54_Pro_jpg.rf.f2de65c9f56e32ff9cf1ad6f36219767.jpg,,12,13,1
d3,B4_erosion_watershed,WIN_20240202_13_43_19_Pro_jpg.rf.f3d7ad73ea2cdb5d1252d0818fbaeac7.jpg,,16,18,2
d3,B4_erosion_watershed,WIN_20240130_16_35_10_Pro_jpg.rf.f3cbc1ebc34c6fc2152ed4a713189fa6.jpg,,13,17,4
d3,B4_erosion_watershed,WIN_20240129_18_05_44_Pro_jpg.rf.f3926d6aa332bf8656b2d016d0afadf6.jpg,,13,15,2
d3,B4_erosion_watershed,WIN_20240126_13_53_19_Pro_jpg.rf.f2d7d574d86ba7eff1a07233c2b32c84.jpg,,13,14,1
d3,B4_erosion_watershed,WIN_20240126_12_08_41_Pro_jpg.rf.f557868f8421f64d2a446f69d8bd9d04.jpg,,14,20,6
d3,B4_erosion_watershed,WIN_20240129_18_17_12_Pro_jpg.rf.f3b24996794ee3c916118a6eeb192c0b.jpg,,14,18,4
d3,B4_erosion_watershed,WIN_20240130_16_16_06_Pro_jpg.rf.f29151f6b2274731dda89311b7f14123.jpg,,15,17,2
d3,B4_erosion_watershed,WIN_20240126_14_45_36_Pro_jpg.rf.f21dd9bd9e5358deb7264eeb968c403b.jpg,,14,16,2
d3,B4_erosion_watershed,WIN_20240129_17_44_01_Pro_jpg.rf.f238dc81d9ad6d10402e7cc022cbb535.jpg,,12,18,6
d3,B4_erosion_watershed,WIN_20240129_18_00_27_Pro_jpg.rf.f563baac01ab77c4f17963790f6a71e7.jpg,,16,21,5
d3,B4_erosion_watershed,WIN_20240129_16_40_55_Pro_jpg.rf.f2e6fef7b51cb926c92dfd1e70a72ec6.jpg,,19,25,6
d3,B4_erosion_watershed,WIN_20240201_15_03_37_Pro_jpg.rf.f5740b5fe92d27d46b40c9f89b53db8f.jpg,,15,17,2
d3,B4_erosion_watershed,WIN_20240130_16_00_11_Pro_jpg.rf.f59b06f13ec3bdc0f539cc79bd0dfac6.jpg,,16,21,5
d3,B4_erosion_watershed,WIN_20240126_14_44_10_Pro_jpg.rf.f5aca6f1ceb429e51173c47c0b64e70f.jpg,,14,15,1
d3,B4_erosion_watershed,WIN_20240129_11_25_00_Pro_jpg.rf.f625e5faeaa4cfa323f1cfe90854d03e.jpg,,14,19,5
d3,B4_erosion_watershed,WIN_20240129_11_06_26_Pro_jpg.rf.f2e9aed80c975b01f6dd4384b88c7420.jpg,,14,16,2
d3,B4_erosion_watershed,WIN_20240129_18_13_52_Pro_jpg.rf.f4f40db32253a37adb820988182efb3d.jpg,,16,19,3
d3,B4_erosion_watershed,WIN_20240131_10_56_21_Pro_jpg.rf.f5ce9f46950804d8f9dc9ba259458fbb.jpg,,13,18,5
d3,B4_erosion_watershed,WIN_20240131_11_09_46_Pro_jpg.rf.f53f8c7d68b018ba898927314ad47672.jpg,,13,18,5
d3,B4_erosion_watershed,WIN_20240201_15_12_43_Pro_jpg.rf.f7328eea93ef246f50c0deec55430509.jpg,,14,23,9
d3,B4_erosion_watershed,WIN_20240127_13_58_00_Pro_jpg.rf.f8b772dc3d88ba8c4138195d4ec8a0db.jpg,,14,22,8
d3,B4_erosion_watershed,WIN_20240202_11_51_43_Pro_jpg.rf.f84cc1ccc350bbf703a45998aee44502.jpg,,12,18,6
d3,B4_erosion_watershed,WIN_20240202_13_40_59_Pro_jpg.rf.faa56c0ec095e1befbf0202f77c5d4d0.jpg,,12,18,6
d3,B4_erosion_watershed,WIN_20240129_18_10_31_Pro_jpg.rf.f7a4296b52dd5ea35a7042f6264d24b4.jpg,,15,17,2
d3,B4_erosion_watershed,WIN_20240202_12_06_42_Pro_jpg.rf.fbde63617b71a338d5eadee2053fd31d.jpg,,16,25,9
d3,B4_erosion_watershed,WIN_20240130_15_44_31_Pro_jpg.rf.fb8934c9c676e091b8e370be5521803f.jpg,,19,27,8
d3,B4_erosion_watershed,WIN_20240126_11_17_54_Pro_jpg.rf.f9a62c2278edaa99a7f57eb7e49151f2.jpg,,10,19,9
d3,B4_erosion_watershed,WIN_20240129_16_50_50_Pro_jpg.rf.f8ba1f2fa5997acf8d22896807ca6c8b.jpg,,19,21,2
d3,B4_erosion_watershed,WIN_20240131_11_04_23_Pro_jpg.rf.fc8cc0b9f8cd0fbe208670dc3ae183b3.jpg,,12,23,11
d3,B4_erosion_watershed,WIN_20240130_16_22_49_Pro_jpg.rf.fc0c3bd4ae86ac62869980c9de5df821.jpg,,13,17,4
d3,B4_erosion_watershed,WIN_20240129_17_47_09_Pro_jpg.rf.fc34fbde1b2356d5138ba7fbf9f57f0a.jpg,,14,21,7
d3,B4_erosion_watershed,WIN_20240129_11_19_36_Pro_jpg.rf.fc071bb883e7781511c6707756239d32.jpg,,17,25,8
d3,B4_erosion_watershed,WIN_20240129_16_40_06_Pro_jpg.rf.fbdeec7ad2d06eab24eb2315a218e101.jpg,,13,22,9
d3,B4_erosion_watershed,WIN_20240130_16_09_56_Pro_jpg.rf.ff2fd1b69e34ee0338794195e241c371.jpg,,18,22,4
d3,B4_erosion_watershed,WIN_20240126_11_24_40_Pro_jpg.rf.faf48b522c8f7121db047c6cda2fb159.jpg,,11,13,2
d3,B4_erosion_watershed,WIN_20240129_10_35_33_Pro_jpg.rf.fec9bcb40dedf4d0cbb9cae66a6a02d9.jpg,,13,17,4
d3,B4_erosion_watershed,WIN_20240202_12_15_02_Pro_jpg.rf.ff8dbd7676e536b5acd35d493863f7b7.jpg,,14,17,3
d3,B4_erosion_watershed,WIN_20240202_12_48_07_Pro_jpg.rf.fe0db3de3f6f5c14c96d222c420cb88f.jpg,,17,18,1
d3,B4_erosion_watershed,WIN_20240129_18_07_25_Pro_jpg.rf.fce2d3a86e3fcc1e41c4cfb80cdcb07f.jpg,,17,16,-1
d3,B4_erosion_watershed,WIN_20240126_11_18_24_Pro_jpg.rf.f7c802189b7cb9dacd8c5d58cc218939.jpg,,10,11,1
d3,B4_erosion_watershed,WIN_20240202_12_14_19_Pro_jpg.rf.fce1c9facaefb7fe5ca58cfe02cd6faa.jpg,,14,21,7
d3,B4_erosion_watershed,WIN_20240130_16_22_01_Pro_jpg.rf.fdc98eab0dc01c600cb2991b0aed570b.jpg,,14,18,4
d3,B4_erosion_watershed,WIN_20240202_12_11_06_Pro_jpg.rf.fdb0b57b490ea1aa82226da1948187d5.jpg,,13,15,2
d3,B4_erosion_watershed,WIN_20240130_15_56_19_Pro_jpg.rf.fe7a2d0866a583921a60749353620a57.jpg,,14,16,2
d3,B4_erosion_watershed,WIN_20240202_13_53_45_Pro_jpg.rf.ffb77e33ab62a616534b59d94dde7f42.jpg,,11,14,3
d3,B4_erosion_watershed,WIN_20240130_16_45_14_Pro_jpg.rf.fdc6011f7cd447eea4794f333aa0fdb9.jpg,,14,21,7
d3,B4_erosion_watershed,WIN_20240129_17_52_20_Pro_jpg.rf.320ae413d97fcbf28313a05745bcb8fa.jpg,,14,19,5
d3,B4_erosion_watershed,WIN_20240202_13_48_12_Pro_jpg.rf.355b546cabf43999eb2a67e3b2dc3788.jpg,,16,18,2
d3,B4_erosion_watershed,WIN_20240129_17_44_31_Pro_jpg.rf.3387a739585d27e50bc7c08addf966e9.jpg,,17,24,7
d3,B4_erosion_watershed,WIN_20240126_11_32_13_Pro_jpg.rf.345ca9061e287e822e30ab1a630c0aea.jpg,,12,13,1
d3,B4_erosion_watershed,WIN_20240129_10_51_23_Pro_jpg.rf.36ac671c1c96f603033573122b0ce75b.jpg,,14,16,2
d3,B4_erosion_watershed,WIN_20240130_15_59_17_Pro_jpg.rf.343fca61d6b7cd9c2480de46a22c2a70.jpg,,12,13,1
d3,B4_erosion_watershed,WIN_20240202_12_05_22_Pro_jpg.rf.35a4e7ddedbfefe77b0477a12f18e22d.jpg,,13,17,4
d3,B4_erosion_watershed,WIN_20240126_14_39_29_Pro_jpg.rf.3727947deb78dc55bcddb616ad5a0ebf.jpg,,16,21,5
d3,B4_erosion_watershed,WIN_20240202_13_48_42_Pro_jpg.rf.36d610495f43498150b412ca6a76e4b5.jpg,,16,20,4
d3,B4_erosion_watershed,WIN_20240130_16_27_40_Pro_jpg.rf.3225155397432b15a888da2fbea6aca0.jpg,,13,7,-6
d3,B4_erosion_watershed,WIN_20240126_11_48_08_Pro_jpg.rf.321a012baad91cb6476a211ba50fa4dc.jpg,,16,20,4
d3,B4_erosion_watershed,WIN_20240129_18_07_56_Pro_jpg.rf.327f7d04c1ac5290bc9ad852875480e2.jpg,,14,16,2
d3,B4_erosion_watershed,WIN_20240130_15_46_10_Pro_jpg.rf.320b097b6f4bb8cf620d5ff9f2032ee9.jpg,,15,16,1
d3,B4_erosion_watershed,WIN_20240202_11_56_51_Pro_jpg.rf.3804c1256edf98ccb3071e5c877fb44c.jpg,,12,14,2
d3,B4_erosion_watershed,WIN_20240127_14_01_22_Pro_jpg.rf.36165435850e87625cc1910e2aa4d36a.jpg,,13,15,2
d3,B4_erosion_watershed,WIN_20240126_14_02_22_Pro_jpg.rf.39662d9dabb614f4c53dc3ec7c231c71.jpg,,13,14,1
d3,B4_erosion_watershed,WIN_20240126_11_44_00_Pro_jpg.rf.3252d867f41ce70e9a2aacbcbdf72a33.jpg,,16,21,5
d3,B4_erosion_watershed,WIN_20240129_10_19_31_Pro_jpg.rf.3a25f797eb8058f7170eff55e181a575.jpg,,14,21,7
d3,B4_erosion_watershed,WIN_20240202_13_36_57_Pro_jpg.rf.3c7e263e386e1e50ac3f3e815cd2a2fe.jpg,,17,25,8
d3,B4_erosion_watershed,WIN_20240129_10_26_17_Pro_jpg.rf.3b9fabd4ea8083e4d399bff8e893523c.jpg,,14,17,3
d3,B4_erosion_watershed,WIN_20240129_18_03_41_Pro_jpg.rf.3894c9c2e6d675e116aa535f7d9a2752.jpg,,14,19,5
d3,B4_erosion_watershed,WIN_20240126_14_06_12_Pro_jpg.rf.3dcaf4ca5c49029d60546dbca1ace8d2.jpg,,15,23,8
d3,B4_erosion_watershed,WIN_20240126_13_59_41_Pro_jpg.rf.3c9ec2a569323261fee68424fdf09743.jpg,,13,18,5
d3,B4_erosion_watershed,WIN_20240130_16_31_45_Pro_jpg.rf.3f155ea858ca875d4d59ba1f96df4e8a.jpg,,14,15,1
d3,B4_erosion_watershed,WIN_20240201_15_01_45_Pro_jpg.rf.3d8925aaf6af6f9cd7fc4907f09d53f8.jpg,,14,19,5
d3,B4_erosion_watershed,WIN_20240202_12_34_24_Pro_jpg.rf.3ce65ab8c920f72a5abd4b332b4fab38.jpg,,17,20,3
d3,B4_erosion_watershed,WIN_20240129_10_56_33_Pro_jpg.rf.3acdb36964ea5ec05a4ddf365641bb95.jpg,,12,18,6
d3,B4_erosion_watershed,WIN_20240202_13_38_13_Pro_jpg.rf.3ddae99e53547d55998ec48f9d268ffb.jpg,,13,13,0
d3,B4_erosion_watershed,WIN_20240126_11_32_47_Pro_jpg.rf.3d2b5a0cf18226d4550a0cd59668b085.jpg,,10,12,2
d3,B4_erosion_watershed,WIN_20240129_18_23_58_Pro_jpg.rf.3b51f84f2bff1744a4a68523a568d149.jpg,,15,23,8
d3,B4_erosion_watershed,WIN_20240129_11_27_22_Pro_jpg.rf.40044b626623619c5485a62859d2fc1b.jpg,,12,12,0
d3,B4_erosion_watershed,WIN_20240130_15_36_53_Pro_jpg.rf.3c19c0706d781e87edf60b0001f1d8c6.jpg,,17,27,10
d3,B4_erosion_watershed,WIN_20240202_11_52_17_Pro_jpg.rf.3af79db71efcde11e8f4ffd817ff132b.jpg,,12,22,10
d3,B4_erosion_watershed,WIN_20240129_16_49_55_Pro_jpg.rf.3f3740c23bc31757d8250773e7413a30.jpg,,18,23,5
d3,B4_erosion_watershed,WIN_20240129_18_13_15_Pro_jpg.rf.3f0f82b73f3d4cc0399c25dd1564741b.jpg,,15,18,3
d3,B4_erosion_watershed,WIN_20240126_14_27_23_Pro_jpg.rf.3c75ae12f3f31e8efe6b6da4fa6283b3.jpg,,13,20,7
d3,B4_erosion_watershed,WIN_20240131_11_02_04_Pro_jpg.rf.39ae1f5b7e9e9dce13c81c40918e1fb9.jpg,,14,18,4
d3,B4_erosion_watershed,WIN_20240126_11_23_03_Pro_jpg.rf.411e01d1929ceff84d47a9344ffdbee8.jpg,,10,12,2
d3,B4_erosion_watershed,WIN_20240130_16_24_52_Pro_jpg.rf.41102f04a2532387760bf5ea7e665c21.jpg,,13,16,3
d3,B4_erosion_watershed,WIN_20240129_18_34_48_Pro_jpg.rf.414bba05ba6eff8632390f78d22f9af3.jpg,,16,22,6
d3,B4_erosion_watershed,WIN_20240130_15_55_38_Pro_jpg.rf.4005cc3c25b63fd05a8c610203ce6989.jpg,,13,18,5
d3,B4_erosion_watershed,WIN_20240131_11_25_54_Pro_jpg.rf.4208c18c5fe49badca52992e404d2f34.jpg,,11,17,6
d3,B4_erosion_watershed,WIN_20240127_13_59_22_Pro_jpg.rf.406c35748e046494864bcb6650d904a5.jpg,,16,23,7
d3,B4_erosion_watershed,WIN_20240126_11_33_55_Pro_jpg.rf.42501a57e81e1485e2db74fd0890aa57.jpg,,10,15,5
d3,B4_erosion_watershed,WIN_20240129_10_55_03_Pro_jpg.rf.414f65d02dbcd8282a12a9e1d6c6e5bb.jpg,,16,22,6
d3,B4_erosion_watershed,WIN_20240129_10_58_32_Pro_jpg.rf.436eaca96d44db6eef73c65b04fca909.jpg,,17,22,5
d3,B4_erosion_watershed,WIN_20240129_16_45_02_Pro_jpg.rf.42da2af13efb43a6eb772245693bf32a.jpg,,15,22,7
d3,B4_erosion_watershed,WIN_20240126_11_30_29_Pro_jpg.rf.437d565c6a390b9d773c66efdd766623.jpg,,14,18,4
d3,B4_erosion_watershed,WIN_20240201_15_05_15_Pro_jpg.rf.41bd2eaa3ead195b0270c969c23e995c.jpg,,19,23,4
d3,B4_erosion_watershed,WIN_20240129_11_24_02_Pro_jpg.rf.43ba822244f4d9ea56d60702bfa2e3b9.jpg,,16,21,5
d3,B4_erosion_watershed,WIN_20240202_12_17_22_Pro_jpg.rf.4058c86f6c3911a3194f86b50312d3ba.jpg,,15,18,3
d3,B4_erosion_watershed,WIN_20240126_11_31_40_Pro_jpg.rf.43a501fdb37eb9643b56b017d3b41784.jpg,,12,20,8
d3,B4_erosion_watershed,WIN_20240202_12_59_12_Pro_jpg.rf.42224ee8e44e17bb355e0c85c022032f.jpg,,13,15,2
d3,B4_erosion_watershed,WIN_20240202_13_11_37_Pro_jpg.rf.42e2ec994f840a7481f4d1ab5c741234.jpg,,18,28,10
d3,B4_erosion_watershed,WIN_20240201_15_04_14_Pro_jpg.rf.44456d6b2689d4e5629e5e64c526649e.jpg,,13,16,3
d3,B4_erosion_watershed,WIN_20240129_10_14_26_Pro_jpg.rf.445877753176976e192ae7593c0f2978.jpg,,17,20,3
d3,B4_erosion_watershed,WIN_20240126_14_48_19_Pro_jpg.rf.4a2a24b179a3f8d05cf8e2f96fb904e4.jpg,,15,19,4
d3,B4_erosion_watershed,WIN_20240129_10_43_46_Pro_jpg.rf.445fd45d94dcb48b99028539fc7a2c10.jpg,,13,16,3
d3,B4_erosion_watershed,WIN_20240130_16_12_40_Pro_jpg.rf.4705e142e81fd0256821bd0c3f919f81.jpg,,15,18,3
d3,B4_erosion_watershed,WIN_20240130_16_57_04_Pro_jpg.rf.474e1cd060928c159591aa731c218bd8.jpg,,13,17,4
d3,B4_erosion_watershed,WIN_20240126_11_21_14_Pro_jpg.rf.44f0d226131bf87e2447b614e785850a.jpg,,10,15,5
d3,B4_erosion_watershed,WIN_20240202_11_55_32_Pro_jpg.rf.47e256590609a764b0433ec29b5356ce.jpg,,12,19,7
d3,B4_erosion_watershed,WIN_20240129_11_32_42_Pro_jpg.rf.464f13ad7c1bfa2f54662d16573a9500.jpg,,17,17,0
d3,B4_erosion_watershed,WIN_20240126_11_36_23_Pro_jpg.rf.417a61c3e3c32a8e510594b69d238aa1.jpg,,10,16,6
d3,B4_erosion_watershed,WIN_20240202_12_26_46_Pro_jpg.rf.4c2f215f4cedf5cb16ed898296d7797a.jpg,,15,19,4
d3,B4_erosion_watershed,WIN_20240202_14_03_55_Pro_jpg.rf.4a6d6dcfde76473af82d30656056aba3.jpg,,15,18,3
d3,B4_erosion_watershed,WIN_20240126_11_47_28_Pro_jpg.rf.4ac510e402753739715241a9b9c9e4a7.jpg,,14,17,3
d3,B4_erosion_watershed,WIN_20240126_14_42_39_Pro_jpg.rf.4c1708d1f6e3d1583d0e2d5b0c884953.jpg,,15,16,1
d3,B4_erosion_watershed,WIN_20240202_11_50_07_Pro_jpg.rf.4d1539522adc939fb51793c68b6a22eb.jpg,,14,20,6
d3,B4_erosion_watershed,WIN_20240126_11_51_20_Pro_jpg.rf.4a15e040f4dc58d57016a7f2e92dd43f.jpg,,12,16,4
d3,B4_erosion_watershed,WIN_20240126_11_41_24_Pro_jpg.rf.4df07d2d2285435927cdbbd86aeaa685.jpg,,15,18,3
d3,B4_erosion_watershed,WIN_20240126_14_06_43_Pro_jpg.rf.4d05ee8c0e2792c3cc63ff2477f15b1a.jpg,,15,19,4
d3,B4_erosion_watershed,WIN_20240130_16_52_15_Pro_jpg.rf.4d19f3a3f79beb51e814ab26810e970d.jpg,,14,21,7
d3,B4_erosion_watershed,WIN_20240130_16_56_01_Pro_jpg.rf.4713f051c723fbecd5080321c6fea461.jpg,,13,15,2
d3,B4_erosion_watershed,WIN_20240202_12_08_16_Pro_jpg.rf.4e6bb42821972d8908809c0610d56ae6.jpg,,12,13,1
d3,B4_erosion_watershed,WIN_20240129_11_09_19_Pro_jpg.rf.4ebee8e368f2fb94facb1364d7fe932c.jpg,,15,16,1
d3,B4_erosion_watershed,WIN_20240130_16_41_56_Pro_jpg.rf.4e2e453f78b7f07f28f12fdbb29d506d.jpg,,13,18,5
d3,B4_erosion_watershed,WIN_20240202_13_17_39_Pro_jpg.rf.4ef730e0b4cadc2a985c675a34c03120.jpg,,14,20,6
d3,B4_erosion_watershed,WIN_20240130_16_53_09_Pro_jpg.rf.4ea4b3e211842c099bac687fff89cf71.jpg,,12,13,1
d3,B4_erosion_watershed,WIN_20240202_13_20_40_Pro_jpg.rf.4810f1128dc2bb8fc9d311b9512969b5.jpg,,18,21,3
d3,B4_erosion_watershed,WIN_20240129_10_49_13_Pro_jpg.rf.527020603388449407e49fa9891aefc7.jpg,,16,24,8
d3,B4_erosion_watershed,WIN_20240129_11_16_48_Pro_jpg.rf.52cef322e1febe699db508a4bfbaf660.jpg,,14,16,2
d3,B4_erosion_watershed,WIN_20240129_11_35_15_Pro_jpg.rf.50d029b57aafc92af6d5e2217bbbdeec.jpg,,17,19,2
d3,B4_erosion_watershed,WIN_20240129_17_51_30_Pro_jpg.rf.521bcf8157807ee0ab9603afce51fd30.jpg,,18,24,6
d3,B4_erosion_watershed,WIN_20240202_13_59_27_Pro_jpg.rf.53039310194e95821491c246fc5c923f.jpg,,14,14,0
d3,B4_erosion_watershed,WIN_20240129_18_06_43_Pro_jpg.rf.4ee9fe246fa41ba10fb8ed954bffa405.jpg,,15,19,4
d3,B4_erosion_watershed,WIN_20240126_11_33_13_Pro_jpg.rf.52062c50934c7e419f915c18108f2d04.jpg,,11,17,6
d3,B4_erosion_watershed,WIN_20240202_12_57_18_Pro_jpg.rf.5277a3c2228851bb6d024af37b611098.jpg,,14,17,3
d3,B4_erosion_watershed,WIN_20240202_12_22_37_Pro_jpg.rf.54e105a0580f61ae6ce979433208aaf5.jpg,,17,20,3
d3,B4_erosion_watershed,WIN_20240130_16_08_17_Pro_jpg.rf.5360a38a65150926f5abd85d2fc8555f.jpg,,15,20,5
d3,B4_erosion_watershed,WIN_20240129_11_20_17_Pro_jpg.rf.55a1347e40b51726b491e8be7c8c1b72.jpg,,16,16,0
d3,B4_erosion_watershed,WIN_20240129_10_34_22_Pro_jpg.rf.57dfe8be3efa6f226116424bc7603e60.jpg,,14,22,8
d3,B4_erosion_watershed,WIN_20240129_16_55_01_Pro_jpg.rf.53baeabdb09705569e7d942722d5964c.jpg,,17,24,7
d3,B4_erosion_watershed,WIN_20240130_16_54_32_Pro_jpg.rf.55509111c1bd90cbea3a725ac77e7af7.jpg,,14,14,0
d3,B4_erosion_watershed,WIN_20240129_17_53_55_Pro_jpg.rf.5962868a84df0f507203f1162fa86d6d.jpg,,13,19,6
d3,B4_erosion_watershed,WIN_20240130_16_18_39_Pro_jpg.rf.5433fd811deecabb18029f952e058acb.jpg,,15,17,2
d3,B4_erosion_watershed,WIN_20240126_14_04_22_Pro_jpg.rf.585709c2251dae8d4119de171206f56a.jpg,,13,7,-6
d3,B4_erosion_watershed,WIN_20240202_13_40_27_Pro_jpg.rf.589ff581d9d41e690b95c4cbc520fc05.jpg,,16,20,4
d3,B4_erosion_watershed,WIN_20240126_14_13_58_Pro_jpg.rf.5499ea7e37bba31056d0d45c796b4bbd.jpg,,17,18,1
d3,B4_erosion_watershed,WIN_20240129_18_32_21_Pro_jpg.rf.58adcf0d6803b9c57020089717df5198.jpg,,19,25,6
d3,B4_erosion_watershed,WIN_20240129_16_52_29_Pro_jpg.rf.521391635b21813a6def6492cd707376.jpg,,11,14,3
d3,B4_erosion_watershed,WIN_20240129_11_30_36_Pro_jpg.rf.58ea1ada47ffb929c2683016d7641133.jpg,,17,20,3
d3,B4_erosion_watershed,WIN_20240131_11_17_06_Pro_jpg.rf.5a72f504c334907e8ccc834669ce65ac.jpg,,12,17,5
d3,B4_erosion_watershed,WIN_20240130_15_52_32_Pro_jpg.rf.5b665f9bb0f140e21118f2f3de8d8c7d.jpg,,16,20,4
d3,B4_erosion_watershed,WIN_20240131_10_55_02_Pro_jpg.rf.5d1419ff4697e04a70f11cd8b5bc3a6e.jpg,,15,18,3
d3,B4_erosion_watershed,WIN_20240202_13_13_44_Pro_jpg.rf.5b669f75c45b247f5797519b2c4ab4a9.jpg,,15,21,6
d3,B4_erosion_watershed,WIN_20240129_10_28_59_Pro_jpg.rf.5c4fcfb79c80ab3b03d9a5e4ed704d5a.jpg,,16,22,6
d3,B4_erosion_watershed,WIN_20240127_14_01_48_Pro_jpg.rf.60fd37839aeb3b5ce4687b2d51ff079b.jpg,,15,21,6
d3,B4_erosion_watershed,WIN_20240129_11_06_55_Pro_jpg.rf.5e5fec26b4865629574c79a84b855a76.jpg,,15,15,0
d3,B4_erosion_watershed,WIN_20240129_11_32_12_Pro_jpg.rf.60331de47e1bcee3c395cf07b4c8e2ea.jpg,,15,20,5
d3,B4_erosion_watershed,WIN_20240202_11_50_55_Pro_jpg.rf.61d277d7784ab604d0dd1385a24b2ba1.jpg,,13,16,3
d3,B4_erosion_watershed,WIN_20240131_11_14_25_Pro_jpg.rf.606037e07bc301e2a139f85b6cda01c8.jpg,,12,13,1
d3,B4_erosion_watershed,WIN_20240130_16_28_31_Pro_jpg.rf.5ee74c7495a3cb3cad96fff51585c3bf.jpg,,13,20,7
d3,B4_erosion_watershed,WIN_20240129_17_03_10_Pro_jpg.rf.62dbc3d49354b1e820b88eeac587e0a8.jpg,,15,20,5
d3,B4_erosion_watershed,WIN_20240129_11_04_36_Pro_jpg.rf.62b1803fb9dfcf9083fda6c7170f362c.jpg,,14,18,4
d3,B4_erosion_watershed,WIN_20240131_10_58_14_Pro_jpg.rf.62c94ec75c97d7def9a726cce0d50ae9.jpg,,14,21,7
d3,B4_erosion_watershed,WIN_20240129_10_23_17_Pro_jpg.rf.61b0a7a6a091aed9dbbcf893f41a4632.jpg,,13,15,2
d3,B4_erosion_watershed,WIN_20240129_17_04_48_Pro_jpg.rf.58dbd04b46d16fb5f81a5a1d0dd94808.jpg,,18,19,1
d3,B4_erosion_watershed,WIN_20240126_14_35_05_Pro_jpg.rf.6057971e8d5bdbb710b627482b7d19a8.jpg,,15,20,5
d3,B4_erosion_watershed,WIN_20240129_11_39_16_Pro_jpg.rf.62c64a7ecebd450b6e10df421e783fd6.jpg,,16,19,3
d3,B4_erosion_watershed,WIN_20240129_11_29_58_Pro_jpg.rf.631e6d8c8c73fd97f8566f049c40e55b.jpg,,15,7,-8
d3,B4_erosion_watershed,WIN_20240129_17_03_57_Pro_jpg.rf.6201a15314182ba92ffee4192b80ec3a.jpg,,16,19,3
d3,B4_erosion_watershed,WIN_20240129_11_37_16_Pro_jpg.rf.63cb7f316886473e333339c72b2e8c7b.jpg,,15,17,2
d3,B4_erosion_watershed,WIN_20240202_12_43_17_Pro_jpg.rf.615a1b21d6e0e5526bd7ee139e064c1c.jpg,,13,14,1
d3,B4_erosion_watershed,WIN_20240202_13_46_11_Pro_jpg.rf.62dc1b606d74f1574842a063cb2cfb0d.jpg,,18,19,1
d3,B4_erosion_watershed,WIN_20240202_12_08_51_Pro_jpg.rf.6616a0dc11f1d7badde5c154bc60393f.jpg,,15,17,2
d3,B4_erosion_watershed,WIN_20240131_11_23_09_Pro_jpg.rf.66ebc2ced1666ac8636e31b69a5ac10d.jpg,,10,17,7
d3,B4_erosion_watershed,WIN_20240129_16_49_22_Pro_jpg.rf.661c9233969276f4776b52744720cd28.jpg,,14,18,4
d3,B4_erosion_watershed,WIN_20240129_11_27_53_Pro_jpg.rf.697e118c8d6f7c1afa24efa9ce41cd23.jpg,,15,19,4
d3,B4_erosion_watershed,WIN_20240131_11_28_43_Pro_jpg.rf.698bdd28eb50efd660f998a5ce781ff3.jpg,,11,15,4
d3,B4_erosion_watershed,WIN_20240126_12_03_33_Pro_jpg.rf.6b0b6eee0b6563aa6e2ae89cd1527148.jpg,,12,14,2
d3,B4_erosion_watershed,WIN_20240130_15_47_44_Pro_jpg.rf.62e9617f63069b6d0c57d3aa830c73a8.jpg,,18,23,5
d3,B4_erosion_watershed,WIN_20240129_11_20_41_Pro_jpg.rf.695091c30f847406645d0be0867e86e1.jpg,,15,19,4
d3,B4_erosion_watershed,WIN_20240131_10_59_21_Pro_jpg.rf.6890229c592d8cec631fa34143a91870.jpg,,14,21,7
d3,B4_erosion_watershed,WIN_20240130_16_04_10_Pro_jpg.rf.64f3d7463da18ea62393fc53e725bf6f.jpg,,14,19,5
d3,B4_erosion_watershed,WIN_20240126_14_47_35_Pro_jpg.rf.683819ad6af2c7d24bf59aeb7f728846.jpg,,14,17,3
d3,B4_erosion_watershed,WIN_20240129_11_26_09_Pro_jpg.rf.6a9c3019af2c127f41ce7f6520f9aead.jpg,,15,16,1
d3,B4_erosion_watershed,WIN_20240131_11_15_29_Pro_jpg.rf.6d25728137c891405f31a7c703988f45.jpg,,13,15,2
d3,B4_erosion_watershed,WIN_20240129_10_46_56_Pro_jpg.rf.69baac9c2a52b246f58fffe009fb9698.jpg,,15,20,5
d3,B4_erosion_watershed,WIN_20240129_11_17_45_Pro_jpg.rf.69834591e170e362770518b0114dd78d.jpg,,13,19,6
d3,B4_erosion_watershed,WIN_20240130_15_35_36_Pro_jpg.rf.6d2d1ddd3c52f5caa970aed95ed9acbe.jpg,,19,21,2
d3,B4_erosion_watershed,WIN_20240202_13_13_07_Pro_jpg.rf.6d27de4aedc8495a7286315a5238b58a.jpg,,13,17,4
d3,B4_erosion_watershed,WIN_20240129_10_21_40_Pro_jpg.rf.6c32a9234b28b53e1834b4d29aad0127.jpg,,13,18,5
d3,B4_erosion_watershed,WIN_20240127_13_45_20_Pro_jpg.rf.6d9ee628a7a4bd98283f5abdb85bfd67.jpg,,4,20,16
d3,B4_erosion_watershed,WIN_20240126_14_03_11_Pro_jpg.rf.6d67b04c02ddbab1e6562fb099fc97d4.jpg,,11,16,5
d3,B4_erosion_watershed,WIN_20240129_18_35_52_Pro_jpg.rf.6ea1cbccd58663b871c1480b39bfae61.jpg,,14,18,4
d3,B4_erosion_watershed,WIN_20240129_11_37_45_Pro_jpg.rf.6ff969519c47d1bde3d488f0b1cadd5b.jpg,,14,20,6
d3,B4_erosion_watershed,WIN_20240126_13_54_02_Pro_jpg.rf.6f729ff0362bd5b3cb427db50c3fccb5.jpg,,12,15,3
d3,B4_erosion_watershed,WIN_20240129_10_45_20_Pro_jpg.rf.72ccb4185601876108af1766721936a5.jpg,,15,15,0
d3,B4_erosion_watershed,WIN_20240126_11_22_27_Pro_jpg.rf.71b7c193b718365e6004e7cba637c6c6.jpg,,11,17,6
d3,B4_erosion_watershed,WIN_20240202_12_51_02_Pro_jpg.rf.720f9aaf5401445d610b3bcf4776d308.jpg,,14,18,4
d3,B4_erosion_watershed,WIN_20240130_16_06_23_Pro_jpg.rf.737690dd5415723f9388f64449ca3f17.jpg,,16,22,6
d3,B4_erosion_watershed,WIN_20240129_11_29_04_Pro_jpg.rf.731d514f69eb277dcbdd541921c1c04e.jpg,,19,25,6
d3,B4_erosion_watershed,WIN_20240126_12_12_16_Pro_jpg.rf.6e297730ed0e8e8706788711537def03.jpg,,12,16,4
d3,B4_erosion_watershed,WIN_20240129_10_50_14_Pro_jpg.rf.761a9d9043521638e850f9eabaa88653.jpg,,17,21,4
d3,B4_erosion_watershed,WIN_20240126_14_41_41_Pro_jpg.rf.738b78acacb5e4965aa74ba60b5ee260.jpg,,17,23,6
d3,B4_erosion_watershed,WIN_20240129_18_01_54_Pro_jpg.rf.743f6b905ee4597000cc958e76836e24.jpg,,14,17,3
d3,B4_erosion_watershed,WIN_20240129_16_48_26_Pro_jpg.rf.73d300bcc5afff6f04f103e45e0b5e93.jpg,,16,20,4
d3,B4_erosion_watershed,WIN_20240126_12_04_05_Pro_jpg.rf.77e7b86dbfe74d78a204d3ba15f635aa.jpg,,15,21,6
d3,B4_erosion_watershed,WIN_20240202_13_47_26_Pro_jpg.rf.7869c01c82a3f49651d3ca42e66a625b.jpg,,14,15,1
d3,B4_erosion_watershed,WIN_20240129_17_55_09_Pro_jpg.rf.7af7552d55eae0a943ad6dec82e871c4.jpg,,13,19,6
d3,B4_erosion_watershed,WIN_20240126_14_29_56_Pro_jpg.rf.7a59c25384e339f0c519b90ec0447d1e.jpg,,16,22,6
d3,B4_erosion_watershed,WIN_20240202_12_33_33_Pro_jpg.rf.774a3545faf7d690232c653f94e3b103.jpg,,15,17,2
d3,B4_erosion_watershed,WIN_20240126_14_12_57_Pro_jpg.rf.737dc38cba73a724fdf0e5c8f1e8d268.jpg,,14,16,2
d3,B4_erosion_watershed,WIN_20240129_17_45_55_Pro_jpg.rf.7ae2c5e2a4608c2f3b24a38866b89ee8.jpg,,15,23,8
d3,B4_erosion_watershed,WIN_20240126_12_06_49_Pro_jpg.rf.793cb0e02d0290da970bb97190e1cf41.jpg,,15,20,5
d3,B4_erosion_watershed,WIN_20240126_11_49_04_Pro_jpg.rf.7b02f6b55565d30186042ff7ef580fb7.jpg,,12,16,4
d3,B4_erosion_watershed,WIN_20240129_10_52_11_Pro_jpg.rf.6f5d079a69e2e7cb6661f4567980ecd2.jpg,,17,20,3
d3,B4_erosion_watershed,WIN_20240129_16_45_39_Pro_jpg.rf.7821a8d2d9eb33fc8d11afaffbf6c755.jpg,,12,17,5
d3,B4_erosion_watershed,WIN_20240129_17_01_04_Pro_jpg.rf.7ab9b7f6828be528aa0cfa14fbcf6aa9.jpg,,13,18,5
d3,B4_erosion_watershed,WIN_20240129_11_31_32_Pro_jpg.rf.7b98789b41531d6af0c80658ca9ca69a.jpg,,16,22,6
d3,B4_erosion_watershed,WIN_20240129_16_54_05_Pro_jpg.rf.7c29fb4b8fd31bb99e07e1791ac0dfca.jpg,,15,15,0
d3,B4_erosion_watershed,WIN_20240130_16_10_59_Pro_jpg.rf.7b468dce85f0aa237216d3c66882da7e.jpg,,15,20,5
d3,B4_erosion_watershed,WIN_20240131_11_32_18_Pro_jpg.rf.7bc207ba8375da73941e0b495ec4a5e5.jpg,,13,17,4
d3,B4_erosion_watershed,WIN_20240202_12_50_22_Pro_jpg.rf.7b04f3c6c3cf469bf9cfab26e2a54db2.jpg,,15,16,1
d3,B4_erosion_watershed,WIN_20240129_10_37_35_Pro_jpg.rf.7c8b4ed172d31f5e143fa7509b29e467.jpg,,15,17,2
d3,B4_erosion_watershed,WIN_20240129_18_08_29_Pro_jpg.rf.81535be7d8673299ce8db2022dc51c2a.jpg,,13,7,-6
d3,B4_erosion_watershed,WIN_20240126_14_00_50_Pro_jpg.rf.81a913a5be7e3f7960b009d5b9948fa3.jpg,,13,14,1
d3,B4_erosion_watershed,WIN_20240201_15_06_57_Pro_jpg.rf.7c93328e926f5e91be13ac044ef7ae3c.jpg,,16,19,3
d3,B4_erosion_watershed,WIN_20240129_11_36_48_Pro_jpg.rf.8283fc504b440770706462179c2daca9.jpg,,14,15,1
d3,B4_erosion_watershed,WIN_20240130_16_58_10_Pro_jpg.rf.83b2b96fc5c37c5e051aafa9a6698b0e.jpg,,12,13,1
d3,B4_erosion_watershed,WIN_20240129_17_01_42_Pro_jpg.rf.7c55929ec48ba852b9474d1b760b8546.jpg,,15,17,2
d3,B4_erosion_watershed,WIN_20240127_13_59_46_Pro_jpg.rf.7c324a48a7c23af504b4e4b68515470b.jpg,,16,21,5
d3,B4_erosion_watershed,WIN_20240126_13_55_58_Pro_jpg.rf.7e2da0db4aad3f3e6d8cf8c4bad7251d.jpg,,12,19,7
d3,B4_erosion_watershed,WIN_20240126_11_28_09_Pro_jpg.rf.84a0724a1a2fab5f7dd80af0bcb30f49.jpg,,11,14,3
d3,B4_erosion_watershed,WIN_20240129_17_47_45_Pro_jpg.rf.7f0ec642b6b859d9e2aa952d411c136a.jpg,,15,18,3
d3,B4_erosion_watershed,WIN_20240127_13_43_57_Pro_jpg.rf.7f0f8a10231dec2c4a87a597e267b03b.jpg,,12,18,6
d3,B4_erosion_watershed,WIN_20240129_16_58_25_Pro_jpg.rf.7ce4e0013add42ee1befb9a9d04cab3f.jpg,,13,14,1
d3,B4_erosion_watershed,WIN_20240129_10_20_54_Pro_jpg.rf.84d880d9c0e5b608f68e43d0e4c01c5b.jpg,,13,18,5
d3,B4_erosion_watershed,WIN_20240202_13_10_51_Pro_jpg.rf.8552b709865648e0d2707f04c40a16bd.jpg,,14,15,1
d3,B4_erosion_watershed,WIN_20240202_13_39_53_Pro_jpg.rf.88191dfb280c238481a423d1be62dc9a.jpg,,19,21,2
d3,B4_erosion_watershed,WIN_20240129_16_47_59_Pro_jpg.rf.85a5e39b4421512ed2d80f2704cf4dfa.jpg,,15,19,4
d3,B4_erosion_watershed,WIN_20240126_14_17_43_Pro_jpg.rf.8967172f1b064fcc9399a3f546920dc2.jpg,,13,17,4
d3,B4_erosion_watershed,WIN_20240130_16_16_50_Pro_jpg.rf.889f595ed769b0a344cd1d07340ac4c5.jpg,,13,20,7
d3,B4_erosion_watershed,WIN_20240129_16_46_18_Pro_jpg.rf.8597544e98d3575144abaa60e968b790.jpg,,15,18,3
d3,B4_erosion_watershed,WIN_20240126_11_16_25_Pro_jpg.rf.86c48a92f863237fa98c015e93960cf5.jpg,,11,13,2
d3,B4_erosion_watershed,WIN_20240126_11_27_31_Pro_jpg.rf.8b5eb28e7cd63da56b3a9befcf6852b0.jpg,,13,16,3
d3,B4_erosion_watershed,WIN_20240129_17_49_12_Pro_jpg.rf.89ff58d4cc1d7c1a2d30c20b34b4d17a.jpg,,18,23,5
d3,B4_erosion_watershed,WIN_20240129_16_42_57_Pro_jpg.rf.879444b9bb20302d551711a97aeb640c.jpg,,15,22,7
d3,B4_erosion_watershed,WIN_20240202_12_18_39_Pro_jpg.rf.8caa0610e3682f33d55cf434b9a19796.jpg,,17,22,5
d3,B4_erosion_watershed,WIN_20240129_11_21_08_Pro_jpg.rf.8c1b9d86b1e16604d809442e66cd47f3.jpg,,15,18,3
d3,B4_erosion_watershed,WIN_20240127_13_58_25_Pro_jpg.rf.8f86838e002a11ec51bd8e69222acdc9.jpg,,14,16,2
d3,B4_erosion_watershed,WIN_20240129_11_12_54_Pro_jpg.rf.8e84120daa6e1842e71a340bff254cd8.jpg,,17,17,0
d3,B4_erosion_watershed,WIN_20240202_13_12_37_Pro_jpg.rf.8ff83acf9f75125234a0f60756ff0bc0.jpg,,13,17,4
d3,B4_erosion_watershed,WIN_20240129_18_16_21_Pro_jpg.rf.8df51bbb632941b24cc917221e53fe3a.jpg,,17,21,4
d3,B4_erosion_watershed,WIN_20240129_11_17_15_Pro_jpg.rf.906dac8ffb96dc0ef4108cff45389360.jpg,,15,19,4
d3,B4_erosion_watershed,WIN_20240130_15_48_39_Pro_jpg.rf.90153f9ee9d570368a71a58a6be1fcce.jpg,,16,20,4
d3,B4_erosion_watershed,WIN_20240202_13_42_14_Pro_jpg.rf.8d96e8faac5a69e37d5c4d629c6aad2b.jpg,,14,22,8
d3,B4_erosion_watershed,WIN_20240126_12_14_37_Pro_jpg.rf.8e3c0786ac8fc1621f2c6ceba00205e5.jpg,,17,21,4
d3,B4_erosion_watershed,WIN_20240126_11_13_58_Pro_jpg.rf.8c256cf9cf05e964fbef3144e0771b05.jpg,,10,13,3
d3,B4_erosion_watershed,WIN_20240126_14_53_37_Pro_jpg.rf.925d096c1d52e48badbb7bcfaf0efc6a.jpg,,10,11,1
d3,B4_erosion_watershed,WIN_20240202_12_11_42_Pro_jpg.rf.91e9b50438d5b44e7f9a511dedc2265b.jpg,,14,18,4
d3,B4_erosion_watershed,WIN_20240202_11_52_45_Pro_jpg.rf.94b2a11fef5edea0c7eca6376a5f2320.jpg,,14,18,4
d3,B4_erosion_watershed,WIN_20240129_11_02_40_Pro_jpg.rf.945405099d1075d5ad07194e63a41226.jpg,,16,17,1
d3,B4_erosion_watershed,WIN_20240129_11_34_07_Pro_jpg.rf.9314a5ff2d7c8da364ffd04fad4270dd.jpg,,14,18,4
d3,B4_erosion_watershed,WIN_20240129_16_46_59_Pro_jpg.rf.95d5fd8bb1cd94b6e8e759df8e0c5c6f.jpg,,16,23,7
d3,B4_erosion_watershed,WIN_20240202_13_04_14_Pro_jpg.rf.958b2b67defb8a839cfaf1b85abca176.jpg,,12,12,0
d3,B4_erosion_watershed,WIN_20240130_16_19_13_Pro_jpg.rf.9509b479d37b1342167890edc986f562.jpg,,16,21,5
d3,B4_erosion_watershed,WIN_20240202_13_45_31_Pro_jpg.rf.95a90d7f96a4fb4eaf24ac5b131fd450.jpg,,16,19,3
d3,B4_erosion_watershed,WIN_20240126_11_49_48_Pro_jpg.rf.96f75124cbd7b05d90759f1ec9f7e60d.jpg,,13,18,5
d3,B4_erosion_watershed,WIN_20240202_13_15_41_Pro_jpg.rf.95936b9b306a1a2730decb1440d81881.jpg,,19,22,3
d3,B4_erosion_watershed,WIN_20240129_10_57_23_Pro_jpg.rf.9690bde24b36ecc771f794939418f407.jpg,,18,26,8
d3,B4_erosion_watershed,WIN_20240201_15_10_08_Pro_jpg.rf.954ee9faae9a7cb53750b1bf34096f73.jpg,,15,19,4
d3,B4_erosion_watershed,WIN_20240129_18_09_38_Pro_jpg.rf.95e883b4e9b091fc757dbc0752965133.jpg,,14,17,3
d3,B4_erosion_watershed,WIN_20240129_18_34_06_Pro_jpg.rf.994216dfa3f1be74fea80165746f75d8.jpg,,18,25,7
d3,B4_erosion_watershed,WIN_20240202_12_49_52_Pro_jpg.rf.9c4c5a6249fa1c5e684985b086164401.jpg,,13,15,2
d3,B4_erosion_watershed,WIN_20240201_15_08_44_Pro_jpg.rf.9a9b13f998e4e65e63428a3776171592.jpg,,12,16,4
d3,B4_erosion_watershed,WIN_20240127_13_54_57_Pro_jpg.rf.984207e9047767b064babf8ca3f319ad.jpg,,15,16,1
d3,B4_erosion_watershed,WIN_20240131_10_55_47_Pro_jpg.rf.9d28fa84b9e7667e52a8aed10b9da49d.jpg,,14,17,3
d3,B4_erosion_watershed,WIN_20240126_12_12_57_Pro_jpg.rf.9cb05b39df8e8ff5e3c07a344f698d94.jpg,,16,23,7
d3,B4_erosion_watershed,WIN_20240202_12_32_24_Pro_jpg.rf.9bc13fddc6a5ecbda6cac73d9d826e85.jpg,,14,16,2
d3,B4_erosion_watershed,WIN_20240131_11_08_18_Pro_jpg.rf.9c946548a3fa4eb6b483417faceb9170.jpg,,13,17,4
d3,B4_erosion_watershed,WIN_20240129_18_04_33_Pro_jpg.rf.9883eca333459f1a8017582757e2e645.jpg,,14,17,3
d3,B4_erosion_watershed,WIN_20240127_13_44_34_Pro_jpg.rf.9ca915916cd745c2491cdc3ec348e037.jpg,,11,13,2
d3,B4_erosion_watershed,WIN_20240131_11_25_16_Pro_jpg.rf.9c4c390173186e8b302c4f894529a63a.jpg,,13,13,0
d3,B4_erosion_watershed,WIN_20240126_11_24_00_Pro_jpg.rf.9e8e00d36a36128c44010c85db8072b5.jpg,,10,15,5
d3,B4_erosion_watershed,WIN_20240127_13_52_39_Pro_jpg.rf.9b033ec7900fab8e08e8e7d3a82d62da.jpg,,16,23,7
d3,B4_erosion_watershed,WIN_20240126_13_35_30_Pro_jpg.rf.9eb3312a9468ec060d673ce1dd0cf970.jpg,,15,18,3
d3,B4_erosion_watershed,WIN_20240131_11_30_58_Pro_jpg.rf.a01776502d1fe3d889485f92b3f7469f.jpg,,10,17,7
d3,B4_erosion_watershed,WIN_20240131_11_24_33_Pro_jpg.rf.99847bcd2e2066b4f296c57075e10f15.jpg,,13,16,3
d3,B4_erosion_watershed,WIN_20240129_11_08_08_Pro_jpg.rf.9f29f02a478400855467e21b806b7767.jpg,,15,19,4
d3,B4_erosion_watershed,WIN_20240126_14_40_50_Pro_jpg.rf.9ee2e0a3516e35d31a52bc04d16f38b1.jpg,,14,22,8
d3,B4_erosion_watershed,WIN_20240131_11_06_19_Pro_jpg.rf.a132e55755064b8e77867870c1a6dfc6.jpg,,15,21,6
d3,B4_erosion_watershed,WIN_20240126_11_51_54_Pro_jpg.rf.a08f2f75e70a5516d1b77ee695a8138a.jpg,,13,16,3
d3,B4_erosion_watershed,WIN_20240129_16_55_57_Pro_jpg.rf.9f619ded33c906a2778175f36facf9ee.jpg,,15,19,4
d3,B4_erosion_watershed,WIN_20240127_13_48_39_Pro_jpg.rf.a343f4b84ed4f516b5957600528622b4.jpg,,14,18,4
d3,B4_erosion_watershed,WIN_20240201_15_06_05_Pro_jpg.rf.ac06829cc10cb77d434d545b70460300.jpg,,14,18,4
d3,B4_erosion_watershed,WIN_20240126_11_28_47_Pro_jpg.rf.a686dc0c9d69a6d7677a0abba3f7f2c0.jpg,,12,15,3
d3,B4_erosion_watershed,WIN_20240130_16_34_31_Pro_jpg.rf.a619882e5e6aa97fdd38ebb0c0c2e65d.jpg,,15,23,8
d3,B4_erosion_watershed,WIN_20240129_17_45_14_Pro_jpg.rf.adc69c8d5056760ed2c3274799d3c78d.jpg,,15,19,4
d3,B4_erosion_watershed,WIN_20240201_14_59_34_Pro_jpg.rf.a50eaeaaa6be490646f1a65102e84ec7.jpg,,13,17,4
d3,B4_erosion_watershed,WIN_20240201_15_14_14_Pro_jpg.rf.b0430ed09059edbe7135f78abac76b16.jpg,,16,19,3
d3,B4_erosion_watershed,WIN_20240129_11_25_32_Pro_jpg.rf.aee97d02c862f3c8d62a66b789675570.jpg,,18,22,4
d3,B4_erosion_watershed,WIN_20240202_12_27_54_Pro_jpg.rf.adc2fd262b6187a631356e2d46756782.jpg,,15,19,4
d3,B4_erosion_watershed,WIN_20240126_11_25_25_Pro_jpg.rf.b13f822f92165f7087780918261fa5d9.jpg,,14,18,4
d3,B4_erosion_watershed,WIN_20240126_11_39_09_Pro_jpg.rf.ad09ad4ecc0a14e6b95b20adedeeba62.jpg,,14,22,8
d3,B4_erosion_watershed,WIN_20240126_11_54_47_Pro_jpg.rf.b280db51fbe83ffdf047a3f3d6020438.jpg,,15,23,8
d3,B4_erosion_watershed,WIN_20240130_16_59_02_Pro_jpg.rf.b1257bdce0064ee4aa2cba1b464d6d25.jpg,,14,17,3
d3,B4_erosion_watershed,WIN_20240202_11_54_46_Pro_jpg.rf.af7544ccdeb305d5f2b0a02d37090077.jpg,,12,15,3
d3,B4_erosion_watershed,WIN_20240131_11_13_44_Pro_jpg.rf.a86d0e54ddd2fb36f931332cacd5f61f.jpg,,14,16,2
d3,B4_erosion_watershed,WIN_20240130_15_39_41_Pro_jpg.rf.adcf4cf2a1c4b47fcf098796ee755db5.jpg,,16,21,5
d3,B4_erosion_watershed,WIN_20240129_11_33_21_Pro_jpg.rf.b40ac631559479eb41e93cde8e29e515.jpg,,18,22,4
d3,B4_erosion_watershed,WIN_20240129_11_05_09_Pro_jpg.rf.b3c2ba94f657cbbc48a672d153bf94c5.jpg,,12,22,10
d3,B4_erosion_watershed,WIN_20240202_12_35_07_Pro_jpg.rf.b52fda488316871e0c490860023209e7.jpg,,18,20,2
d3,B4_erosion_watershed,WIN_20240126_14_14_22_Pro_jpg.rf.b55af3a664ae7729cfb215a343cf268d.jpg,,13,20,7
d3,B4_erosion_watershed,WIN_20240130_16_51_33_Pro_jpg.rf.b41735e0dfc0c910fec3467288a56517.jpg,,12,16,4
d3,B4_erosion_watershed,WIN_20240129_10_55_53_Pro_jpg.rf.b5bf156480bb45a28e125485adeb7e2f.jpg,,15,21,6
d3,B4_erosion_watershed,WIN_20240126_12_07_36_Pro_jpg.rf.b711ac3dc0bcf4462dc2831292af46d8.jpg,,19,23,4
d3,B4_erosion_watershed,WIN_20240129_17_41_35_Pro_jpg.rf.b58ad89f076ed975a662226b8af1bc3f.jpg,,17,21,4
d3,B4_erosion_watershed,WIN_20240129_18_30_46_Pro_jpg.rf.ba293696b94aafe7457a86d436ae7c99.jpg,,15,19,4
d3,B4_erosion_watershed,WIN_20240130_15_42_58_Pro_jpg.rf.b866c0ebd3103a0b10ef6b21b20cc0cb.jpg,,20,21,1
d3,B4_erosion_watershed,WIN_20240129_10_33_13_Pro_jpg.rf.bcec5682f885a5f714c8b94d009fdb0c.jpg,,17,20,3
d3,B4_erosion_watershed,WIN_20240130_16_44_35_Pro_jpg.rf.ba10f8f5305a0c8dbf849c1f6e72ce23.jpg,,13,14,1
d3,B4_erosion_watershed,WIN_20240126_11_26_47_Pro_jpg.rf.b9f103dd1d82abd6975193dc7a580465.jpg,,11,18,7
d3,B4_erosion_watershed,WIN_20240131_11_26_20_Pro_jpg.rf.bdd8108a0275c033a00443e8c793f589.jpg,,10,20,10
d3,B4_erosion_watershed,WIN_20240129_18_18_21_Pro_jpg.rf.bf1578dc4eee15eef246819f09703b0c.jpg,,14,21,7
d3,B4_erosion_watershed,WIN_20240129_18_14_31_Pro_jpg.rf.c481c5acbb17998f3f1cdb893bcd07c8.jpg,,14,20,6
d3,B4_erosion_watershed,WIN_20240126_11_44_57_Pro_jpg.rf.c4357c3253067e711eac2fcfa6a648e2.jpg,,18,23,5
d3,B4_erosion_watershed,WIN_20240127_13_47_52_Pro_jpg.rf.c3b6f42e06aab90a8d075f33aa768f36.jpg,,15,17,2
d3,B4_erosion_watershed,WIN_20240202_13_05_46_Pro_jpg.rf.c479c28c25dafb7ee87682bc0ba6f920.jpg,,19,22,3
d3,B4_erosion_watershed,WIN_20240129_11_14_02_Pro_jpg.rf.c3be38b488659b6a20f9edca153bf90c.jpg,,17,20,3
d3,B4_erosion_watershed,WIN_20240127_13_47_18_Pro_jpg.rf.0166d2906ccb16ad5d7fc3b284356c7c.jpg,,16,29,13
d3,B4_erosion_watershed,WIN_20240129_16_39_37_Pro_jpg.rf.024bdcc59b7db36faa417ea5dc633d15.jpg,,16,22,6
d3,B4_erosion_watershed,WIN_20240131_11_07_30_Pro_jpg.rf.025f8282a6d83da9d53f8894e9e73487.jpg,,16,22,6
d3,B4_erosion_watershed,WIN_20240131_11_05_16_Pro_jpg.rf.07255478f49dee03ee64d95f5919adde.jpg,,14,20,6
d3,B4_erosion_watershed,WIN_20240126_13_48_39_Pro_jpg.rf.062472630073d9588914ea9036336329.jpg,,13,18,5
d3,B4_erosion_watershed,WIN_20240126_13_58_29_Pro_jpg.rf.048df91235402b0af4e205342e854a91.jpg,,14,20,6
d3,B4_erosion_watershed,WIN_20240126_14_07_15_Pro_jpg.rf.073b896d9ffd9a8b30833a88b99d3da7.jpg,,15,16,1
d3,B4_erosion_watershed,WIN_20240127_14_02_25_Pro_jpg.rf.0aa0fc001d2621332c37bcf49918707d.jpg,,15,20,5
d3,B4_erosion_watershed,WIN_20240130_16_18_05_Pro_jpg.rf.0c750fdc610fb82b7424e855c423876f.jpg,,16,19,3
d3,B4_erosion_watershed,WIN_20240202_13_05_03_Pro_jpg.rf.022cb5ba9179e9ee9d11a28c82b2752d.jpg,,16,17,1
d3,B4_erosion_watershed,WIN_20240127_14_00_14_Pro_jpg.rf.09284d87c385bd0b847149115889feb6.jpg,,16,21,5
d3,B4_erosion_watershed,WIN_20240126_11_35_19_Pro_jpg.rf.0cd7bc4ff952963a03acd142af2d145c.jpg,,15,20,5
d3,B4_erosion_watershed,WIN_20240131_11_18_07_Pro_jpg.rf.0d4a4be25388dcf318307b75aa11f4c7.jpg,,12,14,2
d3,B4_erosion_watershed,WIN_20240201_14_57_25_Pro_jpg.rf.0fcc73150d17a6f28cdda474d35a281c.jpg,,15,21,6
d3,B4_erosion_watershed,WIN_20240202_12_55_40_Pro_jpg.rf.0910c9975fdfca45bf46c0152a1e1c6a.jpg,,15,17,2
d3,B4_erosion_watershed,WIN_20240129_16_59_18_Pro_jpg.rf.0f6100fd0ebb8290573f318a51223c3c.jpg,,15,20,5
d3,B4_erosion_watershed,WIN_20240129_18_04_09_Pro_jpg.rf.12d1ee6717ee20059022f5500cfca144.jpg,,15,13,-2
d3,B4_erosion_watershed,WIN_20240129_18_24_42_Pro_jpg.rf.13761ac676a3ec2c8fe50289a343a3d8.jpg,,18,21,3
d3,B4_erosion_watershed,WIN_20240129_10_29_39_Pro_jpg.rf.138cad6a6c2f56ade452a307871164ca.jpg,,16,20,4
d3,B4_erosion_watershed,WIN_20240127_13_58_51_Pro_jpg.rf.1496f2ecd05ad09409329c1755d92137.jpg,,13,20,7
d3,B4_erosion_watershed,WIN_20240126_14_29_22_Pro_jpg.rf.15bd920253c4e0dc55c05c177c8bb765.jpg,,10,24,14
d3,B4_erosion_watershed,WIN_20240201_15_13_31_Pro_jpg.rf.13fe0d64a439126647f66269e0f4bf5f.jpg,,13,15,2
d3,B4_erosion_watershed,WIN_20240130_16_03_04_Pro_jpg.rf.166cc648fe88ecc932a75b58797987d7.jpg,,14,18,4
d3,B4_erosion_watershed,WIN_20240130_16_47_55_Pro_jpg.rf.18242db3be47e1d985672c2b4839960d.jpg,,13,19,6
d3,B4_erosion_watershed,WIN_20240202_13_50_52_Pro_jpg.rf.1ae877b88d88a4290535701521717e18.jpg,,14,21,7
d3,B4_erosion_watershed,WIN_20240202_12_53_53_Pro_jpg.rf.1982b411ed54fc48b798797bccabca57.jpg,,15,16,1
d3,B4_erosion_watershed,WIN_20240202_13_42_39_Pro_jpg.rf.1b868f8d6481b83283835aa582de7c21.jpg,,14,20,6
d3,B4_erosion_watershed,WIN_20240126_14_56_48_Pro_jpg.rf.1c7b79bba2bb70af8158be8d3c931e1e.jpg,,14,24,10
d3,B4_erosion_watershed,WIN_20240126_11_40_34_Pro_jpg.rf.1e597acd19d0a739d422cbbc2c9039e4.jpg,,18,25,7
d3,B4_erosion_watershed,WIN_20240130_16_15_06_Pro_jpg.rf.1fad99db759158746e45a9390b6785de.jpg,,15,17,2
d3,B4_erosion_watershed,WIN_20240130_16_21_00_Pro_jpg.rf.1d95787598a0eaad234d0e3b014f4e9d.jpg,,12,17,5
d3,B4_erosion_watershed,WIN_20240201_15_11_58_Pro_jpg.rf.222c772c6e2a3af147c7a1005b806569.jpg,,16,18,2
d3,B4_erosion_watershed,WIN_20240202_12_16_26_Pro_jpg.rf.262da52f2fb62fc5bf3db4ef6f2719cc.jpg,,11,17,6
d3,B4_erosion_watershed,WIN_20240131_10_57_37_Pro_jpg.rf.29abdb36a9d864f553db410261c3a118.jpg,,15,20,5
d3,B4_erosion_watershed,WIN_20240202_12_23_25_Pro_jpg.rf.27d056c1c1151b2a87ed591fb862f961.jpg,,19,24,5
d3,B4_erosion_watershed,WIN_20240131_10_52_04_Pro_jpg.rf.2dd8343dd1b7a4d3e151ff60f5fb6386.jpg,,18,30,12
d3,B4_erosion_watershed,WIN_20240126_14_46_54_Pro_jpg.rf.302ea8aa444394ac13f215d92073b0b3.jpg,,15,17,2
d3,B4_erosion_watershed,WIN_20240130_15_38_46_Pro_jpg.rf.31348f1e3f1a74db37d728b3dc37b4a3.jpg,,17,20,3
d3,B4_erosion_watershed,WIN_20240129_11_36_15_Pro_jpg.rf.6652914b878156808d1c007d0dee4b58.jpg,,14,19,5
d3,B4_erosion_watershed,WIN_20240126_13_57_13_Pro_jpg.rf.64f051a923d884874bc1275176aad6ca.jpg,,12,14,2
d3,B4_erosion_watershed,WIN_20240127_13_53_15_Pro_jpg.rf.674033cbea5349794f78ca3780ccbeb8.jpg,,15,21,6
d3,B4_erosion_watershed,WIN_20240129_16_41_29_Pro_jpg.rf.52d3a55af2dcf65b7d72cd98f9cdcd94.jpg,,19,25,6
d3,B4_erosion_watershed,WIN_20240202_14_04_27_Pro_jpg.rf.657f80013b79fcc57f3f714c3ca2ee47.jpg,,15,16,1
d3,B4_erosion_watershed,WIN_20240202_13_50_17_Pro_jpg.rf.6564843d289cfd2c42be7e04b91d8591.jpg,,14,20,6
d3,B4_erosion_watershed,WIN_20240130_15_46_55_Pro_jpg.rf.4dd456dc47044e780690e16111e73324.jpg,,13,16,3
d3,B4_erosion_watershed,WIN_20240126_11_57_52_Pro_jpg.rf.5938f3be25ab86221e3895fd241f764e.jpg,,18,20,2
d3,B4_erosion_watershed,WIN_20240202_12_15_44_Pro_jpg.rf.68d0b1cc0606a149d7868517cc27d11d.jpg,,13,17,4
d3,B4_erosion_watershed,WIN_20240129_11_38_18_Pro_jpg.rf.648a9d0f6fd4259b173c68cd14fc0e28.jpg,,18,22,4
d3,B4_erosion_watershed,WIN_20240127_13_50_55_Pro_jpg.rf.586fabd7363a128d25bddbbc9256111e.jpg,,13,16,3
d3,B4_erosion_watershed,WIN_20240126_14_15_49_Pro_jpg.rf.4e3a2737db82be949cae4ba39e05b53e.jpg,,10,19,9
d3,B4_erosion_watershed,WIN_20240129_10_30_10_Pro_jpg.rf.52ec3f9ca1ca182f6f37be9e7e765849.jpg,,14,16,2
d3,B4_erosion_watershed,WIN_20240202_12_01_12_Pro_jpg.rf.63bac7da1e7ab82786761b43f59e5e93.jpg,,12,19,7
d3,B4_erosion_watershed,WIN_20240129_11_12_07_Pro_jpg.rf.556e4098d17598942436d8c5235739a7.jpg,,15,19,4
d3,B4_erosion_watershed,WIN_20240202_12_31_40_Pro_jpg.rf.5b90153eae11ff405b06f970420b89b2.jpg,,15,18,3
d3,B4_erosion_watershed,WIN_20240129_11_22_16_Pro_jpg.rf.4cd540647dd8d28ee6c9013e75229bc2.jpg,,17,24,7
d3,B4_erosion_watershed,WIN_20240126_11_50_40_Pro_jpg.rf.6955042005db49274dd07b952ea0d5ec.jpg,,14,20,6
d3,B4_erosion_watershed,WIN_20240131_11_18_51_Pro_jpg.rf.5e71c827a2ccf42b94f767e565cdbc93.jpg,,13,2,-11
d3,B4_erosion_watershed,WIN_20240202_12_28_59_Pro_jpg.rf.59b1faaa26a1eb364fd70a0039255cd4.jpg,,13,18,5
d3,B4_erosion_watershed,WIN_20240129_11_35_49_Pro_jpg.rf.629607a55cf71787daa5ec6b69c06591.jpg,,16,20,4
d3,B4_erosion_watershed,WIN_20240129_16_42_04_Pro_jpg.rf.4a1a028d81e712ef8dcbd4351bf6ffc3.jpg,,17,24,7
d3,B4_erosion_watershed,WIN_20240130_16_46_26_Pro_jpg.rf.69fda41222843661ece1d1fcd07f13be.jpg,,12,15,3
d3,B4_erosion_watershed,WIN_20240129_18_15_10_Pro_jpg.rf.60695e9406022a7f5daba2838cce309e.jpg,,16,21,5
d3,B4_erosion_watershed,WIN_20240129_16_44_22_Pro_jpg.rf.6bd8fa180a3e3665a18ea662076cb705.jpg,,13,15,2
d3,B4_erosion_watershed,WIN_20240202_13_16_47_Pro_jpg.rf.5669ca5a371d607cfaa609c588004f16.jpg,,19,21,2
d3,B4_erosion_watershed,WIN_20240126_11_19_06_Pro_jpg.rf.7051ecaf49783b2009ce466d281ce8db.jpg,,11,16,5
d3,B4_erosion_watershed,WIN_20240126_14_30_26_Pro_jpg.rf.7df24f0b8a5caddf25e25668763e9c52.jpg,,14,15,1
d3,B4_erosion_watershed,WIN_20240130_15_57_30_Pro_jpg.rf.7d2aba3c1332342cc09ddfc7d1b84bf2.jpg,,13,19,6
d3,B4_erosion_watershed,WIN_20240130_16_57_38_Pro_jpg.rf.8ab2e7d9feb46b2313a172d08ca08258.jpg,,13,18,5
d3,B4_erosion_watershed,WIN_20240129_10_27_35_Pro_jpg.rf.70418229f3e82a9cc659b0b9f4ef03be.jpg,,15,27,12
d3,B4_erosion_watershed,WIN_20240129_11_00_46_Pro_jpg.rf.7cb734c60ddb162ff72aed840d6abecc.jpg,,13,20,7
d3,B4_erosion_watershed,WIN_20240202_12_24_42_Pro_jpg.rf.825782a0a68c2c3adf227dec6f044162.jpg,,17,20,3
d3,B4_erosion_watershed,WIN_20240126_14_18_58_Pro_jpg.rf.6d72c2b0e2f37d9dacddb0c5fa2fd8ab.jpg,,19,21,2
d3,B4_erosion_watershed,WIN_20240129_11_24_28_Pro_jpg.rf.82bb8cf9d8ffba6aea16f6a24f8c8785.jpg,,13,21,8
d3,B4_erosion_watershed,WIN_20240129_10_28_21_Pro_jpg.rf.9276bb4254d78b78889863f100303c2f.jpg,,12,16,4
d3,B4_erosion_watershed,WIN_20240130_15_51_30_Pro_jpg.rf.75d5d708775e5ac9e43a689f44c4732a.jpg,,16,26,10
d3,B4_erosion_watershed,WIN_20240129_16_51_53_Pro_jpg.rf.8f4c7100dba2731be949f0ad7bce55c6.jpg,,14,19,5
d3,B4_erosion_watershed,WIN_20240126_11_34_26_Pro_jpg.rf.8edd67157e33c2e05c26f1fde1507204.jpg,,12,19,7
d3,B4_erosion_watershed,WIN_20240202_12_24_04_Pro_jpg.rf.92b0b5e054ab46a11a26ab7e3aff42e9.jpg,,12,15,3
d3,B4_erosion_watershed,WIN_20240130_16_35_53_Pro_jpg.rf.7184864308cc744301402452962152a2.jpg,,13,17,4
d3,B4_erosion_watershed,WIN_20240130_15_37_52_Pro_jpg.rf.ac676a48d4d229dbe8ce3897bf047cea.jpg,,16,20,4
d3,B4_erosion_watershed,WIN_20240130_16_47_24_Pro_jpg.rf.79480f9c8714fa0b78957327add4e1b6.jpg,,12,20,8
d3,B4_erosion_watershed,WIN_20240126_11_31_09_Pro_jpg.rf.9387fbbc5d198fd74f4d80f5cb260fb5.jpg,,13,16,3
d3,B4_erosion_watershed,WIN_20240202_13_09_09_Pro_jpg.rf.8f769b130440193fd9c15cc9e11a7df7.jpg,,19,26,7
d3,B4_erosion_watershed,WIN_20240130_15_41_21_Pro_jpg.rf.8a0b3beea14df5c65a2a3bf7a90263ef.jpg,,16,22,6
d3,B4_erosion_watershed,WIN_20240202_13_44_43_Pro_jpg.rf.92577bdc6c5f750f78958f0a52d82f4a.jpg,,16,6,-10
d3,B4_erosion_watershed,WIN_20240201_14_58_10_Pro_jpg.rf.a38f40ade7bdc28647f616471d2fe088.jpg,,14,19,5
d3,B4_erosion_watershed,WIN_20240130_16_49_35_Pro_jpg.rf.97c9614c8c47f48b2769f8a654358b5a.jpg,,16,23,7
d3,B4_erosion_watershed,WIN_20240130_16_26_00_Pro_jpg.rf.b7e4a05eb67e0b8868e573506d7c9f93.jpg,,13,15,2
d3,B4_erosion_watershed,WIN_20240129_11_28_32_Pro_jpg.rf.aa69618e2042371ab49ada49ec04ed6d.jpg,,13,15,2
d3,B4_erosion_watershed,WIN_20240126_14_49_47_Pro_jpg.rf.bbdd1f964d0c48c65ec095b1bdbfcfe6.jpg,,15,23,8
d3,B4_erosion_watershed,WIN_20240126_12_06_14_Pro_jpg.rf.bd8d8057c93371c46a7f1918f1487abc.jpg,,15,23,8
d3,B4_erosion_watershed,WIN_20240202_13_55_43_Pro_jpg.rf.b3f16eb1a220c5d9a107a11e94d12bc5.jpg,,17,17,0
d3,B4_erosion_watershed,WIN_20240129_10_15_42_Pro_jpg.rf.710f15998824888f1bc3ce4610f44fda.jpg,,13,16,3
d3,B4_erosion_watershed,WIN_20240126_14_01_56_Pro_jpg.rf.babb371f86c1c16eb2ff1cf2a3f3ec41.jpg,,12,15,3
d3,B4_erosion_watershed,WIN_20240126_12_20_10_Pro_jpg.rf.c2b64b0dc88b54d038c99f38c234b2f2.jpg,,12,16,4
d3,B4_erosion_watershed,WIN_20240131_11_34_06_Pro_jpg.rf.b92073310405282e6ce923b5ea6e1d40.jpg,,12,20,8
d3,B4_erosion_watershed,WIN_20240126_14_03_48_Pro_jpg.rf.a4e13e7c309a6ea77dd289c4208dc009.jpg,,14,17,3
d3,B4_erosion_watershed,WIN_20240129_10_17_39_Pro_jpg.rf.bf8719731599c0aae838c4e516a99036.jpg,,13,15,2
d3,B4_erosion_watershed,WIN_20240131_11_28_07_Pro_jpg.rf.ba4a5e8318e29d756495149de07939e4.jpg,,12,13,1
d3,B4_erosion_watershed,WIN_20240130_15_55_03_Pro_jpg.rf.adb3cad67104e306852f55a4c9d33eb4.jpg,,15,20,5
d3,B4_erosion_watershed,WIN_20240201_15_08_04_Pro_jpg.rf.d0089e09fa3172cc45661b3f0b575232.jpg,,14,15,1
d3,B4_erosion_watershed,WIN_20240202_12_25_34_Pro_jpg.rf.cd6fc0c2749e251669cf536c66292c39.jpg,,17,22,5
d3,B4_erosion_watershed,WIN_20240202_12_53_19_Pro_jpg.rf.ad92cc4729b8fa4b240779ff997484f4.jpg,,15,20,5
d3,B4_erosion_watershed,WIN_20240126_14_31_02_Pro_jpg.rf.b025ad6ce039dcfbff98c3eb2e111a14.jpg,,13,17,4
d3,B4_erosion_watershed,WIN_20240129_17_42_27_Pro_jpg.rf.d5ce288f97eae9650bd36e50398ebc0c.jpg,,16,19,3
d3,B4_erosion_watershed,WIN_20240126_14_44_52_Pro_jpg.rf.d76cc826207ddff8845148014e61ff24.jpg,,13,15,2
d3,B4_erosion_watershed,WIN_20240201_15_00_13_Pro_jpg.rf.d877795265c18cd6deb7f27553417094.jpg,,13,21,8
d3,B4_erosion_watershed,WIN_20240131_11_20_17_Pro_jpg.rf.cf7ea439cacb2037a477037b5cd8c3d2.jpg,,14,21,7
d3,B4_erosion_watershed,WIN_20240126_14_05_36_Pro_jpg.rf.d21847ff7f5dec31de78bf68ae4be558.jpg,,13,17,4
d3,B4_erosion_watershed,WIN_20240129_11_40_27_Pro_jpg.rf.d5c65537e7e9f65b7b0774dcc9ac516c.jpg,,14,21,7
d3,B4_erosion_watershed,WIN_20240202_12_48_43_Pro_jpg.rf.d07487447369b6926f08229400313ce9.jpg,,15,18,3
d3,B4_erosion_watershed,WIN_20240130_16_01_17_Pro_jpg.rf.e0d5a1d90273f7120c78238465377820.jpg,,15,19,4
d3,B4_erosion_watershed,WIN_20240126_12_08_16_Pro_jpg.rf.d644c237c7074e701d05efcfc2254a6e.jpg,,14,18,4
d3,B4_erosion_watershed,WIN_20240130_16_48_41_Pro_jpg.rf.b1302e67eec4878fb02238a5a9ad3af5.jpg,,13,17,4
d3,B4_erosion_watershed,WIN_20240202_14_00_35_Pro_jpg.rf.dc77aa181fe7d805b4e5c7f6991c9193.jpg,,17,24,7
d3,B4_erosion_watershed,WIN_20240202_11_57_43_Pro_jpg.rf.d54146c706da3428596886549f200b78.jpg,,15,21,6
d3,B4_erosion_watershed,WIN_20240129_11_38_42_Pro_jpg.rf.d2c76d004bc1cccf7abbdcb046af2f16.jpg,,17,20,3
d3,B4_erosion_watershed,WIN_20240130_15_50_25_Pro_jpg.rf.e3bfe6138edd72f07867d467da2b48b5.jpg,,16,20,4
d3,B4_erosion_watershed,WIN_20240129_18_22_59_Pro_jpg.rf.e237cd2577fc99badbf5fb1783da3f72.jpg,,17,18,1
d3,B4_erosion_watershed,WIN_20240129_18_26_55_Pro_jpg.rf.e537ad438b15d85f7c399ff71e739725.jpg,,16,20,4
d3,B4_erosion_watershed,WIN_20240129_10_53_51_Pro_jpg.rf.d64651ac02dbf9d9724a214aed685291.jpg,,18,27,9
d3,B4_erosion_watershed,WIN_20240127_13_53_50_Pro_jpg.rf.e8915eb48efab7e97f9e67fa6db3643f.jpg,,15,21,6
d3,B4_erosion_watershed,WIN_20240202_12_58_07_Pro_jpg.rf.e80341a287310ff07f5d6c09650158e2.jpg,,16,18,2
d3,B4_erosion_watershed,WIN_20240202_12_30_18_Pro_jpg.rf.d6304de1458de5ed4523493e8589012d.jpg,,13,15,2
d3,B4_erosion_watershed,WIN_20240130_16_30_17_Pro_jpg.rf.c03c65d3b5d72245c51d2a478ff54d07.jpg,,17,21,4
d3,B4_erosion_watershed,WIN_20240129_18_06_18_Pro_jpg.rf.f2a2f18fdf6f4d1c6d12b20f90a41da2.jpg,,16,27,11
d3,B4_erosion_watershed,WIN_20240131_11_11_32_Pro_jpg.rf.df7e196598ffb8e9f22a371247135967.jpg,,15,20,5
d3,B4_erosion_watershed,WIN_20240126_14_32_11_Pro_jpg.rf.f5533b85b6123b1fc7c897f9feb6a041.jpg,,14,19,5
d3,B4_erosion_watershed,WIN_20240130_16_13_18_Pro_jpg.rf.e7b0bab9e35bb0c916f353282c639e37.jpg,,13,14,1
d3,B4_erosion_watershed,WIN_20240130_16_40_42_Pro_jpg.rf.e9e23dc2a5760284d7642006951921c2.jpg,,14,24,10
d3,B4_erosion_watershed,WIN_20240202_12_37_59_Pro_jpg.rf.f0d102f9e971d855b065917ff37e9203.jpg,,12,17,5
d3,B4_erosion_watershed,WIN_20240202_14_02_24_Pro_jpg.rf.ed15a1fbd09a1de88230b89087212a7a.jpg,,17,21,4
d3,B4_erosion_watershed,WIN_20240127_13_46_46_Pro_jpg.rf.f319837686d7405db52a90832dee5958.jpg,,14,23,9
d3,B4_erosion_watershed,WIN_20240129_18_02_55_Pro_jpg.rf.ed6608085cf29c714241392abe3aa945.jpg,,14,15,1
d3,B4_erosion_watershed,WIN_20240202_13_51_44_Pro_jpg.rf.f52b67a4ac0d0161e298856ec1555c68.jpg,,14,19,5
d3,B4_erosion_watershed,WIN_20240129_11_14_39_Pro_jpg.rf.f3e567f0470411ccbfa6f0949f048767.jpg,,18,26,8
d3,B4_erosion_watershed,WIN_20240131_10_58_51_Pro_jpg.rf.fe1dae3c9fb58c6d6d20126d8d1e29c2.jpg,,14,21,7
d3,B4_erosion_watershed,WIN_20240129_10_41_19_Pro_jpg.rf.fa01657d0996d2084bb6172016f26865.jpg,,15,18,3
d3,B4_erosion_watershed,WIN_20240130_16_12_07_Pro_jpg.rf.f40cd5579a0de76fdb82b754ed495d6f.jpg,,16,17,1
d3,B4_erosion_watershed,WIN_20240202_12_29_38_Pro_jpg.rf.0324cbbdaf6d48d1b530d34690a0bfe4.jpg,,17,19,2
d3,B4_erosion_watershed,WIN_20240201_14_58_52_Pro_jpg.rf.0e3e1e251bc1ed6cf4497026c828777c.jpg,,14,21,7
d3,B4_erosion_watershed,WIN_20240126_11_46_11_Pro_jpg.rf.102484ce333ae937dd2d0d2478bff2e2.jpg,,15,19,4
d3,B4_erosion_watershed,WIN_20240127_13_56_39_Pro_jpg.rf.08abc0be0c2daefdcac1848f82dea92b.jpg,,17,19,2
d3,B4_erosion_watershed,WIN_20240126_13_52_36_Pro_jpg.rf.05376d46d2f54b62f1e5f177cd02baac.jpg,,12,12,0
d3,B4_erosion_watershed,WIN_20240126_11_58_27_Pro_jpg.rf.133f1c2b29eb84f7726183d62b956af5.jpg,,17,24,7
d3,B4_erosion_watershed,WIN_20240126_14_59_50_Pro_jpg.rf.09520e87f81eb7c6f404541caf824675.jpg,,13,18,5
d3,B4_erosion_watershed,WIN_20240126_14_35_38_Pro_jpg.rf.0f193a9ea19d2540f44b01a717e6a087.jpg,,14,17,3
d3,B4_erosion_watershed,WIN_20240127_13_50_22_Pro_jpg.rf.1216ce1ed456e52195b11bfd6b3fface.jpg,,17,24,7
d3,B4_erosion_watershed,WIN_20240202_12_40_48_Pro_jpg.rf.0868088bc3daa2a903abe891a88aa003.jpg,,14,17,3
d3,B4_erosion_watershed,WIN_20240202_13_19_17_Pro_jpg.rf.144bd9212a3eabfcf589984111cf66ad.jpg,,13,18,5
d3,B4_erosion_watershed,WIN_20240202_13_01_01_Pro_jpg.rf.038149a2a17dd69d291dbb2935633401.jpg,,14,25,11
d3,B4_erosion_watershed,WIN_20240131_11_12_40_Pro_jpg.rf.15e9c782165e0cfc5855038673008ae7.jpg,,12,19,7
d3,B4_erosion_watershed,WIN_20240130_16_33_43_Pro_jpg.rf.1cb580a5729e2293b959a7036095ff41.jpg,,14,18,4
d3,B4_erosion_watershed,WIN_20240131_11_26_07_Pro_jpg.rf.15a428f37cb489178e9fbbdda81f237b.jpg,,11,13,2
d3,B4_erosion_watershed,WIN_20240129_18_26_23_Pro_jpg.rf.22b205d8d574c16f282cc5bb6405b666.jpg,,14,20,6
d3,B4_erosion_watershed,WIN_20240126_11_15_45_Pro_jpg.rf.1c4c330b638b85ceaa54f9c8e7cb1194.jpg,,10,10,0
d3,B4_erosion_watershed,WIN_20240129_10_32_25_Pro_jpg.rf.220e0cf8824f1f61bb550cef446bc45b.jpg,,19,27,8
d3,B4_erosion_watershed,WIN_20240202_12_13_31_Pro_jpg.rf.2608cc6727965dcdc10f8b46b7db745e.jpg,,12,18,6
d3,B4_erosion_watershed,WIN_20240130_16_50_28_Pro_jpg.rf.1f29fde910cce9f3cf8f981d408bedcc.jpg,,12,15,3
d3,B4_erosion_watershed,WIN_20240202_13_03_28_Pro_jpg.rf.2da5b4490a3297cbd44f2f0c5c4908a8.jpg,,15,19,4
d3,B4_erosion_watershed,WIN_20240126_12_11_06_Pro_jpg.rf.241af07aa381ef260ff90633192b76d2.jpg,,16,28,12
d3,B4_erosion_watershed,WIN_20240126_14_41_49_Pro_jpg.rf.2cff52d69849b3e1d9789e5ccc1ef290.jpg,,17,20,3
d3,B4_erosion_watershed,WIN_20240130_16_55_20_Pro_jpg.rf.35d6c938772677ddd6fa0870888afeef.jpg,,14,15,1
d3,B4_erosion_watershed,WIN_20240130_16_37_20_Pro_jpg.rf.2f3a7929a85ee5f66dc5b8970f196d26.jpg,,13,18,5
d3,B4_erosion_watershed,WIN_20240129_11_22_50_Pro_jpg.rf.3979640a42b69a3b043f3fc718dcb200.jpg,,19,20,1
d3,B4_erosion_watershed,WIN_20240131_11_23_53_Pro_jpg.rf.13b3034181640760e52c1382e0198d70.jpg,,14,21,7
d3,B4_erosion_watershed,WIN_20240129_10_38_58_Pro_jpg.rf.3b6b335f3ad4e01b4eb7dc88ae064b02.jpg,,15,20,5
d3,B4_erosion_watershed,WIN_20240131_11_34_42_Pro_jpg.rf.1acfe70c2cd0cbe7ca51d74832b156d9.jpg,,11,6,-5
d3,B4_erosion_watershed,WIN_20240126_11_42_11_Pro_jpg.rf.320111adfc2d8df182e1507c39413e21.jpg,,14,16,2
d3,B4_erosion_watershed,WIN_20240126_11_26_17_Pro_jpg.rf.3e072477ded26ea9115bcab86b8d70b3.jpg,,13,17,4
d3,B4_erosion_watershed,WIN_20240130_16_43_51_Pro_jpg.rf.3849e77e9397d5584becb1733e19d7e7.jpg,,12,20,8
d3,B4_erosion_watershed,WIN_20240126_14_40_10_Pro_jpg.rf.3b438d8fce92cd02c99e4ff6e24c7e48.jpg,,17,19,2
d3,B4_erosion_watershed,WIN_20240126_14_28_00_Pro_jpg.rf.3f51049dd468590dc44346944592aa6b.jpg,,12,17,5
d3,B4_erosion_watershed,WIN_20240130_15_45_32_Pro_jpg.rf.15d0a1d300c30bbeaad40cedde9138be.jpg,,16,17,1
d3,B4_erosion_watershed,WIN_20240130_16_02_10_Pro_jpg.rf.3ab19e1894c2659e23d911b28d632092.jpg,,14,16,2
d3,B4_erosion_watershed,WIN_20240129_18_28_07_Pro_jpg.rf.33b73060be2ad102fb9857e1bcb405d7.jpg,,15,23,8
d3,B4_erosion_watershed,WIN_20240201_15_14_47_Pro_jpg.rf.3c608b49d46edb09be7cb90a96b393bc.jpg,,14,20,6
d3,B4_erosion_watershed,WIN_20240131_11_01_20_Pro_jpg.rf.3d0d0d070ff2c1ad916996111e8f9155.jpg,,14,23,9
d3,B4_erosion_watershed,WIN_20240126_14_07_44_Pro_jpg.rf.20de3acef9334643aeea7a125b38a815.jpg,,14,16,2
d3,B4_erosion_watershed,WIN_20240126_13_55_05_Pro_jpg.rf.3f7596960f206081c91f18dd3d9c6d4e.jpg,,12,16,4
d3,B4_erosion_watershed,WIN_20240129_18_35_28_Pro_jpg.rf.44af9ab61a5e90e094dca11f7f4316c3.jpg,,16,22,6
d3,B4_erosion_watershed,WIN_20240126_12_05_38_Pro_jpg.rf.3c7c19140a7a04e768634984cd0d14d4.jpg,,14,14,0
d3,B4_erosion_watershed,WIN_20240129_16_48_51_Pro_jpg.rf.257a19132b06b60d8395c37aa8892b0f.jpg,,14,17,3
d3,B4_erosion_watershed,WIN_20240130_16_39_59_Pro_jpg.rf.2dbf059a08f46475cd6b402d0384dcfa.jpg,,13,17,4
d3,B4_erosion_watershed,WIN_20240129_11_15_05_Pro_jpg.rf.03ba0b7e87527d94d0f3ca3891e3eabb.jpg,,17,22,5
d3,B4_erosion_watershed,WIN_20240202_12_06_02_Pro_jpg.rf.36224d56f01d772392b440f87961025e.jpg,,12,12,0
d3,B4_erosion_watershed,WIN_20240127_13_42_34_Pro_jpg.rf.07632789338e0dbf78b56a333e2c83ec.jpg,,17,22,5
d3,B4_erosion_watershed,WIN_20240126_11_29_37_Pro_jpg.rf.2e5cb1b777131a05dd7e6141ee1a22e6.jpg,,10,13,3
d3,B4_erosion_watershed,WIN_20240129_17_05_43_Pro_jpg.rf.0db44f8aa6e28f59a0ae754db2c42120.jpg,,14,16,2
d3,B4_erosion_watershed,WIN_20240129_11_31_06_Pro_jpg.rf.31dc6cf00951acc7ad06b4fa639c05d8.jpg,,17,19,2
d3,B4_erosion_watershed,WIN_20240129_11_05_51_Pro_jpg.rf.296f5a41d67a62d51aa0a7408fe5f54a.jpg,,15,15,0
d3,B4_erosion_watershed,WIN_20240202_13_38_45_Pro_jpg.rf.5fbdfe710e41a6ad4407f357e760e092.jpg,,14,20,6
d3,B4_erosion_watershed,WIN_20240131_11_19_36_Pro_jpg.rf.3de13cf04ef47b39363a9b4f7fe8906a.jpg,,13,21,8
d3,B4_erosion_watershed,WIN_20240127_13_49_13_Pro_jpg.rf.2609f8ff5393d36a14772f3fcf8c161a.jpg,,15,21,6
d3,B4_erosion_watershed,WIN_20240202_11_53_56_Pro_jpg.rf.54097592c66c1922476ac3506b1a84a5.jpg,,13,17,4
d3,B4_erosion_watershed,WIN_20240202_12_02_52_Pro_jpg.rf.3500f0861caf1b4153f80bd5a85d9d98.jpg,,14,19,5
d3,B4_erosion_watershed,WIN_20240129_10_43_08_Pro_jpg.rf.58b077620386b4a17f42cc1930e468aa.jpg,,17,22,5
d3,B4_erosion_watershed,WIN_20240129_11_29_31_Pro_jpg.rf.4583c8ae278f25805d225d92fec2c57a.jpg,,14,19,5
d3,B4_erosion_watershed,WIN_20240130_16_05_11_Pro_jpg.rf.6cdd24fb9512be65087226ec015206fb.jpg,,15,18,3
d3,B4_erosion_watershed,WIN_20240126_13_43_39_Pro_jpg.rf.65ea3429365ba85b72287ff4b3909440.jpg,,14,18,4
d3,B4_erosion_watershed,WIN_20240129_11_16_09_Pro_jpg.rf.42330ab8b694040d58e1498725074e52.jpg,,16,18,2
d3,B4_erosion_watershed,WIN_20240126_14_54_12_Pro_jpg.rf.6c76e06c4a9e08a511bc8969300687f9.jpg,,17,25,8
d3,B4_erosion_watershed,WIN_20240126_14_12_27_Pro_jpg.rf.648c9eb20cd06b52dc0414086051657e.jpg,,15,18,3
d3,B4_erosion_watershed,WIN_20240202_13_10_07_Pro_jpg.rf.674a92ef2352c5a162615a3762bda5a9.jpg,,16,21,5
d3,B4_erosion_watershed,WIN_20240129_17_57_15_Pro_jpg.rf.0eb0ce536fd4a2e9501d5284dd78f87e.jpg,,14,18,4
d3,B4_erosion_watershed,WIN_20240129_11_04_06_Pro_jpg.rf.1b79291762c14bb4b08a790cdbf7b551.jpg,,13,15,2
d3,B4_erosion_watershed,WIN_20240130_15_54_09_Pro_jpg.rf.60892da282165c617f7c74c0de384750.jpg,,16,21,5
d3,B4_erosion_watershed,WIN_20240202_12_32_58_Pro_jpg.rf.6f71e0b5f4e7a627271390352fd3cc23.jpg,,15,20,5
d3,B4_erosion_watershed,WIN_20240129_18_25_20_Pro_jpg.rf.7bbdf138f3fa382d9fce2234e2d95ab9.jpg,,15,19,4
d3,B4_erosion_watershed,WIN_20240129_16_43_51_Pro_jpg.rf.77669d5a59c9631e1d10e2d3b46d3228.jpg,,16,19,3
d3,B4_erosion_watershed,WIN_20240129_11_13_28_Pro_jpg.rf.7b11bf4863bc6bb1541395fc83f795ee.jpg,,16,17,1
d3,B4_erosion_watershed,WIN_20240127_14_00_50_Pro_jpg.rf.07cbad3cd827c9927b9d6e10a1d228db.jpg,,13,18,5
d3,B4_erosion_watershed,WIN_20240129_16_57_37_Pro_jpg.rf.8b947cb7fd3eca4925b028277a463a9b.jpg,,17,21,4
d3,B4_erosion_watershed,WIN_20240129_11_08_41_Pro_jpg.rf.7f0ae2e375913e79b856bb9a254a1170.jpg,,13,19,6
d3,B4_erosion_watershed,WIN_20240129_17_58_42_Pro_jpg.rf.7cf97f5eaad6bf489d8f96b919813bab.jpg,,13,15,2
d3,B4_erosion_watershed,WIN_20240202_11_56_06_Pro_jpg.rf.9fb8017c73f7f651ea4da3d574048d86.jpg,,13,20,7
d3,B4_erosion_watershed,WIN_20240126_14_31_37_Pro_jpg.rf.8e2823c5dd88f684ae22cb8afc938c4b.jpg,,16,19,3
d3,B4_erosion_watershed,WIN_20240202_12_02_08_Pro_jpg.rf.95205f3f4e05ff163810d9e39a142a07.jpg,,12,14,2
d3,B4_erosion_watershed,WIN_20240126_11_19_59_Pro_jpg.rf.91444f1b8f15c4bb7ef6b8e23d53d0e6.jpg,,10,13,3
d3,B4_erosion_watershed,WIN_20240129_11_15_33_Pro_jpg.rf.89e714cd2bf8b3b320a3346a26911816.jpg,,13,15,2
d3,B4_erosion_watershed,WIN_20240130_16_32_59_Pro_jpg.rf.af87b97ddfd786ff83c76ff3e1774e5b.jpg,,13,14,1
d3,B4_erosion_watershed,WIN_20240129_17_49_53_Pro_jpg.rf.8110139e597c1d18103e059ba1359572.jpg,,17,20,3
d3,B4_erosion_watershed,WIN_20240201_15_11_25_Pro_jpg.rf.92aec9bcb7315e2585e6248ff24abc45.jpg,,17,24,7
d3,B4_erosion_watershed,WIN_20240127_13_57_24_Pro_jpg.rf.88b0d1d287d0415601331c94337da3fc.jpg,,18,27,9
d3,B4_erosion_watershed,WIN_20240201_15_09_16_Pro_jpg.rf.76fcf6a63c9b31b1a652114c4d85438c.jpg,,14,23,9
d3,B4_erosion_watershed,WIN_20240130_16_24_10_Pro_jpg.rf.adbdba0168852aaccb7361ac15ea7055.jpg,,17,25,8
d3,B4_erosion_watershed,WIN_20240126_14_10_14_Pro_jpg.rf.6d0600b0f7f02338e4850d5ade88dad5.jpg,,17,20,3
d3,B4_erosion_watershed,WIN_20240130_15_34_53_Pro_jpg.rf.aa8da1dde437703c0ae24e0087b6a2bd.jpg,,21,30,9
d3,B4_erosion_watershed,WIN_20240129_10_46_19_Pro_jpg.rf.b0cb29793fb8dd723cffb68b8f8bcac0.jpg,,13,17,4
d3,B4_erosion_watershed,WIN_20240129_18_11_05_Pro_jpg.rf.b5bf8b493e5481981586f2754ae4ea2c.jpg,,17,23,6
d3,B4_erosion_watershed,WIN_20240130_16_23_33_Pro_jpg.rf.b818271095de83030e115989036ae9fa.jpg,,15,21,6
d3,B4_erosion_watershed,WIN_20240201_14_56_38_Pro_jpg.rf.b3a5fbc5d5896af3bed1580a9bf3760e.jpg,,9,18,9
d3,B4_erosion_watershed,WIN_20240130_16_14_18_Pro_jpg.rf.c79d8263a22a9b0469a956acd395261d.jpg,,15,16,1
d3,B4_erosion_watershed,WIN_20240129_10_16_30_Pro_jpg.rf.c12c2329bc25a4ef90571f2a63377109.jpg,,14,21,7
d3,B4_erosion_watershed,WIN_20240126_13_51_13_Pro_jpg.rf.c4fab7993c8eb71c9bdc571f604c60e3.jpg,,10,10,0
d3,B4_erosion_watershed,WIN_20240202_12_04_44_Pro_jpg.rf.c531964931dc8600130de9d7c0ee5b95.jpg,,14,19,5
d3,B4_erosion_watershed,WIN_20240202_13_41_30_Pro_jpg.rf.d2bdc33e211765acfd1ff91a715d6f64.jpg,,18,25,7
d3,B4_erosion_watershed,WIN_20240202_12_10_18_Pro_jpg.rf.ddf709d929c55766fdad45a15903c602.jpg,,15,15,0
d3,B4_erosion_watershed,WIN_20240126_14_52_10_Pro_jpg.rf.b68bbb4e3f5fe60ad3fdc356ca30d07f.jpg,,14,16,2
d3,B4_erosion_watershed,WIN_20240126_13_51_54_Pro_jpg.rf.b9869c17642a47717f7aaa32402db25b.jpg,,13,14,1
d3,B4_erosion_watershed,WIN_20240202_13_54_41_Pro_jpg.rf.d67d79dc85c5b40baf246ad182b3b60e.jpg,,16,18,2
d3,B4_erosion_watershed,WIN_20240127_13_46_08_Pro_jpg.rf.d84a918b909c76f9cc93cacd142f6b5e.jpg,,13,18,5
d3,B4_erosion_watershed,WIN_20240126_14_17_18_Pro_jpg.rf.e46584bec4e8fa0db87d0ac22780c033.jpg,,15,24,9
d3,B4_erosion_watershed,WIN_20240126_14_38_33_Pro_jpg.rf.e223814d225efb15da0ab48b0da25c59.jpg,,14,22,8
d3,B4_erosion_watershed,WIN_20240202_13_21_29_Pro_jpg.rf.bd0e8434d6f39d646fa2e9c6f3f63190.jpg,,19,21,2
d3,B4_erosion_watershed,WIN_20240202_13_58_49_Pro_jpg.rf.f69e7f1f851b12a11ea3c76b8eeececf.jpg,,16,23,7
d3,B4_erosion_watershed,WIN_20240127_13_56_09_Pro_jpg.rf.cadaafef5af8a3d79dd589edd50b1d71.jpg,,14,18,4
d3,B4_erosion_watershed,WIN_20240202_12_46_44_Pro_jpg.rf.e4e3d7d9daafc9b30197f3c0a93039a4.jpg,,14,15,1
d3,B4_erosion_watershed,WIN_20240129_17_48_31_Pro_jpg.rf.ea33aa77b4e58af0477723731f9c3a31.jpg,,17,25,8
d3,B4_erosion_watershed,WIN_20240202_12_21_29_Pro_jpg.rf.ffecaae93f2a36c59733f199f20c7a7e.jpg,,15,17,2
d3,B4_erosion_watershed,WIN_20240129_18_09_01_Pro_jpg.rf.fdbf64683ea50e9709bb72c1d336b734.jpg,,15,16,1
d3,B4_erosion_watershed,WIN_20240126_13_42_38_Pro_jpg.rf.ede21fb9f2849a7fc5e3c1d1ade8e2be.jpg,,11,17,6
d3,B4_erosion_watershed,WIN_20240202_12_09_33_Pro_jpg.rf.de5fcde7ba62c31ec3067908f38d03bc.jpg,,16,22,6
d3,B4_erosion_watershed,WIN_20240202_12_07_25_Pro_jpg.rf.e861012f373e1c67ee675d555576e2c7.jpg,,15,17,2
d3,B5_concave_ellipse,WIN_20240202_13_53_14_Pro_jpg.rf.c67045ee3774ac939ab68fdc9eebc6f9.jpg,,15,21,6
d3,B5_concave_ellipse,WIN_20240201_15_03_05_Pro_jpg.rf.c786ba6bc82242f8c3aba0bf62d3e11f.jpg,,14,21,7
d3,B5_concave_ellipse,WIN_20240126_13_57_50_Pro_jpg.rf.c6a3d267492c7c8014f8acd6436d8347.jpg,,13,22,9
d3,B5_concave_ellipse,WIN_20240131_11_20_56_Pro_jpg.rf.c6fc305a0ac5dfb42d384d8abe772872.jpg,,12,20,8
d3,B5_concave_ellipse,WIN_20240129_10_22_34_Pro_jpg.rf.cbf887d7aa87a4cd2278044a3096dad2.jpg,,14,25,11
d3,B5_concave_ellipse,WIN_20240126_14_10_51_Pro_jpg.rf.ca74ce2427e6a24dd61413fde1002377.jpg,,15,18,3
d3,B5_concave_ellipse,WIN_20240127_13_49_42_Pro_jpg.rf.c5b4523b3b8f6ec8be649aade31904cd.jpg,,13,33,20
d3,B5_concave_ellipse,WIN_20240202_13_49_29_Pro_jpg.rf.c7f6fa9837a9b93e2b82dd908749747f.jpg,,17,28,11
d3,B5_concave_ellipse,WIN_20240127_13_55_28_Pro_jpg.rf.c9de9822a7891ddd1d1cd294229696c6.jpg,,18,20,2
d3,B5_concave_ellipse,WIN_20240202_14_01_39_Pro_jpg.rf.c68312b74da19dab1a07fdf9703e7858.jpg,,16,21,5
d3,B5_concave_ellipse,WIN_20240129_16_53_09_Pro_jpg.rf.c7a96ab65e29d13f49f60439e8413816.jpg,,15,17,2
d3,B5_concave_ellipse,WIN_20240130_16_53_42_Pro_jpg.rf.ca929a9bba99c9f59a1f052d675f4bb9.jpg,,12,20,8
d3,B5_concave_ellipse,WIN_20240131_10_54_15_Pro_jpg.rf.ca2ee0d4068d5c9789a1b0e6cf52749f.jpg,,14,15,1
d3,B5_concave_ellipse,WIN_20240130_16_29_13_Pro_jpg.rf.cdc580339d42e40a862d166e2dbfb99a.jpg,,15,30,15
d3,B5_concave_ellipse,WIN_20240202_13_08_10_Pro_jpg.rf.c9985984a16f62cd1b38c6e2cbcdf508.jpg,,18,21,3
d3,B5_concave_ellipse,WIN_20240202_11_53_16_Pro_jpg.rf.c5c0f80d022663ffa50a09a40c9e2dcc.jpg,,13,19,6
d3,B5_concave_ellipse,WIN_20240202_13_19_54_Pro_jpg.rf.c6ef19ef2b7dd38f2a2a72553077903c.jpg,,17,19,2
d3,B5_concave_ellipse,WIN_20240129_11_02_01_Pro_jpg.rf.cd8626cea54afe5dfac807b08a4c417e.jpg,,14,18,4
d3,B5_concave_ellipse,WIN_20240127_13_43_16_Pro_jpg.rf.cc823cd7d145486c8aac51eba6d24641.jpg,,13,28,15
d3,B5_concave_ellipse,WIN_20240202_13_00_05_Pro_jpg.rf.c5ed46a01ee6dc7e414125c00caded8b.jpg,,15,16,1
d3,B5_concave_ellipse,WIN_20240127_13_41_33_Pro_jpg.rf.cb1fb3a59038e64c9d42accf61c900d0.jpg,,18,29,11
d3,B5_concave_ellipse,WIN_20240126_14_36_54_Pro_jpg.rf.c90acb0ce5e19f9d626974563deb244a.jpg,,15,28,13
d3,B5_concave_ellipse,WIN_20240202_14_03_09_Pro_jpg.rf.cdd3eb0f39cc4fa86b65e679af988ecd.jpg,,21,26,5
d3,B5_concave_ellipse,WIN_20240131_10_53_23_Pro_jpg.rf.ccefbf87fdabc8b9509e42e9249a15ca.jpg,,17,22,5
d3,B5_concave_ellipse,WIN_20240129_18_23_47_Pro_jpg.rf.cdc1a74a0c05a62ab02664bad340fbb3.jpg,,17,22,5
d3,B5_concave_ellipse,WIN_20240202_13_02_17_Pro_jpg.rf.ca4874f6e69e7e7e9aa8295a98e7549b.jpg,,14,17,3
d3,B5_concave_ellipse,WIN_20240202_12_38_40_Pro_jpg.rf.cad8d19f5343f8ce627cdf2efe2ff52b.jpg,,15,23,8
d3,B5_concave_ellipse,WIN_20240202_12_00_29_Pro_jpg.rf.c5b44336b3ecd8da919ce4802a6584cb.jpg,,14,17,3
d3,B5_concave_ellipse,WIN_20240129_18_27_33_Pro_jpg.rf.cef06924412b7d65bab2159a68004dd2.jpg,,16,18,2
d3,B5_concave_ellipse,WIN_20240129_17_59_40_Pro_jpg.rf.d0280384a4488a2205bfbb66dee79bbd.jpg,,12,17,5
d3,B5_concave_ellipse,WIN_20240129_17_00_03_Pro_jpg.rf.d10357e0d7e36cdc5011569c65f718c9.jpg,,16,23,7
d3,B5_concave_ellipse,WIN_20240202_11_58_32_Pro_jpg.rf.d1a2dafeb02970915f8e2167cc2e6ad3.jpg,,14,24,10
d3,B5_concave_ellipse,WIN_20240130_15_42_03_Pro_jpg.rf.cf0f7c567599534d74c5d4fa571cde39.jpg,,14,23,9
d3,B5_concave_ellipse,WIN_20240202_13_54_07_Pro_jpg.rf.cfc807306b078bcebee228a9fa948266.jpg,,13,21,8
d3,B5_concave_ellipse,WIN_20240129_10_53_04_Pro_jpg.rf.d0dd4a25f360754f7d2d5ad8fa10773f.jpg,,17,21,4
d3,B5_concave_ellipse,WIN_20240129_18_31_31_Pro_jpg.rf.ced4fa815b7823c582b31aa500a15210.jpg,,13,17,4
d3,B5_concave_ellipse,WIN_20240201_15_10_42_Pro_jpg.rf.ce02383e32bad6c1a5db0c9f1556900b.jpg,,15,17,2
d3,B5_concave_ellipse,WIN_20240129_17_50_41_Pro_jpg.rf.d293d67f2e761bf7877221dc90c6061f.jpg,,15,21,6
d3,B5_concave_ellipse,WIN_20240126_14_55_14_Pro_jpg.rf.d0fde38195c4c1467ca37643edb21268.jpg,,14,19,5
d3,B5_concave_ellipse,WIN_20240129_18_19_30_Pro_jpg.rf.d093d86534e3a9ea29e91eaa4dd94b29.jpg,,15,20,5
d3,B5_concave_ellipse,WIN_20240130_16_39_08_Pro_jpg.rf.cfbffbddffefb52f4d16f797c6e1f8e8.jpg,,12,26,14
d3,B5_concave_ellipse,WIN_20240130_16_38_17_Pro_jpg.rf.d38a971699935def54ee68bfe3692a0d.jpg,,13,30,17
d3,B5_concave_ellipse,WIN_20240202_12_39_14_Pro_jpg.rf.d0f70d7aa7370ef0e25dca02cb05dcb9.jpg,,19,24,5
d3,B5_concave_ellipse,WIN_20240129_17_58_00_Pro_jpg.rf.d4a83f344e39e6219af233e4e4ec7726.jpg,,17,22,5
d3,B5_concave_ellipse,WIN_20240126_11_42_53_Pro_jpg.rf.cfb241fcb06b77a968d2b72b327158f8.jpg,,11,20,9
d3,B5_concave_ellipse,WIN_20240202_13_37_28_Pro_jpg.rf.d3a318fb6c3d5e4771d718d548830139.jpg,,13,19,6
d3,B5_concave_ellipse,WIN_20240126_14_14_47_Pro_jpg.rf.d3c65eb1c50896995173472f69aa5647.jpg,,13,14,1
d3,B5_concave_ellipse,WIN_20240131_11_21_40_Pro_jpg.rf.d3449c92167c270b0fddac46a20f78f5.jpg,,13,22,9
d3,B5_concave_ellipse,WIN_20240130_15_53_27_Pro_jpg.rf.cf54d199fff3d269e7be1b6cfed1810d.jpg,,13,22,9
d3,B5_concave_ellipse,WIN_20240130_16_42_49_Pro_jpg.rf.d5724b5911261166abbcdcbb0692e1b0.jpg,,12,24,12
d3,B5_concave_ellipse,WIN_20240129_17_43_18_Pro_jpg.rf.d49ae6ab4c60d57adc136618f148162c.jpg,,18,23,5
d3,B5_concave_ellipse,WIN_20240126_12_20_57_Pro_jpg.rf.cf38758ee9f1f2d1332cebc2c9dea410.jpg,,11,15,4
d3,B5_concave_ellipse,WIN_20240130_15_49_21_Pro_jpg.rf.d3b3864a050b2bc09d2625243e9bc769.jpg,,18,20,2
d3,B5_concave_ellipse,WIN_20240202_12_45_04_Pro_jpg.rf.d64d4568e0bcf084bc03ff07afcb8bd4.jpg,,14,16,2
d3,B5_concave_ellipse,WIN_20240202_12_49_13_Pro_jpg.rf.d4bf7135491de284c4dd001b535b9b5e.jpg,,13,17,4
d3,B5_concave_ellipse,WIN_20240126_11_35_48_Pro_jpg.rf.d292467913e0e21117306d984c8e5cbc.jpg,,13,24,11
d3,B5_concave_ellipse,WIN_20240129_10_47_53_Pro_jpg.rf.d6878d939159f619aedbd4cf1c91654a.jpg,,14,23,9
d3,B5_concave_ellipse,WIN_20240201_15_07_34_Pro_jpg.rf.d6d8fe46c2d4bc35700cdce3f1da0623.jpg,,15,20,5
d3,B5_concave_ellipse,WIN_20240131_11_02_44_Pro_jpg.rf.d7fec851bef03e14c09eec4a6a93ca29.jpg,,16,21,5
d3,B5_concave_ellipse,WIN_20240130_16_07_23_Pro_jpg.rf.d995f013bc016d6dd558a735b0de4ee7.jpg,,14,18,4
d3,B5_concave_ellipse,WIN_20240126_12_13_46_Pro_jpg.rf.d9a13d89b57a95929c58db645fe9ffd1.jpg,,15,27,12
d3,B5_concave_ellipse,WIN_20240126_14_01_27_Pro_jpg.rf.d4d96e8fc1816340526a2554bf6ab9a0.jpg,,13,21,8
d3,B5_concave_ellipse,WIN_20240202_13_06_54_Pro_jpg.rf.d7677627792bc5401c5cd879864702b0.jpg,,14,29,15
d3,B5_concave_ellipse,WIN_20240129_11_26_55_Pro_jpg.rf.d77ab49cd6e5e98de9bdf3966a002ac8.jpg,,18,23,5
d3,B5_concave_ellipse,WIN_20240201_15_02_27_Pro_jpg.rf.d3e27df3572f0807bba7de8929512384.jpg,,15,24,9
d3,B5_concave_ellipse,WIN_20240126_14_43_32_Pro_jpg.rf.d8a31eb1c7858ab8aaafb003cb5c5fdc.jpg,,16,17,1
d3,B5_concave_ellipse,WIN_20240126_14_28_23_Pro_jpg.rf.d823e6f7e2bc6b66766fd6ac8d78cf42.jpg,,15,17,2
d3,B5_concave_ellipse,WIN_20240127_13_51_46_Pro_jpg.rf.d7cbe25ddf6d61045294b8d6799cd412.jpg,,17,21,4
d3,B5_concave_ellipse,WIN_20240126_11_59_11_Pro_jpg.rf.db15ea299ec84dad9573b751bec302b9.jpg,,19,24,5
d3,B5_concave_ellipse,WIN_20240129_10_42_21_Pro_jpg.rf.d9f3d3168dc9d26354003342e0fb053b.jpg,,14,20,6
d3,B5_concave_ellipse,WIN_20240131_11_00_04_Pro_jpg.rf.dc1068b65824330afa875368b07a6cc8.jpg,,13,26,13
d3,B5_concave_ellipse,WIN_20240129_11_39_46_Pro_jpg.rf.dd719c26d39447f78818098b2e2e57e3.jpg,,15,25,10
d3,B5_concave_ellipse,WIN_20240202_12_45_49_Pro_jpg.rf.dc8e8bdbd4490f8ad382db9b38e7dafe.jpg,,17,24,7
d3,B5_concave_ellipse,WIN_20240129_11_07_36_Pro_jpg.rf.db96d8c12e02d096818638cb5e5712f1.jpg,,15,31,16
d3,B5_concave_ellipse,WIN_20240129_18_33_27_Pro_jpg.rf.dd1ff897647ae67a1d6c33c4b1dabafd.jpg,,19,35,16
d3,B5_concave_ellipse,WIN_20240126_11_52_45_Pro_jpg.rf.ddfe539322245f199d3a742c388bd657.jpg,,17,18,1
d3,B5_concave_ellipse,WIN_20240129_10_18_49_Pro_jpg.rf.de5e1130db13909451772b2d2cfcdfbb.jpg,,14,18,4
d3,B5_concave_ellipse,WIN_20240126_14_13_27_Pro_jpg.rf.d6b7575b53d88be6b7c7167391270695.jpg,,14,19,5
d3,B5_concave_ellipse,WIN_20240130_15_40_27_Pro_jpg.rf.e0af9c72a479d5215610039844358b5b.jpg,,19,22,3
d3,B5_concave_ellipse,WIN_20240129_10_36_37_Pro_jpg.rf.d6398647368e47e020feb08d09960460.jpg,,12,16,4
d3,B5_concave_ellipse,WIN_20240202_11_59_56_Pro_jpg.rf.df8d8ec9416bd23b96016f7d9a092845.jpg,,12,15,3
d3,B5_concave_ellipse,WIN_20240202_13_52_22_Pro_jpg.rf.df12bf7bfb47d41f933162fe33d88b03.jpg,,17,24,7
d3,B5_concave_ellipse,WIN_20240129_11_21_43_Pro_jpg.rf.e1d1febf6a073f3a66faef1e6968433f.jpg,,17,19,2
d3,B5_concave_ellipse,WIN_20240131_11_16_21_Pro_jpg.rf.dec40d5f116a57a93a97bd3578986211.jpg,,11,19,8
d3,B5_concave_ellipse,WIN_20240126_14_05_03_Pro_jpg.rf.ddf89dff75c42d36c02444efcb2fec75.jpg,,13,16,3
d3,B5_concave_ellipse,WIN_20240202_12_56_40_Pro_jpg.rf.e2c078090454e23289c0bc6bc4ccc206.jpg,,17,20,3
d3,B5_concave_ellipse,WIN_20240129_10_59_31_Pro_jpg.rf.e396d288d8177a5a7a80c127a5a11dfa.jpg,,15,25,10
d3,B5_concave_ellipse,WIN_20240130_16_09_09_Pro_jpg.rf.de05dbc315b3ca08e1c3283e6162cf03.jpg,,15,17,2
d3,B5_concave_ellipse,WIN_20240202_12_03_34_Pro_jpg.rf.e3e4e73e3cd6a2ba23c9839f67e5767f.jpg,,13,17,4
d3,B5_concave_ellipse,WIN_20240129_17_02_13_Pro_jpg.rf.e37a4c1374506a271c5b0a2f39bd5cea.jpg,,14,24,10
d3,B5_concave_ellipse,WIN_20240126_14_55_56_Pro_jpg.rf.e400db2e41031a8ac61a5e3956e44d8c.jpg,,17,23,6
d3,B5_concave_ellipse,WIN_20240130_15_56_53_Pro_jpg.rf.e50ab1b39ff542b2f56353045b45f145.jpg,,15,24,9
d3,B5_concave_ellipse,WIN_20240202_13_18_45_Pro_jpg.rf.e47cf60a9416308948d5c1bdf60d39d7.jpg,,13,18,5
d3,B5_concave_ellipse,WIN_20240130_16_17_35_Pro_jpg.rf.e41891862a463cc912b597c8402870da.jpg,,17,19,2
d3,B5_concave_ellipse,WIN_20240202_12_12_38_Pro_jpg.rf.e85375c803d37bb06cd30238d35d9463.jpg,,14,24,10
d3,B5_concave_ellipse,WIN_20240126_13_48_00_Pro_jpg.rf.e47b2a9d1689137de52242a1528d29d2.jpg,,13,18,5
d3,B5_concave_ellipse,WIN_20240131_11_35_56_Pro_jpg.rf.e7324ca8b3f8dab041ee3ee6ba284e0f.jpg,,11,23,12
d3,B5_concave_ellipse,WIN_20240126_11_39_51_Pro_jpg.rf.e715ea3d8db436ffda3439abaf226a88.jpg,,16,20,4
d3,B5_concave_ellipse,WIN_20240129_18_01_08_Pro_jpg.rf.e74cede877dd3d7522c550a349c645fd.jpg,,14,17,3
d3,B5_concave_ellipse,WIN_20240202_12_31_04_Pro_jpg.rf.e8edaefabb7117ad77bed0e9ae8cbd0d.jpg,,11,16,5
d3,B5_concave_ellipse,WIN_20240202_12_28_28_Pro_jpg.rf.e5eed96766661b3c2b7fe5278cfa9beb.jpg,,13,22,9
d3,B5_concave_ellipse,WIN_20240202_12_26_14_Pro_jpg.rf.e93fce6b4773dac406ec6369d3c01643.jpg,,14,15,1
d3,B5_concave_ellipse,WIN_20240130_16_51_04_Pro_jpg.rf.dfdbc639f451f061cab1cb3fc79a07dc.jpg,,12,23,11
d3,B5_concave_ellipse,WIN_20240126_11_21_56_Pro_jpg.rf.e1b307dfe311eeb5553dc59f023450d2.jpg,,9,15,6
d3,B5_concave_ellipse,WIN_20240202_13_44_05_Pro_jpg.rf.e983475d245b2077ddfd254b362bddc4.jpg,,19,29,10
d3,B5_concave_ellipse,WIN_20240126_12_11_45_Pro_jpg.rf.e4b3fec7f1512c4648b8fe8cde0ed8b2.jpg,,15,17,2
d3,B5_concave_ellipse,WIN_20240126_14_15_22_Pro_jpg.rf.e397001745fb2efc300997e833eafb16.jpg,,14,18,4
d3,B5_concave_ellipse,WIN_20240202_13_57_56_Pro_jpg.rf.e5830d71dd103819d962441b29da577b.jpg,,16,17,1
d3,B5_concave_ellipse,WIN_20240131_11_03_34_Pro_jpg.rf.e640fda76c6a7ae6ec97721974e3a62e.jpg,,13,19,6
d3,B5_concave_ellipse,WIN_20240126_13_56_36_Pro_jpg.rf.e95a7e66376375375ea1c20839cc75c2.jpg,,13,20,7
d3,B5_concave_ellipse,WIN_20240126_11_55_55_Pro_jpg.rf.e752068588c848f95848a4f75f8c23dc.jpg,,16,21,5
d3,B5_concave_ellipse,WIN_20240202_13_14_46_Pro_jpg.rf.ea0e45ea152623a0ebf770bc8879f7a6.jpg,,13,20,7
d3,B5_concave_ellipse,WIN_20240202_12_47_21_Pro_jpg.rf.e9d878444058ded84abd0338c6df57b0.jpg,,16,21,5
d3,B5_concave_ellipse,WIN_20240126_14_00_24_Pro_jpg.rf.ec116e41a2a0cf41b0a2a3afa74392e5.jpg,,12,15,3
d3,B5_concave_ellipse,WIN_20240129_10_40_38_Pro_jpg.rf.e9b435f77cdc6e057f35f63218d9abe3.jpg,,12,21,9
d3,B5_concave_ellipse,WIN_20240130_16_26_57_Pro_jpg.rf.ee3679e3df742dd22a973fd35eca16a2.jpg,,16,18,2
d3,B5_concave_ellipse,WIN_20240126_14_11_34_Pro_jpg.rf.e862702866f021912cbc0797d5d06240.jpg,,16,19,3
d3,B5_concave_ellipse,WIN_20240129_10_30_57_Pro_jpg.rf.ee25dcb793d54cb19a02641d793f3670.jpg,,15,18,3
d3,B5_concave_ellipse,WIN_20240202_13_46_50_Pro_jpg.rf.ef5acb5cb6d24d9a56d51e6d061575d0.jpg,,18,27,9
d3,B5_concave_ellipse,WIN_20240126_14_18_23_Pro_jpg.rf.ebb2343e9341477b4193c2289583c57a.jpg,,15,26,11
d3,B5_concave_ellipse,WIN_20240129_11_03_17_Pro_jpg.rf.ec3b3dffa04f45917c2456c48493fee1.jpg,,14,16,2
d3,B5_concave_ellipse,WIN_20240126_14_51_23_Pro_jpg.rf.ef796a881658047434439ab038b49b53.jpg,,15,17,2
d3,B5_concave_ellipse,WIN_20240126_11_20_40_Pro_jpg.rf.edb671c512776c8f6966fe4db083263e.jpg,,12,16,4
d3,B5_concave_ellipse,WIN_20240131_11_10_31_Pro_jpg.rf.ec62882b2f8f27ddd551c76976214360.jpg,,15,16,1
d3,B5_concave_ellipse,WIN_20240129_18_05_03_Pro_jpg.rf.ebc70f4d56dc452372cca0d5b46b2d65.jpg,,17,26,9
d3,B5_concave_ellipse,WIN_20240129_11_34_39_Pro_jpg.rf.ed736b242cae197773ea50bef350ef95.jpg,,16,26,10
d3,B5_concave_ellipse,WIN_20240130_15_58_25_Pro_jpg.rf.de90205182a4e92b27f25528e0d1aef4.jpg,,15,20,5
d3,B5_concave_ellipse,WIN_20240131_11_27_26_Pro_jpg.rf.f0de6f1178050698a1af3159b7151c0e.jpg,,13,15,2
d3,B5_concave_ellipse,WIN_20240130_15_43_50_Pro_jpg.rf.f0ce7d7ada13c17bb6473cac3db5ec56.jpg,,16,22,6
d3,B5_concave_ellipse,WIN_20240126_14_36_26_Pro_jpg.rf.ef81bc4ce8daed454474f9a397276b90.jpg,,19,20,1
d3,B5_concave_ellipse,WIN_20240126_14_16_20_Pro_jpg.rf.efa481f28c7a7de66d509a24fb2f21bf.jpg,,16,23,7
d3,B5_concave_ellipse,WIN_20240129_11_23_31_Pro_jpg.rf.f0c0e3900aca8dc0e47a11f0367a970d.jpg,,19,26,7
d3,B5_concave_ellipse,WIN_20240126_14_34_30_Pro_jpg.rf.f12a8f9893d0968828d853765201ad31.jpg,,13,17,4
d3,B5_concave_ellipse,WIN_20240129_10_39_49_Pro_jpg.rf.eea7c8dbaf9ca0352f882c4b9a8f629a.jpg,,13,14,1
d3,B5_concave_ellipse,WIN_20240129_18_28_53_Pro_jpg.rf.efa3f92beb892c44e164045b506c2483.jpg,,18,21,3
d3,B5_concave_ellipse,WIN_20240130_16_36_40_Pro_jpg.rf.f21bcfd33cfc578575cfb7b9fb87d2ed.jpg,,13,14,1
d3,B5_concave_ellipse,WIN_20240126_14_49_02_Pro_jpg.rf.f24767ef69d1836015abb2309e39fd1f.jpg,,15,22,7
d3,B5_concave_ellipse,WIN_20240126_14_28_54_Pro_jpg.rf.f2de65c9f56e32ff9cf1ad6f36219767.jpg,,12,14,2
d3,B5_concave_ellipse,WIN_20240202_13_43_19_Pro_jpg.rf.f3d7ad73ea2cdb5d1252d0818fbaeac7.jpg,,16,20,4
d3,B5_concave_ellipse,WIN_20240130_16_35_10_Pro_jpg.rf.f3cbc1ebc34c6fc2152ed4a713189fa6.jpg,,13,21,8
d3,B5_concave_ellipse,WIN_20240129_18_05_44_Pro_jpg.rf.f3926d6aa332bf8656b2d016d0afadf6.jpg,,13,22,9
d3,B5_concave_ellipse,WIN_20240126_13_53_19_Pro_jpg.rf.f2d7d574d86ba7eff1a07233c2b32c84.jpg,,13,15,2
d3,B5_concave_ellipse,WIN_20240126_12_08_41_Pro_jpg.rf.f557868f8421f64d2a446f69d8bd9d04.jpg,,14,21,7
d3,B5_concave_ellipse,WIN_20240129_18_17_12_Pro_jpg.rf.f3b24996794ee3c916118a6eeb192c0b.jpg,,14,17,3
d3,B5_concave_ellipse,WIN_20240130_16_16_06_Pro_jpg.rf.f29151f6b2274731dda89311b7f14123.jpg,,15,20,5
d3,B5_concave_ellipse,WIN_20240126_14_45_36_Pro_jpg.rf.f21dd9bd9e5358deb7264eeb968c403b.jpg,,14,18,4
d3,B5_concave_ellipse,WIN_20240129_17_44_01_Pro_jpg.rf.f238dc81d9ad6d10402e7cc022cbb535.jpg,,12,20,8
d3,B5_concave_ellipse,WIN_20240129_18_00_27_Pro_jpg.rf.f563baac01ab77c4f17963790f6a71e7.jpg,,16,22,6
d3,B5_concave_ellipse,WIN_20240129_16_40_55_Pro_jpg.rf.f2e6fef7b51cb926c92dfd1e70a72ec6.jpg,,19,29,10
d3,B5_concave_ellipse,WIN_20240201_15_03_37_Pro_jpg.rf.f5740b5fe92d27d46b40c9f89b53db8f.jpg,,15,17,2
d3,B5_concave_ellipse,WIN_20240130_16_00_11_Pro_jpg.rf.f59b06f13ec3bdc0f539cc79bd0dfac6.jpg,,16,20,4
d3,B5_concave_ellipse,WIN_20240126_14_44_10_Pro_jpg.rf.f5aca6f1ceb429e51173c47c0b64e70f.jpg,,14,14,0
d3,B5_concave_ellipse,WIN_20240129_11_25_00_Pro_jpg.rf.f625e5faeaa4cfa323f1cfe90854d03e.jpg,,14,18,4
d3,B5_concave_ellipse,WIN_20240129_11_06_26_Pro_jpg.rf.f2e9aed80c975b01f6dd4384b88c7420.jpg,,14,27,13
d3,B5_concave_ellipse,WIN_20240129_18_13_52_Pro_jpg.rf.f4f40db32253a37adb820988182efb3d.jpg,,16,19,3
d3,B5_concave_ellipse,WIN_20240131_10_56_21_Pro_jpg.rf.f5ce9f46950804d8f9dc9ba259458fbb.jpg,,13,22,9
d3,B5_concave_ellipse,WIN_20240131_11_09_46_Pro_jpg.rf.f53f8c7d68b018ba898927314ad47672.jpg,,13,22,9
d3,B5_concave_ellipse,WIN_20240201_15_12_43_Pro_jpg.rf.f7328eea93ef246f50c0deec55430509.jpg,,14,22,8
d3,B5_concave_ellipse,WIN_20240127_13_58_00_Pro_jpg.rf.f8b772dc3d88ba8c4138195d4ec8a0db.jpg,,14,21,7
d3,B5_concave_ellipse,WIN_20240202_11_51_43_Pro_jpg.rf.f84cc1ccc350bbf703a45998aee44502.jpg,,12,23,11
d3,B5_concave_ellipse,WIN_20240202_13_40_59_Pro_jpg.rf.faa56c0ec095e1befbf0202f77c5d4d0.jpg,,12,21,9
d3,B5_concave_ellipse,WIN_20240129_18_10_31_Pro_jpg.rf.f7a4296b52dd5ea35a7042f6264d24b4.jpg,,15,16,1
d3,B5_concave_ellipse,WIN_20240202_12_06_42_Pro_jpg.rf.fbde63617b71a338d5eadee2053fd31d.jpg,,16,28,12
d3,B5_concave_ellipse,WIN_20240130_15_44_31_Pro_jpg.rf.fb8934c9c676e091b8e370be5521803f.jpg,,19,33,14
d3,B5_concave_ellipse,WIN_20240126_11_17_54_Pro_jpg.rf.f9a62c2278edaa99a7f57eb7e49151f2.jpg,,10,19,9
d3,B5_concave_ellipse,WIN_20240129_16_50_50_Pro_jpg.rf.f8ba1f2fa5997acf8d22896807ca6c8b.jpg,,19,24,5
d3,B5_concave_ellipse,WIN_20240131_11_04_23_Pro_jpg.rf.fc8cc0b9f8cd0fbe208670dc3ae183b3.jpg,,12,24,12
d3,B5_concave_ellipse,WIN_20240130_16_22_49_Pro_jpg.rf.fc0c3bd4ae86ac62869980c9de5df821.jpg,,13,23,10
d3,B5_concave_ellipse,WIN_20240129_17_47_09_Pro_jpg.rf.fc34fbde1b2356d5138ba7fbf9f57f0a.jpg,,14,24,10
d3,B5_concave_ellipse,WIN_20240129_11_19_36_Pro_jpg.rf.fc071bb883e7781511c6707756239d32.jpg,,17,25,8
d3,B5_concave_ellipse,WIN_20240129_16_40_06_Pro_jpg.rf.fbdeec7ad2d06eab24eb2315a218e101.jpg,,13,30,17
d3,B5_concave_ellipse,WIN_20240130_16_09_56_Pro_jpg.rf.ff2fd1b69e34ee0338794195e241c371.jpg,,18,20,2
d3,B5_concave_ellipse,WIN_20240126_11_24_40_Pro_jpg.rf.faf48b522c8f7121db047c6cda2fb159.jpg,,11,13,2
d3,B5_concave_ellipse,WIN_20240129_10_35_33_Pro_jpg.rf.fec9bcb40dedf4d0cbb9cae66a6a02d9.jpg,,13,16,3
d3,B5_concave_ellipse,WIN_20240202_12_15_02_Pro_jpg.rf.ff8dbd7676e536b5acd35d493863f7b7.jpg,,14,17,3
d3,B5_concave_ellipse,WIN_20240202_12_48_07_Pro_jpg.rf.fe0db3de3f6f5c14c96d222c420cb88f.jpg,,17,18,1
d3,B5_concave_ellipse,WIN_20240129_18_07_25_Pro_jpg.rf.fce2d3a86e3fcc1e41c4cfb80cdcb07f.jpg,,17,16,-1
d3,B5_concave_ellipse,WIN_20240126_11_18_24_Pro_jpg.rf.f7c802189b7cb9dacd8c5d58cc218939.jpg,,10,12,2
d3,B5_concave_ellipse,WIN_20240202_12_14_19_Pro_jpg.rf.fce1c9facaefb7fe5ca58cfe02cd6faa.jpg,,14,28,14
d3,B5_concave_ellipse,WIN_20240130_16_22_01_Pro_jpg.rf.fdc98eab0dc01c600cb2991b0aed570b.jpg,,14,21,7
d3,B5_concave_ellipse,WIN_20240202_12_11_06_Pro_jpg.rf.fdb0b57b490ea1aa82226da1948187d5.jpg,,13,17,4
d3,B5_concave_ellipse,WIN_20240130_15_56_19_Pro_jpg.rf.fe7a2d0866a583921a60749353620a57.jpg,,14,18,4
d3,B5_concave_ellipse,WIN_20240202_13_53_45_Pro_jpg.rf.ffb77e33ab62a616534b59d94dde7f42.jpg,,11,15,4
d3,B5_concave_ellipse,WIN_20240130_16_45_14_Pro_jpg.rf.fdc6011f7cd447eea4794f333aa0fdb9.jpg,,14,20,6
d3,B5_concave_ellipse,WIN_20240129_17_52_20_Pro_jpg.rf.320ae413d97fcbf28313a05745bcb8fa.jpg,,14,22,8
d3,B5_concave_ellipse,WIN_20240202_13_48_12_Pro_jpg.rf.355b546cabf43999eb2a67e3b2dc3788.jpg,,16,21,5
d3,B5_concave_ellipse,WIN_20240129_17_44_31_Pro_jpg.rf.3387a739585d27e50bc7c08addf966e9.jpg,,17,34,17
d3,B5_concave_ellipse,WIN_20240126_11_32_13_Pro_jpg.rf.345ca9061e287e822e30ab1a630c0aea.jpg,,12,15,3
d3,B5_concave_ellipse,WIN_20240129_10_51_23_Pro_jpg.rf.36ac671c1c96f603033573122b0ce75b.jpg,,14,21,7
d3,B5_concave_ellipse,WIN_20240130_15_59_17_Pro_jpg.rf.343fca61d6b7cd9c2480de46a22c2a70.jpg,,12,13,1
d3,B5_concave_ellipse,WIN_20240202_12_05_22_Pro_jpg.rf.35a4e7ddedbfefe77b0477a12f18e22d.jpg,,13,15,2
d3,B5_concave_ellipse,WIN_20240126_14_39_29_Pro_jpg.rf.3727947deb78dc55bcddb616ad5a0ebf.jpg,,16,22,6
d3,B5_concave_ellipse,WIN_20240202_13_48_42_Pro_jpg.rf.36d610495f43498150b412ca6a76e4b5.jpg,,16,21,5
d3,B5_concave_ellipse,WIN_20240130_16_27_40_Pro_jpg.rf.3225155397432b15a888da2fbea6aca0.jpg,,13,17,4
d3,B5_concave_ellipse,WIN_20240126_11_48_08_Pro_jpg.rf.321a012baad91cb6476a211ba50fa4dc.jpg,,16,20,4
d3,B5_concave_ellipse,WIN_20240129_18_07_56_Pro_jpg.rf.327f7d04c1ac5290bc9ad852875480e2.jpg,,14,18,4
d3,B5_concave_ellipse,WIN_20240130_15_46_10_Pro_jpg.rf.320b097b6f4bb8cf620d5ff9f2032ee9.jpg,,15,23,8
d3,B5_concave_ellipse,WIN_20240202_11_56_51_Pro_jpg.rf.3804c1256edf98ccb3071e5c877fb44c.jpg,,12,12,0
d3,B5_concave_ellipse,WIN_20240127_14_01_22_Pro_jpg.rf.36165435850e87625cc1910e2aa4d36a.jpg,,13,17,4
d3,B5_concave_ellipse,WIN_20240126_14_02_22_Pro_jpg.rf.39662d9dabb614f4c53dc3ec7c231c71.jpg,,13,15,2
d3,B5_concave_ellipse,WIN_20240126_11_44_00_Pro_jpg.rf.3252d867f41ce70e9a2aacbcbdf72a33.jpg,,16,20,4
d3,B5_concave_ellipse,WIN_20240129_10_19_31_Pro_jpg.rf.3a25f797eb8058f7170eff55e181a575.jpg,,14,22,8
d3,B5_concave_ellipse,WIN_20240202_13_36_57_Pro_jpg.rf.3c7e263e386e1e50ac3f3e815cd2a2fe.jpg,,17,26,9
d3,B5_concave_ellipse,WIN_20240129_10_26_17_Pro_jpg.rf.3b9fabd4ea8083e4d399bff8e893523c.jpg,,14,17,3
d3,B5_concave_ellipse,WIN_20240129_18_03_41_Pro_jpg.rf.3894c9c2e6d675e116aa535f7d9a2752.jpg,,14,17,3
d3,B5_concave_ellipse,WIN_20240126_14_06_12_Pro_jpg.rf.3dcaf4ca5c49029d60546dbca1ace8d2.jpg,,15,23,8
d3,B5_concave_ellipse,WIN_20240126_13_59_41_Pro_jpg.rf.3c9ec2a569323261fee68424fdf09743.jpg,,13,19,6
d3,B5_concave_ellipse,WIN_20240130_16_31_45_Pro_jpg.rf.3f155ea858ca875d4d59ba1f96df4e8a.jpg,,14,15,1
d3,B5_concave_ellipse,WIN_20240201_15_01_45_Pro_jpg.rf.3d8925aaf6af6f9cd7fc4907f09d53f8.jpg,,14,26,12
d3,B5_concave_ellipse,WIN_20240202_12_34_24_Pro_jpg.rf.3ce65ab8c920f72a5abd4b332b4fab38.jpg,,17,25,8
d3,B5_concave_ellipse,WIN_20240129_10_56_33_Pro_jpg.rf.3acdb36964ea5ec05a4ddf365641bb95.jpg,,12,16,4
d3,B5_concave_ellipse,WIN_20240202_13_38_13_Pro_jpg.rf.3ddae99e53547d55998ec48f9d268ffb.jpg,,13,15,2
d3,B5_concave_ellipse,WIN_20240126_11_32_47_Pro_jpg.rf.3d2b5a0cf18226d4550a0cd59668b085.jpg,,10,12,2
d3,B5_concave_ellipse,WIN_20240129_18_23_58_Pro_jpg.rf.3b51f84f2bff1744a4a68523a568d149.jpg,,15,20,5
d3,B5_concave_ellipse,WIN_20240129_11_27_22_Pro_jpg.rf.40044b626623619c5485a62859d2fc1b.jpg,,12,13,1
d3,B5_concave_ellipse,WIN_20240130_15_36_53_Pro_jpg.rf.3c19c0706d781e87edf60b0001f1d8c6.jpg,,17,36,19
d3,B5_concave_ellipse,WIN_20240202_11_52_17_Pro_jpg.rf.3af79db71efcde11e8f4ffd817ff132b.jpg,,12,24,12
d3,B5_concave_ellipse,WIN_20240129_16_49_55_Pro_jpg.rf.3f3740c23bc31757d8250773e7413a30.jpg,,18,28,10
d3,B5_concave_ellipse,WIN_20240129_18_13_15_Pro_jpg.rf.3f0f82b73f3d4cc0399c25dd1564741b.jpg,,15,21,6
d3,B5_concave_ellipse,WIN_20240126_14_27_23_Pro_jpg.rf.3c75ae12f3f31e8efe6b6da4fa6283b3.jpg,,13,22,9
d3,B5_concave_ellipse,WIN_20240131_11_02_04_Pro_jpg.rf.39ae1f5b7e9e9dce13c81c40918e1fb9.jpg,,14,22,8
d3,B5_concave_ellipse,WIN_20240126_11_23_03_Pro_jpg.rf.411e01d1929ceff84d47a9344ffdbee8.jpg,,10,12,2
d3,B5_concave_ellipse,WIN_20240130_16_24_52_Pro_jpg.rf.41102f04a2532387760bf5ea7e665c21.jpg,,13,21,8
d3,B5_concave_ellipse,WIN_20240129_18_34_48_Pro_jpg.rf.414bba05ba6eff8632390f78d22f9af3.jpg,,16,23,7
d3,B5_concave_ellipse,WIN_20240130_15_55_38_Pro_jpg.rf.4005cc3c25b63fd05a8c610203ce6989.jpg,,13,27,14
d3,B5_concave_ellipse,WIN_20240131_11_25_54_Pro_jpg.rf.4208c18c5fe49badca52992e404d2f34.jpg,,11,19,8
d3,B5_concave_ellipse,WIN_20240127_13_59_22_Pro_jpg.rf.406c35748e046494864bcb6650d904a5.jpg,,16,29,13
d3,B5_concave_ellipse,WIN_20240126_11_33_55_Pro_jpg.rf.42501a57e81e1485e2db74fd0890aa57.jpg,,10,18,8
d3,B5_concave_ellipse,WIN_20240129_10_55_03_Pro_jpg.rf.414f65d02dbcd8282a12a9e1d6c6e5bb.jpg,,16,26,10
d3,B5_concave_ellipse,WIN_20240129_10_58_32_Pro_jpg.rf.436eaca96d44db6eef73c65b04fca909.jpg,,17,23,6
d3,B5_concave_ellipse,WIN_20240129_16_45_02_Pro_jpg.rf.42da2af13efb43a6eb772245693bf32a.jpg,,15,25,10
d3,B5_concave_ellipse,WIN_20240126_11_30_29_Pro_jpg.rf.437d565c6a390b9d773c66efdd766623.jpg,,14,19,5
d3,B5_concave_ellipse,WIN_20240201_15_05_15_Pro_jpg.rf.41bd2eaa3ead195b0270c969c23e995c.jpg,,19,26,7
d3,B5_concave_ellipse,WIN_20240129_11_24_02_Pro_jpg.rf.43ba822244f4d9ea56d60702bfa2e3b9.jpg,,16,27,11
d3,B5_concave_ellipse,WIN_20240202_12_17_22_Pro_jpg.rf.4058c86f6c3911a3194f86b50312d3ba.jpg,,15,18,3
d3,B5_concave_ellipse,WIN_20240126_11_31_40_Pro_jpg.rf.43a501fdb37eb9643b56b017d3b41784.jpg,,12,23,11
d3,B5_concave_ellipse,WIN_20240202_12_59_12_Pro_jpg.rf.42224ee8e44e17bb355e0c85c022032f.jpg,,13,17,4
d3,B5_concave_ellipse,WIN_20240202_13_11_37_Pro_jpg.rf.42e2ec994f840a7481f4d1ab5c741234.jpg,,18,26,8
d3,B5_concave_ellipse,WIN_20240201_15_04_14_Pro_jpg.rf.44456d6b2689d4e5629e5e64c526649e.jpg,,13,18,5
d3,B5_concave_ellipse,WIN_20240129_10_14_26_Pro_jpg.rf.445877753176976e192ae7593c0f2978.jpg,,17,23,6
d3,B5_concave_ellipse,WIN_20240126_14_48_19_Pro_jpg.rf.4a2a24b179a3f8d05cf8e2f96fb904e4.jpg,,15,17,2
d3,B5_concave_ellipse,WIN_20240129_10_43_46_Pro_jpg.rf.445fd45d94dcb48b99028539fc7a2c10.jpg,,13,17,4
d3,B5_concave_ellipse,WIN_20240130_16_12_40_Pro_jpg.rf.4705e142e81fd0256821bd0c3f919f81.jpg,,15,25,10
d3,B5_concave_ellipse,WIN_20240130_16_57_04_Pro_jpg.rf.474e1cd060928c159591aa731c218bd8.jpg,,13,18,5
d3,B5_concave_ellipse,WIN_20240126_11_21_14_Pro_jpg.rf.44f0d226131bf87e2447b614e785850a.jpg,,10,14,4
d3,B5_concave_ellipse,WIN_20240202_11_55_32_Pro_jpg.rf.47e256590609a764b0433ec29b5356ce.jpg,,12,23,11
d3,B5_concave_ellipse,WIN_20240129_11_32_42_Pro_jpg.rf.464f13ad7c1bfa2f54662d16573a9500.jpg,,17,19,2
d3,B5_concave_ellipse,WIN_20240126_11_36_23_Pro_jpg.rf.417a61c3e3c32a8e510594b69d238aa1.jpg,,10,17,7
d3,B5_concave_ellipse,WIN_20240202_12_26_46_Pro_jpg.rf.4c2f215f4cedf5cb16ed898296d7797a.jpg,,15,20,5
d3,B5_concave_ellipse,WIN_20240202_14_03_55_Pro_jpg.rf.4a6d6dcfde76473af82d30656056aba3.jpg,,15,20,5
d3,B5_concave_ellipse,WIN_20240126_11_47_28_Pro_jpg.rf.4ac510e402753739715241a9b9c9e4a7.jpg,,14,19,5
d3,B5_concave_ellipse,WIN_20240126_14_42_39_Pro_jpg.rf.4c1708d1f6e3d1583d0e2d5b0c884953.jpg,,15,16,1
d3,B5_concave_ellipse,WIN_20240202_11_50_07_Pro_jpg.rf.4d1539522adc939fb51793c68b6a22eb.jpg,,14,22,8
d3,B5_concave_ellipse,WIN_20240126_11_51_20_Pro_jpg.rf.4a15e040f4dc58d57016a7f2e92dd43f.jpg,,12,16,4
d3,B5_concave_ellipse,WIN_20240126_11_41_24_Pro_jpg.rf.4df07d2d2285435927cdbbd86aeaa685.jpg,,15,19,4
d3,B5_concave_ellipse,WIN_20240126_14_06_43_Pro_jpg.rf.4d05ee8c0e2792c3cc63ff2477f15b1a.jpg,,15,23,8
d3,B5_concave_ellipse,WIN_20240130_16_52_15_Pro_jpg.rf.4d19f3a3f79beb51e814ab26810e970d.jpg,,14,20,6
d3,B5_concave_ellipse,WIN_20240130_16_56_01_Pro_jpg.rf.4713f051c723fbecd5080321c6fea461.jpg,,13,16,3
d3,B5_concave_ellipse,WIN_20240202_12_08_16_Pro_jpg.rf.4e6bb42821972d8908809c0610d56ae6.jpg,,12,14,2
d3,B5_concave_ellipse,WIN_20240129_11_09_19_Pro_jpg.rf.4ebee8e368f2fb94facb1364d7fe932c.jpg,,15,17,2
d3,B5_concave_ellipse,WIN_20240130_16_41_56_Pro_jpg.rf.4e2e453f78b7f07f28f12fdbb29d506d.jpg,,13,22,9
d3,B5_concave_ellipse,WIN_20240202_13_17_39_Pro_jpg.rf.4ef730e0b4cadc2a985c675a34c03120.jpg,,14,24,10
d3,B5_concave_ellipse,WIN_20240130_16_53_09_Pro_jpg.rf.4ea4b3e211842c099bac687fff89cf71.jpg,,12,13,1
d3,B5_concave_ellipse,WIN_20240202_13_20_40_Pro_jpg.rf.4810f1128dc2bb8fc9d311b9512969b5.jpg,,18,22,4
d3,B5_concave_ellipse,WIN_20240129_10_49_13_Pro_jpg.rf.527020603388449407e49fa9891aefc7.jpg,,16,24,8
d3,B5_concave_ellipse,WIN_20240129_11_16_48_Pro_jpg.rf.52cef322e1febe699db508a4bfbaf660.jpg,,14,17,3
d3,B5_concave_ellipse,WIN_20240129_11_35_15_Pro_jpg.rf.50d029b57aafc92af6d5e2217bbbdeec.jpg,,17,20,3
d3,B5_concave_ellipse,WIN_20240129_17_51_30_Pro_jpg.rf.521bcf8157807ee0ab9603afce51fd30.jpg,,18,27,9
d3,B5_concave_ellipse,WIN_20240202_13_59_27_Pro_jpg.rf.53039310194e95821491c246fc5c923f.jpg,,14,15,1
d3,B5_concave_ellipse,WIN_20240129_18_06_43_Pro_jpg.rf.4ee9fe246fa41ba10fb8ed954bffa405.jpg,,15,21,6
d3,B5_concave_ellipse,WIN_20240126_11_33_13_Pro_jpg.rf.52062c50934c7e419f915c18108f2d04.jpg,,11,18,7
d3,B5_concave_ellipse,WIN_20240202_12_57_18_Pro_jpg.rf.5277a3c2228851bb6d024af37b611098.jpg,,14,18,4
d3,B5_concave_ellipse,WIN_20240202_12_22_37_Pro_jpg.rf.54e105a0580f61ae6ce979433208aaf5.jpg,,17,21,4
d3,B5_concave_ellipse,WIN_20240130_16_08_17_Pro_jpg.rf.5360a38a65150926f5abd85d2fc8555f.jpg,,15,27,12
d3,B5_concave_ellipse,WIN_20240129_11_20_17_Pro_jpg.rf.55a1347e40b51726b491e8be7c8c1b72.jpg,,16,23,7
d3,B5_concave_ellipse,WIN_20240129_10_34_22_Pro_jpg.rf.57dfe8be3efa6f226116424bc7603e60.jpg,,14,23,9
d3,B5_concave_ellipse,WIN_20240129_16_55_01_Pro_jpg.rf.53baeabdb09705569e7d942722d5964c.jpg,,17,25,8
d3,B5_concave_ellipse,WIN_20240130_16_54_32_Pro_jpg.rf.55509111c1bd90cbea3a725ac77e7af7.jpg,,14,15,1
d3,B5_concave_ellipse,WIN_20240129_17_53_55_Pro_jpg.rf.5962868a84df0f507203f1162fa86d6d.jpg,,13,22,9
d3,B5_concave_ellipse,WIN_20240130_16_18_39_Pro_jpg.rf.5433fd811deecabb18029f952e058acb.jpg,,15,19,4
d3,B5_concave_ellipse,WIN_20240126_14_04_22_Pro_jpg.rf.585709c2251dae8d4119de171206f56a.jpg,,13,15,2
d3,B5_concave_ellipse,WIN_20240202_13_40_27_Pro_jpg.rf.589ff581d9d41e690b95c4cbc520fc05.jpg,,16,18,2
d3,B5_concave_ellipse,WIN_20240126_14_13_58_Pro_jpg.rf.5499ea7e37bba31056d0d45c796b4bbd.jpg,,17,21,4
d3,B5_concave_ellipse,WIN_20240129_18_32_21_Pro_jpg.rf.58adcf0d6803b9c57020089717df5198.jpg,,19,33,14
d3,B5_concave_ellipse,WIN_20240129_16_52_29_Pro_jpg.rf.521391635b21813a6def6492cd707376.jpg,,11,16,5
d3,B5_concave_ellipse,WIN_20240129_11_30_36_Pro_jpg.rf.58ea1ada47ffb929c2683016d7641133.jpg,,17,20,3
d3,B5_concave_ellipse,WIN_20240131_11_17_06_Pro_jpg.rf.5a72f504c334907e8ccc834669ce65ac.jpg,,12,15,3
d3,B5_concave_ellipse,WIN_20240130_15_52_32_Pro_jpg.rf.5b665f9bb0f140e21118f2f3de8d8c7d.jpg,,16,21,5
d3,B5_concave_ellipse,WIN_20240131_10_55_02_Pro_jpg.rf.5d1419ff4697e04a70f11cd8b5bc3a6e.jpg,,15,18,3
d3,B5_concave_ellipse,WIN_20240202_13_13_44_Pro_jpg.rf.5b669f75c45b247f5797519b2c4ab4a9.jpg,,15,24,9
d3,B5_concave_ellipse,WIN_20240129_10_28_59_Pro_jpg.rf.5c4fcfb79c80ab3b03d9a5e4ed704d5a.jpg,,16,23,7
d3,B5_concave_ellipse,WIN_20240127_14_01_48_Pro_jpg.rf.60fd37839aeb3b5ce4687b2d51ff079b.jpg,,15,22,7
d3,B5_concave_ellipse,WIN_20240129_11_06_55_Pro_jpg.rf.5e5fec26b4865629574c79a84b855a76.jpg,,15,15,0
d3,B5_concave_ellipse,WIN_20240129_11_32_12_Pro_jpg.rf.60331de47e1bcee3c395cf07b4c8e2ea.jpg,,15,23,8
d3,B5_concave_ellipse,WIN_20240202_11_50_55_Pro_jpg.rf.61d277d7784ab604d0dd1385a24b2ba1.jpg,,13,14,1
d3,B5_concave_ellipse,WIN_20240131_11_14_25_Pro_jpg.rf.606037e07bc301e2a139f85b6cda01c8.jpg,,12,12,0
d3,B5_concave_ellipse,WIN_20240130_16_28_31_Pro_jpg.rf.5ee74c7495a3cb3cad96fff51585c3bf.jpg,,13,22,9
d3,B5_concave_ellipse,WIN_20240129_17_03_10_Pro_jpg.rf.62dbc3d49354b1e820b88eeac587e0a8.jpg,,15,23,8
d3,B5_concave_ellipse,WIN_20240129_11_04_36_Pro_jpg.rf.62b1803fb9dfcf9083fda6c7170f362c.jpg,,14,18,4
d3,B5_concave_ellipse,WIN_20240131_10_58_14_Pro_jpg.rf.62c94ec75c97d7def9a726cce0d50ae9.jpg,,14,22,8
d3,B5_concave_ellipse,WIN_20240129_10_23_17_Pro_jpg.rf.61b0a7a6a091aed9dbbcf893f41a4632.jpg,,13,14,1
d3,B5_concave_ellipse,WIN_20240129_17_04_48_Pro_jpg.rf.58dbd04b46d16fb5f81a5a1d0dd94808.jpg,,18,18,0
d3,B5_concave_ellipse,WIN_20240126_14_35_05_Pro_jpg.rf.6057971e8d5bdbb710b627482b7d19a8.jpg,,15,21,6
d3,B5_concave_ellipse,WIN_20240129_11_39_16_Pro_jpg.rf.62c64a7ecebd450b6e10df421e783fd6.jpg,,16,21,5
d3,B5_concave_ellipse,WIN_20240129_11_29_58_Pro_jpg.rf.631e6d8c8c73fd97f8566f049c40e55b.jpg,,15,8,-7
d3,B5_concave_ellipse,WIN_20240129_17_03_57_Pro_jpg.rf.6201a15314182ba92ffee4192b80ec3a.jpg,,16,28,12
d3,B5_concave_ellipse,WIN_20240129_11_37_16_Pro_jpg.rf.63cb7f316886473e333339c72b2e8c7b.jpg,,15,19,4
d3,B5_concave_ellipse,WIN_20240202_12_43_17_Pro_jpg.rf.615a1b21d6e0e5526bd7ee139e064c1c.jpg,,13,16,3
d3,B5_concave_ellipse,WIN_20240202_13_46_11_Pro_jpg.rf.62dc1b606d74f1574842a063cb2cfb0d.jpg,,18,21,3
d3,B5_concave_ellipse,WIN_20240202_12_08_51_Pro_jpg.rf.6616a0dc11f1d7badde5c154bc60393f.jpg,,15,18,3
d3,B5_concave_ellipse,WIN_20240131_11_23_09_Pro_jpg.rf.66ebc2ced1666ac8636e31b69a5ac10d.jpg,,10,18,8
d3,B5_concave_ellipse,WIN_20240129_16_49_22_Pro_jpg.rf.661c9233969276f4776b52744720cd28.jpg,,14,16,2
d3,B5_concave_ellipse,WIN_20240129_11_27_53_Pro_jpg.rf.697e118c8d6f7c1afa24efa9ce41cd23.jpg,,15,19,4
d3,B5_concave_ellipse,WIN_20240131_11_28_43_Pro_jpg.rf.698bdd28eb50efd660f998a5ce781ff3.jpg,,11,19,8
d3,B5_concave_ellipse,WIN_20240126_12_03_33_Pro_jpg.rf.6b0b6eee0b6563aa6e2ae89cd1527148.jpg,,12,15,3
d3,B5_concave_ellipse,WIN_20240130_15_47_44_Pro_jpg.rf.62e9617f63069b6d0c57d3aa830c73a8.jpg,,18,26,8
d3,B5_concave_ellipse,WIN_20240129_11_20_41_Pro_jpg.rf.695091c30f847406645d0be0867e86e1.jpg,,15,21,6
d3,B5_concave_ellipse,WIN_20240131_10_59_21_Pro_jpg.rf.6890229c592d8cec631fa34143a91870.jpg,,14,22,8
d3,B5_concave_ellipse,WIN_20240130_16_04_10_Pro_jpg.rf.64f3d7463da18ea62393fc53e725bf6f.jpg,,14,21,7
d3,B5_concave_ellipse,WIN_20240126_14_47_35_Pro_jpg.rf.683819ad6af2c7d24bf59aeb7f728846.jpg,,14,17,3
d3,B5_concave_ellipse,WIN_20240129_11_26_09_Pro_jpg.rf.6a9c3019af2c127f41ce7f6520f9aead.jpg,,15,17,2
d3,B5_concave_ellipse,WIN_20240131_11_15_29_Pro_jpg.rf.6d25728137c891405f31a7c703988f45.jpg,,13,16,3
d3,B5_concave_ellipse,WIN_20240129_10_46_56_Pro_jpg.rf.69baac9c2a52b246f58fffe009fb9698.jpg,,15,26,11
d3,B5_concave_ellipse,WIN_20240129_11_17_45_Pro_jpg.rf.69834591e170e362770518b0114dd78d.jpg,,13,30,17
d3,B5_concave_ellipse,WIN_20240130_15_35_36_Pro_jpg.rf.6d2d1ddd3c52f5caa970aed95ed9acbe.jpg,,19,25,6
d3,B5_concave_ellipse,WIN_20240202_13_13_07_Pro_jpg.rf.6d27de4aedc8495a7286315a5238b58a.jpg,,13,18,5
d3,B5_concave_ellipse,WIN_20240129_10_21_40_Pro_jpg.rf.6c32a9234b28b53e1834b4d29aad0127.jpg,,13,17,4
d3,B5_concave_ellipse,WIN_20240127_13_45_20_Pro_jpg.rf.6d9ee628a7a4bd98283f5abdb85bfd67.jpg,,4,28,24
d3,B5_concave_ellipse,WIN_20240126_14_03_11_Pro_jpg.rf.6d67b04c02ddbab1e6562fb099fc97d4.jpg,,11,15,4
d3,B5_concave_ellipse,WIN_20240129_18_35_52_Pro_jpg.rf.6ea1cbccd58663b871c1480b39bfae61.jpg,,14,28,14
d3,B5_concave_ellipse,WIN_20240129_11_37_45_Pro_jpg.rf.6ff969519c47d1bde3d488f0b1cadd5b.jpg,,14,21,7
d3,B5_concave_ellipse,WIN_20240126_13_54_02_Pro_jpg.rf.6f729ff0362bd5b3cb427db50c3fccb5.jpg,,12,18,6
d3,B5_concave_ellipse,WIN_20240129_10_45_20_Pro_jpg.rf.72ccb4185601876108af1766721936a5.jpg,,15,22,7
d3,B5_concave_ellipse,WIN_20240126_11_22_27_Pro_jpg.rf.71b7c193b718365e6004e7cba637c6c6.jpg,,11,16,5
d3,B5_concave_ellipse,WIN_20240202_12_51_02_Pro_jpg.rf.720f9aaf5401445d610b3bcf4776d308.jpg,,14,18,4
d3,B5_concave_ellipse,WIN_20240130_16_06_23_Pro_jpg.rf.737690dd5415723f9388f64449ca3f17.jpg,,16,20,4
d3,B5_concave_ellipse,WIN_20240129_11_29_04_Pro_jpg.rf.731d514f69eb277dcbdd541921c1c04e.jpg,,19,26,7
d3,B5_concave_ellipse,WIN_20240126_12_12_16_Pro_jpg.rf.6e297730ed0e8e8706788711537def03.jpg,,12,15,3
d3,B5_concave_ellipse,WIN_20240129_10_50_14_Pro_jpg.rf.761a9d9043521638e850f9eabaa88653.jpg,,17,20,3
d3,B5_concave_ellipse,WIN_20240126_14_41_41_Pro_jpg.rf.738b78acacb5e4965aa74ba60b5ee260.jpg,,17,21,4
d3,B5_concave_ellipse,WIN_20240129_18_01_54_Pro_jpg.rf.743f6b905ee4597000cc958e76836e24.jpg,,14,25,11
d3,B5_concave_ellipse,WIN_20240129_16_48_26_Pro_jpg.rf.73d300bcc5afff6f04f103e45e0b5e93.jpg,,16,18,2
d3,B5_concave_ellipse,WIN_20240126_12_04_05_Pro_jpg.rf.77e7b86dbfe74d78a204d3ba15f635aa.jpg,,15,20,5
d3,B5_concave_ellipse,WIN_20240202_13_47_26_Pro_jpg.rf.7869c01c82a3f49651d3ca42e66a625b.jpg,,14,17,3
d3,B5_concave_ellipse,WIN_20240129_17_55_09_Pro_jpg.rf.7af7552d55eae0a943ad6dec82e871c4.jpg,,13,22,9
d3,B5_concave_ellipse,WIN_20240126_14_29_56_Pro_jpg.rf.7a59c25384e339f0c519b90ec0447d1e.jpg,,16,32,16
d3,B5_concave_ellipse,WIN_20240202_12_33_33_Pro_jpg.rf.774a3545faf7d690232c653f94e3b103.jpg,,15,18,3
d3,B5_concave_ellipse,WIN_20240126_14_12_57_Pro_jpg.rf.737dc38cba73a724fdf0e5c8f1e8d268.jpg,,14,16,2
d3,B5_concave_ellipse,WIN_20240129_17_45_55_Pro_jpg.rf.7ae2c5e2a4608c2f3b24a38866b89ee8.jpg,,15,25,10
d3,B5_concave_ellipse,WIN_20240126_12_06_49_Pro_jpg.rf.793cb0e02d0290da970bb97190e1cf41.jpg,,15,22,7
d3,B5_concave_ellipse,WIN_20240126_11_49_04_Pro_jpg.rf.7b02f6b55565d30186042ff7ef580fb7.jpg,,12,18,6
d3,B5_concave_ellipse,WIN_20240129_10_52_11_Pro_jpg.rf.6f5d079a69e2e7cb6661f4567980ecd2.jpg,,17,20,3
d3,B5_concave_ellipse,WIN_20240129_16_45_39_Pro_jpg.rf.7821a8d2d9eb33fc8d11afaffbf6c755.jpg,,12,17,5
d3,B5_concave_ellipse,WIN_20240129_17_01_04_Pro_jpg.rf.7ab9b7f6828be528aa0cfa14fbcf6aa9.jpg,,13,20,7
d3,B5_concave_ellipse,WIN_20240129_11_31_32_Pro_jpg.rf.7b98789b41531d6af0c80658ca9ca69a.jpg,,16,22,6
d3,B5_concave_ellipse,WIN_20240129_16_54_05_Pro_jpg.rf.7c29fb4b8fd31bb99e07e1791ac0dfca.jpg,,15,15,0
d3,B5_concave_ellipse,WIN_20240130_16_10_59_Pro_jpg.rf.7b468dce85f0aa237216d3c66882da7e.jpg,,15,21,6
d3,B5_concave_ellipse,WIN_20240131_11_32_18_Pro_jpg.rf.7bc207ba8375da73941e0b495ec4a5e5.jpg,,13,21,8
d3,B5_concave_ellipse,WIN_20240202_12_50_22_Pro_jpg.rf.7b04f3c6c3cf469bf9cfab26e2a54db2.jpg,,15,16,1
d3,B5_concave_ellipse,WIN_20240129_10_37_35_Pro_jpg.rf.7c8b4ed172d31f5e143fa7509b29e467.jpg,,15,16,1
d3,B5_concave_ellipse,WIN_20240129_18_08_29_Pro_jpg.rf.81535be7d8673299ce8db2022dc51c2a.jpg,,13,13,0
d3,B5_concave_ellipse,WIN_20240126_14_00_50_Pro_jpg.rf.81a913a5be7e3f7960b009d5b9948fa3.jpg,,13,17,4
d3,B5_concave_ellipse,WIN_20240201_15_06_57_Pro_jpg.rf.7c93328e926f5e91be13ac044ef7ae3c.jpg,,16,24,8
d3,B5_concave_ellipse,WIN_20240129_11_36_48_Pro_jpg.rf.8283fc504b440770706462179c2daca9.jpg,,14,15,1
d3,B5_concave_ellipse,WIN_20240130_16_58_10_Pro_jpg.rf.83b2b96fc5c37c5e051aafa9a6698b0e.jpg,,12,13,1
d3,B5_concave_ellipse,WIN_20240129_17_01_42_Pro_jpg.rf.7c55929ec48ba852b9474d1b760b8546.jpg,,15,20,5
d3,B5_concave_ellipse,WIN_20240127_13_59_46_Pro_jpg.rf.7c324a48a7c23af504b4e4b68515470b.jpg,,16,20,4
d3,B5_concave_ellipse,WIN_20240126_13_55_58_Pro_jpg.rf.7e2da0db4aad3f3e6d8cf8c4bad7251d.jpg,,12,21,9
d3,B5_concave_ellipse,WIN_20240126_11_28_09_Pro_jpg.rf.84a0724a1a2fab5f7dd80af0bcb30f49.jpg,,11,15,4
d3,B5_concave_ellipse,WIN_20240129_17_47_45_Pro_jpg.rf.7f0ec642b6b859d9e2aa952d411c136a.jpg,,15,21,6
d3,B5_concave_ellipse,WIN_20240127_13_43_57_Pro_jpg.rf.7f0f8a10231dec2c4a87a597e267b03b.jpg,,12,20,8
d3,B5_concave_ellipse,WIN_20240129_16_58_25_Pro_jpg.rf.7ce4e0013add42ee1befb9a9d04cab3f.jpg,,13,13,0
d3,B5_concave_ellipse,WIN_20240129_10_20_54_Pro_jpg.rf.84d880d9c0e5b608f68e43d0e4c01c5b.jpg,,13,18,5
d3,B5_concave_ellipse,WIN_20240202_13_10_51_Pro_jpg.rf.8552b709865648e0d2707f04c40a16bd.jpg,,14,16,2
d3,B5_concave_ellipse,WIN_20240202_13_39_53_Pro_jpg.rf.88191dfb280c238481a423d1be62dc9a.jpg,,19,20,1
d3,B5_concave_ellipse,WIN_20240129_16_47_59_Pro_jpg.rf.85a5e39b4421512ed2d80f2704cf4dfa.jpg,,15,19,4
d3,B5_concave_ellipse,WIN_20240126_14_17_43_Pro_jpg.rf.8967172f1b064fcc9399a3f546920dc2.jpg,,13,20,7
d3,B5_concave_ellipse,WIN_20240130_16_16_50_Pro_jpg.rf.889f595ed769b0a344cd1d07340ac4c5.jpg,,13,23,10
d3,B5_concave_ellipse,WIN_20240129_16_46_18_Pro_jpg.rf.8597544e98d3575144abaa60e968b790.jpg,,15,19,4
d3,B5_concave_ellipse,WIN_20240126_11_16_25_Pro_jpg.rf.86c48a92f863237fa98c015e93960cf5.jpg,,11,17,6
d3,B5_concave_ellipse,WIN_20240126_11_27_31_Pro_jpg.rf.8b5eb28e7cd63da56b3a9befcf6852b0.jpg,,13,15,2
d3,B5_concave_ellipse,WIN_20240129_17_49_12_Pro_jpg.rf.89ff58d4cc1d7c1a2d30c20b34b4d17a.jpg,,18,22,4
d3,B5_concave_ellipse,WIN_20240129_16_42_57_Pro_jpg.rf.879444b9bb20302d551711a97aeb640c.jpg,,15,31,16
d3,B5_concave_ellipse,WIN_20240202_12_18_39_Pro_jpg.rf.8caa0610e3682f33d55cf434b9a19796.jpg,,17,22,5
d3,B5_concave_ellipse,WIN_20240129_11_21_08_Pro_jpg.rf.8c1b9d86b1e16604d809442e66cd47f3.jpg,,15,28,13
d3,B5_concave_ellipse,WIN_20240127_13_58_25_Pro_jpg.rf.8f86838e002a11ec51bd8e69222acdc9.jpg,,14,25,11
d3,B5_concave_ellipse,WIN_20240129_11_12_54_Pro_jpg.rf.8e84120daa6e1842e71a340bff254cd8.jpg,,17,19,2
d3,B5_concave_ellipse,WIN_20240202_13_12_37_Pro_jpg.rf.8ff83acf9f75125234a0f60756ff0bc0.jpg,,13,18,5
d3,B5_concave_ellipse,WIN_20240129_18_16_21_Pro_jpg.rf.8df51bbb632941b24cc917221e53fe3a.jpg,,17,22,5
d3,B5_concave_ellipse,WIN_20240129_11_17_15_Pro_jpg.rf.906dac8ffb96dc0ef4108cff45389360.jpg,,15,21,6
d3,B5_concave_ellipse,WIN_20240130_15_48_39_Pro_jpg.rf.90153f9ee9d570368a71a58a6be1fcce.jpg,,16,22,6
d3,B5_concave_ellipse,WIN_20240202_13_42_14_Pro_jpg.rf.8d96e8faac5a69e37d5c4d629c6aad2b.jpg,,14,25,11
d3,B5_concave_ellipse,WIN_20240126_12_14_37_Pro_jpg.rf.8e3c0786ac8fc1621f2c6ceba00205e5.jpg,,17,21,4
d3,B5_concave_ellipse,WIN_20240126_11_13_58_Pro_jpg.rf.8c256cf9cf05e964fbef3144e0771b05.jpg,,10,23,13
d3,B5_concave_ellipse,WIN_20240126_14_53_37_Pro_jpg.rf.925d096c1d52e48badbb7bcfaf0efc6a.jpg,,10,10,0
d3,B5_concave_ellipse,WIN_20240202_12_11_42_Pro_jpg.rf.91e9b50438d5b44e7f9a511dedc2265b.jpg,,14,16,2
d3,B5_concave_ellipse,WIN_20240202_11_52_45_Pro_jpg.rf.94b2a11fef5edea0c7eca6376a5f2320.jpg,,14,17,3
d3,B5_concave_ellipse,WIN_20240129_11_02_40_Pro_jpg.rf.945405099d1075d5ad07194e63a41226.jpg,,16,17,1
d3,B5_concave_ellipse,WIN_20240129_11_34_07_Pro_jpg.rf.9314a5ff2d7c8da364ffd04fad4270dd.jpg,,14,21,7
d3,B5_concave_ellipse,WIN_20240129_16_46_59_Pro_jpg.rf.95d5fd8bb1cd94b6e8e759df8e0c5c6f.jpg,,16,31,15
d3,B5_concave_ellipse,WIN_20240202_13_04_14_Pro_jpg.rf.958b2b67defb8a839cfaf1b85abca176.jpg,,12,14,2
d3,B5_concave_ellipse,WIN_20240130_16_19_13_Pro_jpg.rf.9509b479d37b1342167890edc986f562.jpg,,16,22,6
d3,B5_concave_ellipse,WIN_20240202_13_45_31_Pro_jpg.rf.95a90d7f96a4fb4eaf24ac5b131fd450.jpg,,16,21,5
d3,B5_concave_ellipse,WIN_20240126_11_49_48_Pro_jpg.rf.96f75124cbd7b05d90759f1ec9f7e60d.jpg,,13,18,5
d3,B5_concave_ellipse,WIN_20240202_13_15_41_Pro_jpg.rf.95936b9b306a1a2730decb1440d81881.jpg,,19,21,2
d3,B5_concave_ellipse,WIN_20240129_10_57_23_Pro_jpg.rf.9690bde24b36ecc771f794939418f407.jpg,,18,29,11
d3,B5_concave_ellipse,WIN_20240201_15_10_08_Pro_jpg.rf.954ee9faae9a7cb53750b1bf34096f73.jpg,,15,23,8
d3,B5_concave_ellipse,WIN_20240129_18_09_38_Pro_jpg.rf.95e883b4e9b091fc757dbc0752965133.jpg,,14,17,3
d3,B5_concave_ellipse,WIN_20240129_18_34_06_Pro_jpg.rf.994216dfa3f1be74fea80165746f75d8.jpg,,18,32,14
d3,B5_concave_ellipse,WIN_20240202_12_49_52_Pro_jpg.rf.9c4c5a6249fa1c5e684985b086164401.jpg,,13,15,2
d3,B5_concave_ellipse,WIN_20240201_15_08_44_Pro_jpg.rf.9a9b13f998e4e65e63428a3776171592.jpg,,12,17,5
d3,B5_concave_ellipse,WIN_20240127_13_54_57_Pro_jpg.rf.984207e9047767b064babf8ca3f319ad.jpg,,15,19,4
d3,B5_concave_ellipse,WIN_20240131_10_55_47_Pro_jpg.rf.9d28fa84b9e7667e52a8aed10b9da49d.jpg,,14,17,3
d3,B5_concave_ellipse,WIN_20240126_12_12_57_Pro_jpg.rf.9cb05b39df8e8ff5e3c07a344f698d94.jpg,,16,26,10
d3,B5_concave_ellipse,WIN_20240202_12_32_24_Pro_jpg.rf.9bc13fddc6a5ecbda6cac73d9d826e85.jpg,,14,17,3
d3,B5_concave_ellipse,WIN_20240131_11_08_18_Pro_jpg.rf.9c946548a3fa4eb6b483417faceb9170.jpg,,13,21,8
d3,B5_concave_ellipse,WIN_20240129_18_04_33_Pro_jpg.rf.9883eca333459f1a8017582757e2e645.jpg,,14,22,8
d3,B5_concave_ellipse,WIN_20240127_13_44_34_Pro_jpg.rf.9ca915916cd745c2491cdc3ec348e037.jpg,,11,16,5
d3,B5_concave_ellipse,WIN_20240131_11_25_16_Pro_jpg.rf.9c4c390173186e8b302c4f894529a63a.jpg,,13,13,0
d3,B5_concave_ellipse,WIN_20240126_11_24_00_Pro_jpg.rf.9e8e00d36a36128c44010c85db8072b5.jpg,,10,18,8
d3,B5_concave_ellipse,WIN_20240127_13_52_39_Pro_jpg.rf.9b033ec7900fab8e08e8e7d3a82d62da.jpg,,16,22,6
d3,B5_concave_ellipse,WIN_20240126_13_35_30_Pro_jpg.rf.9eb3312a9468ec060d673ce1dd0cf970.jpg,,15,17,2
d3,B5_concave_ellipse,WIN_20240131_11_30_58_Pro_jpg.rf.a01776502d1fe3d889485f92b3f7469f.jpg,,10,17,7
d3,B5_concave_ellipse,WIN_20240131_11_24_33_Pro_jpg.rf.99847bcd2e2066b4f296c57075e10f15.jpg,,13,17,4
d3,B5_concave_ellipse,WIN_20240129_11_08_08_Pro_jpg.rf.9f29f02a478400855467e21b806b7767.jpg,,15,19,4
d3,B5_concave_ellipse,WIN_20240126_14_40_50_Pro_jpg.rf.9ee2e0a3516e35d31a52bc04d16f38b1.jpg,,14,23,9
d3,B5_concave_ellipse,WIN_20240131_11_06_19_Pro_jpg.rf.a132e55755064b8e77867870c1a6dfc6.jpg,,15,23,8
d3,B5_concave_ellipse,WIN_20240126_11_51_54_Pro_jpg.rf.a08f2f75e70a5516d1b77ee695a8138a.jpg,,13,19,6
d3,B5_concave_ellipse,WIN_20240129_16_55_57_Pro_jpg.rf.9f619ded33c906a2778175f36facf9ee.jpg,,15,21,6
d3,B5_concave_ellipse,WIN_20240127_13_48_39_Pro_jpg.rf.a343f4b84ed4f516b5957600528622b4.jpg,,14,24,10
d3,B5_concave_ellipse,WIN_20240201_15_06_05_Pro_jpg.rf.ac06829cc10cb77d434d545b70460300.jpg,,14,20,6
d3,B5_concave_ellipse,WIN_20240126_11_28_47_Pro_jpg.rf.a686dc0c9d69a6d7677a0abba3f7f2c0.jpg,,12,16,4
d3,B5_concave_ellipse,WIN_20240130_16_34_31_Pro_jpg.rf.a619882e5e6aa97fdd38ebb0c0c2e65d.jpg,,15,28,13
d3,B5_concave_ellipse,WIN_20240129_17_45_14_Pro_jpg.rf.adc69c8d5056760ed2c3274799d3c78d.jpg,,15,22,7
d3,B5_concave_ellipse,WIN_20240201_14_59_34_Pro_jpg.rf.a50eaeaaa6be490646f1a65102e84ec7.jpg,,13,19,6
d3,B5_concave_ellipse,WIN_20240201_15_14_14_Pro_jpg.rf.b0430ed09059edbe7135f78abac76b16.jpg,,16,21,5
d3,B5_concave_ellipse,WIN_20240129_11_25_32_Pro_jpg.rf.aee97d02c862f3c8d62a66b789675570.jpg,,18,24,6
d3,B5_concave_ellipse,WIN_20240202_12_27_54_Pro_jpg.rf.adc2fd262b6187a631356e2d46756782.jpg,,15,19,4
d3,B5_concave_ellipse,WIN_20240126_11_25_25_Pro_jpg.rf.b13f822f92165f7087780918261fa5d9.jpg,,14,20,6
d3,B5_concave_ellipse,WIN_20240126_11_39_09_Pro_jpg.rf.ad09ad4ecc0a14e6b95b20adedeeba62.jpg,,14,19,5
d3,B5_concave_ellipse,WIN_20240126_11_54_47_Pro_jpg.rf.b280db51fbe83ffdf047a3f3d6020438.jpg,,15,22,7
d3,B5_concave_ellipse,WIN_20240130_16_59_02_Pro_jpg.rf.b1257bdce0064ee4aa2cba1b464d6d25.jpg,,14,18,4
d3,B5_concave_ellipse,WIN_20240202_11_54_46_Pro_jpg.rf.af7544ccdeb305d5f2b0a02d37090077.jpg,,12,17,5
d3,B5_concave_ellipse,WIN_20240131_11_13_44_Pro_jpg.rf.a86d0e54ddd2fb36f931332cacd5f61f.jpg,,14,22,8
d3,B5_concave_ellipse,WIN_20240130_15_39_41_Pro_jpg.rf.adcf4cf2a1c4b47fcf098796ee755db5.jpg,,16,32,16
d3,B5_concave_ellipse,WIN_20240129_11_33_21_Pro_jpg.rf.b40ac631559479eb41e93cde8e29e515.jpg,,18,29,11
d3,B5_concave_ellipse,WIN_20240129_11_05_09_Pro_jpg.rf.b3c2ba94f657cbbc48a672d153bf94c5.jpg,,12,26,14
d3,B5_concave_ellipse,WIN_20240202_12_35_07_Pro_jpg.rf.b52fda488316871e0c490860023209e7.jpg,,18,21,3
d3,B5_concave_ellipse,WIN_20240126_14_14_22_Pro_jpg.rf.b55af3a664ae7729cfb215a343cf268d.jpg,,13,28,15
d3,B5_concave_ellipse,WIN_20240130_16_51_33_Pro_jpg.rf.b41735e0dfc0c910fec3467288a56517.jpg,,12,20,8
d3,B5_concave_ellipse,WIN_20240129_10_55_53_Pro_jpg.rf.b5bf156480bb45a28e125485adeb7e2f.jpg,,15,22,7
d3,B5_concave_ellipse,WIN_20240126_12_07_36_Pro_jpg.rf.b711ac3dc0bcf4462dc2831292af46d8.jpg,,19,23,4
d3,B5_concave_ellipse,WIN_20240129_17_41_35_Pro_jpg.rf.b58ad89f076ed975a662226b8af1bc3f.jpg,,17,23,6
d3,B5_concave_ellipse,WIN_20240129_18_30_46_Pro_jpg.rf.ba293696b94aafe7457a86d436ae7c99.jpg,,15,19,4
d3,B5_concave_ellipse,WIN_20240130_15_42_58_Pro_jpg.rf.b866c0ebd3103a0b10ef6b21b20cc0cb.jpg,,20,25,5
d3,B5_concave_ellipse,WIN_20240129_10_33_13_Pro_jpg.rf.bcec5682f885a5f714c8b94d009fdb0c.jpg,,17,21,4
d3,B5_concave_ellipse,WIN_20240130_16_44_35_Pro_jpg.rf.ba10f8f5305a0c8dbf849c1f6e72ce23.jpg,,13,25,12
d3,B5_concave_ellipse,WIN_20240126_11_26_47_Pro_jpg.rf.b9f103dd1d82abd6975193dc7a580465.jpg,,11,16,5
d3,B5_concave_ellipse,WIN_20240131_11_26_20_Pro_jpg.rf.bdd8108a0275c033a00443e8c793f589.jpg,,10,18,8
d3,B5_concave_ellipse,WIN_20240129_18_18_21_Pro_jpg.rf.bf1578dc4eee15eef246819f09703b0c.jpg,,14,28,14
d3,B5_concave_ellipse,WIN_20240129_18_14_31_Pro_jpg.rf.c481c5acbb17998f3f1cdb893bcd07c8.jpg,,14,21,7
d3,B5_concave_ellipse,WIN_20240126_11_44_57_Pro_jpg.rf.c4357c3253067e711eac2fcfa6a648e2.jpg,,18,27,9
d3,B5_concave_ellipse,WIN_20240127_13_47_52_Pro_jpg.rf.c3b6f42e06aab90a8d075f33aa768f36.jpg,,15,18,3
d3,B5_concave_ellipse,WIN_20240202_13_05_46_Pro_jpg.rf.c479c28c25dafb7ee87682bc0ba6f920.jpg,,19,22,3
d3,B5_concave_ellipse,WIN_20240129_11_14_02_Pro_jpg.rf.c3be38b488659b6a20f9edca153bf90c.jpg,,17,23,6
d3,B5_concave_ellipse,WIN_20240127_13_47_18_Pro_jpg.rf.0166d2906ccb16ad5d7fc3b284356c7c.jpg,,16,30,14
d3,B5_concave_ellipse,WIN_20240129_16_39_37_Pro_jpg.rf.024bdcc59b7db36faa417ea5dc633d15.jpg,,16,31,15
d3,B5_concave_ellipse,WIN_20240131_11_07_30_Pro_jpg.rf.025f8282a6d83da9d53f8894e9e73487.jpg,,16,21,5
d3,B5_concave_ellipse,WIN_20240131_11_05_16_Pro_jpg.rf.07255478f49dee03ee64d95f5919adde.jpg,,14,27,13
d3,B5_concave_ellipse,WIN_20240126_13_48_39_Pro_jpg.rf.062472630073d9588914ea9036336329.jpg,,13,22,9
d3,B5_concave_ellipse,WIN_20240126_13_58_29_Pro_jpg.rf.048df91235402b0af4e205342e854a91.jpg,,14,20,6
d3,B5_concave_ellipse,WIN_20240126_14_07_15_Pro_jpg.rf.073b896d9ffd9a8b30833a88b99d3da7.jpg,,15,14,-1
d3,B5_concave_ellipse,WIN_20240127_14_02_25_Pro_jpg.rf.0aa0fc001d2621332c37bcf49918707d.jpg,,15,19,4
d3,B5_concave_ellipse,WIN_20240130_16_18_05_Pro_jpg.rf.0c750fdc610fb82b7424e855c423876f.jpg,,16,23,7
d3,B5_concave_ellipse,WIN_20240202_13_05_03_Pro_jpg.rf.022cb5ba9179e9ee9d11a28c82b2752d.jpg,,16,17,1
d3,B5_concave_ellipse,WIN_20240127_14_00_14_Pro_jpg.rf.09284d87c385bd0b847149115889feb6.jpg,,16,20,4
d3,B5_concave_ellipse,WIN_20240126_11_35_19_Pro_jpg.rf.0cd7bc4ff952963a03acd142af2d145c.jpg,,15,17,2
d3,B5_concave_ellipse,WIN_20240131_11_18_07_Pro_jpg.rf.0d4a4be25388dcf318307b75aa11f4c7.jpg,,12,13,1
d3,B5_concave_ellipse,WIN_20240201_14_57_25_Pro_jpg.rf.0fcc73150d17a6f28cdda474d35a281c.jpg,,15,28,13
d3,B5_concave_ellipse,WIN_20240202_12_55_40_Pro_jpg.rf.0910c9975fdfca45bf46c0152a1e1c6a.jpg,,15,17,2
d3,B5_concave_ellipse,WIN_20240129_16_59_18_Pro_jpg.rf.0f6100fd0ebb8290573f318a51223c3c.jpg,,15,20,5
d3,B5_concave_ellipse,WIN_20240129_18_04_09_Pro_jpg.rf.12d1ee6717ee20059022f5500cfca144.jpg,,15,16,1
d3,B5_concave_ellipse,WIN_20240129_18_24_42_Pro_jpg.rf.13761ac676a3ec2c8fe50289a343a3d8.jpg,,18,23,5
d3,B5_concave_ellipse,WIN_20240129_10_29_39_Pro_jpg.rf.138cad6a6c2f56ade452a307871164ca.jpg,,16,21,5
d3,B5_concave_ellipse,WIN_20240127_13_58_51_Pro_jpg.rf.1496f2ecd05ad09409329c1755d92137.jpg,,13,21,8
d3,B5_concave_ellipse,WIN_20240126_14_29_22_Pro_jpg.rf.15bd920253c4e0dc55c05c177c8bb765.jpg,,10,26,16
d3,B5_concave_ellipse,WIN_20240201_15_13_31_Pro_jpg.rf.13fe0d64a439126647f66269e0f4bf5f.jpg,,13,19,6
d3,B5_concave_ellipse,WIN_20240130_16_03_04_Pro_jpg.rf.166cc648fe88ecc932a75b58797987d7.jpg,,14,19,5
d3,B5_concave_ellipse,WIN_20240130_16_47_55_Pro_jpg.rf.18242db3be47e1d985672c2b4839960d.jpg,,13,17,4
d3,B5_concave_ellipse,WIN_20240202_13_50_52_Pro_jpg.rf.1ae877b88d88a4290535701521717e18.jpg,,14,27,13
d3,B5_concave_ellipse,WIN_20240202_12_53_53_Pro_jpg.rf.1982b411ed54fc48b798797bccabca57.jpg,,15,18,3
d3,B5_concave_ellipse,WIN_20240202_13_42_39_Pro_jpg.rf.1b868f8d6481b83283835aa582de7c21.jpg,,14,21,7
d3,B5_concave_ellipse,WIN_20240126_14_56_48_Pro_jpg.rf.1c7b79bba2bb70af8158be8d3c931e1e.jpg,,14,24,10
d3,B5_concave_ellipse,WIN_20240126_11_40_34_Pro_jpg.rf.1e597acd19d0a739d422cbbc2c9039e4.jpg,,18,23,5
d3,B5_concave_ellipse,WIN_20240130_16_15_06_Pro_jpg.rf.1fad99db759158746e45a9390b6785de.jpg,,15,20,5
d3,B5_concave_ellipse,WIN_20240130_16_21_00_Pro_jpg.rf.1d95787598a0eaad234d0e3b014f4e9d.jpg,,12,22,10
d3,B5_concave_ellipse,WIN_20240201_15_11_58_Pro_jpg.rf.222c772c6e2a3af147c7a1005b806569.jpg,,16,19,3
d3,B5_concave_ellipse,WIN_20240202_12_16_26_Pro_jpg.rf.262da52f2fb62fc5bf3db4ef6f2719cc.jpg,,11,17,6
d3,B5_concave_ellipse,WIN_20240131_10_57_37_Pro_jpg.rf.29abdb36a9d864f553db410261c3a118.jpg,,15,26,11
d3,B5_concave_ellipse,WIN_20240202_12_23_25_Pro_jpg.rf.27d056c1c1151b2a87ed591fb862f961.jpg,,19,23,4
d3,B5_concave_ellipse,WIN_20240131_10_52_04_Pro_jpg.rf.2dd8343dd1b7a4d3e151ff60f5fb6386.jpg,,18,34,16
d3,B5_concave_ellipse,WIN_20240126_14_46_54_Pro_jpg.rf.302ea8aa444394ac13f215d92073b0b3.jpg,,15,17,2
d3,B5_concave_ellipse,WIN_20240130_15_38_46_Pro_jpg.rf.31348f1e3f1a74db37d728b3dc37b4a3.jpg,,17,22,5
d3,B5_concave_ellipse,WIN_20240129_11_36_15_Pro_jpg.rf.6652914b878156808d1c007d0dee4b58.jpg,,14,33,19
d3,B5_concave_ellipse,WIN_20240126_13_57_13_Pro_jpg.rf.64f051a923d884874bc1275176aad6ca.jpg,,12,16,4
d3,B5_concave_ellipse,WIN_20240127_13_53_15_Pro_jpg.rf.674033cbea5349794f78ca3780ccbeb8.jpg,,15,20,5
d3,B5_concave_ellipse,WIN_20240129_16_41_29_Pro_jpg.rf.52d3a55af2dcf65b7d72cd98f9cdcd94.jpg,,19,34,15
d3,B5_concave_ellipse,WIN_20240202_14_04_27_Pro_jpg.rf.657f80013b79fcc57f3f714c3ca2ee47.jpg,,15,16,1
d3,B5_concave_ellipse,WIN_20240202_13_50_17_Pro_jpg.rf.6564843d289cfd2c42be7e04b91d8591.jpg,,14,20,6
d3,B5_concave_ellipse,WIN_20240130_15_46_55_Pro_jpg.rf.4dd456dc47044e780690e16111e73324.jpg,,13,16,3
d3,B5_concave_ellipse,WIN_20240126_11_57_52_Pro_jpg.rf.5938f3be25ab86221e3895fd241f764e.jpg,,18,20,2
d3,B5_concave_ellipse,WIN_20240202_12_15_44_Pro_jpg.rf.68d0b1cc0606a149d7868517cc27d11d.jpg,,13,15,2
d3,B5_concave_ellipse,WIN_20240129_11_38_18_Pro_jpg.rf.648a9d0f6fd4259b173c68cd14fc0e28.jpg,,18,26,8
d3,B5_concave_ellipse,WIN_20240127_13_50_55_Pro_jpg.rf.586fabd7363a128d25bddbbc9256111e.jpg,,13,23,10
d3,B5_concave_ellipse,WIN_20240126_14_15_49_Pro_jpg.rf.4e3a2737db82be949cae4ba39e05b53e.jpg,,10,18,8
d3,B5_concave_ellipse,WIN_20240129_10_30_10_Pro_jpg.rf.52ec3f9ca1ca182f6f37be9e7e765849.jpg,,14,17,3
d3,B5_concave_ellipse,WIN_20240202_12_01_12_Pro_jpg.rf.63bac7da1e7ab82786761b43f59e5e93.jpg,,12,23,11
d3,B5_concave_ellipse,WIN_20240129_11_12_07_Pro_jpg.rf.556e4098d17598942436d8c5235739a7.jpg,,15,22,7
d3,B5_concave_ellipse,WIN_20240202_12_31_40_Pro_jpg.rf.5b90153eae11ff405b06f970420b89b2.jpg,,15,25,10
d3,B5_concave_ellipse,WIN_20240129_11_22_16_Pro_jpg.rf.4cd540647dd8d28ee6c9013e75229bc2.jpg,,17,25,8
d3,B5_concave_ellipse,WIN_20240126_11_50_40_Pro_jpg.rf.6955042005db49274dd07b952ea0d5ec.jpg,,14,21,7
d3,B5_concave_ellipse,WIN_20240131_11_18_51_Pro_jpg.rf.5e71c827a2ccf42b94f767e565cdbc93.jpg,,13,6,-7
d3,B5_concave_ellipse,WIN_20240202_12_28_59_Pro_jpg.rf.59b1faaa26a1eb364fd70a0039255cd4.jpg,,13,16,3
d3,B5_concave_ellipse,WIN_20240129_11_35_49_Pro_jpg.rf.629607a55cf71787daa5ec6b69c06591.jpg,,16,21,5
d3,B5_concave_ellipse,WIN_20240129_16_42_04_Pro_jpg.rf.4a1a028d81e712ef8dcbd4351bf6ffc3.jpg,,17,34,17
d3,B5_concave_ellipse,WIN_20240130_16_46_26_Pro_jpg.rf.69fda41222843661ece1d1fcd07f13be.jpg,,12,16,4
d3,B5_concave_ellipse,WIN_20240129_18_15_10_Pro_jpg.rf.60695e9406022a7f5daba2838cce309e.jpg,,16,25,9
d3,B5_concave_ellipse,WIN_20240129_16_44_22_Pro_jpg.rf.6bd8fa180a3e3665a18ea662076cb705.jpg,,13,18,5
d3,B5_concave_ellipse,WIN_20240202_13_16_47_Pro_jpg.rf.5669ca5a371d607cfaa609c588004f16.jpg,,19,23,4
d3,B5_concave_ellipse,WIN_20240126_11_19_06_Pro_jpg.rf.7051ecaf49783b2009ce466d281ce8db.jpg,,11,20,9
d3,B5_concave_ellipse,WIN_20240126_14_30_26_Pro_jpg.rf.7df24f0b8a5caddf25e25668763e9c52.jpg,,14,17,3
d3,B5_concave_ellipse,WIN_20240130_15_57_30_Pro_jpg.rf.7d2aba3c1332342cc09ddfc7d1b84bf2.jpg,,13,31,18
d3,B5_concave_ellipse,WIN_20240130_16_57_38_Pro_jpg.rf.8ab2e7d9feb46b2313a172d08ca08258.jpg,,13,26,13
d3,B5_concave_ellipse,WIN_20240129_10_27_35_Pro_jpg.rf.70418229f3e82a9cc659b0b9f4ef03be.jpg,,15,25,10
d3,B5_concave_ellipse,WIN_20240129_11_00_46_Pro_jpg.rf.7cb734c60ddb162ff72aed840d6abecc.jpg,,13,18,5
d3,B5_concave_ellipse,WIN_20240202_12_24_42_Pro_jpg.rf.825782a0a68c2c3adf227dec6f044162.jpg,,17,18,1
d3,B5_concave_ellipse,WIN_20240126_14_18_58_Pro_jpg.rf.6d72c2b0e2f37d9dacddb0c5fa2fd8ab.jpg,,19,21,2
d3,B5_concave_ellipse,WIN_20240129_11_24_28_Pro_jpg.rf.82bb8cf9d8ffba6aea16f6a24f8c8785.jpg,,13,20,7
d3,B5_concave_ellipse,WIN_20240129_10_28_21_Pro_jpg.rf.9276bb4254d78b78889863f100303c2f.jpg,,12,14,2
d3,B5_concave_ellipse,WIN_20240130_15_51_30_Pro_jpg.rf.75d5d708775e5ac9e43a689f44c4732a.jpg,,16,27,11
d3,B5_concave_ellipse,WIN_20240129_16_51_53_Pro_jpg.rf.8f4c7100dba2731be949f0ad7bce55c6.jpg,,14,22,8
d3,B5_concave_ellipse,WIN_20240126_11_34_26_Pro_jpg.rf.8edd67157e33c2e05c26f1fde1507204.jpg,,12,17,5
d3,B5_concave_ellipse,WIN_20240202_12_24_04_Pro_jpg.rf.92b0b5e054ab46a11a26ab7e3aff42e9.jpg,,12,14,2
d3,B5_concave_ellipse,WIN_20240130_16_35_53_Pro_jpg.rf.7184864308cc744301402452962152a2.jpg,,13,16,3
d3,B5_concave_ellipse,WIN_20240130_15_37_52_Pro_jpg.rf.ac676a48d4d229dbe8ce3897bf047cea.jpg,,16,22,6
d3,B5_concave_ellipse,WIN_20240130_16_47_24_Pro_jpg.rf.79480f9c8714fa0b78957327add4e1b6.jpg,,12,22,10
d3,B5_concave_ellipse,WIN_20240126_11_31_09_Pro_jpg.rf.9387fbbc5d198fd74f4d80f5cb260fb5.jpg,,13,26,13
d3,B5_concave_ellipse,WIN_20240202_13_09_09_Pro_jpg.rf.8f769b130440193fd9c15cc9e11a7df7.jpg,,19,29,10
d3,B5_concave_ellipse,WIN_20240130_15_41_21_Pro_jpg.rf.8a0b3beea14df5c65a2a3bf7a90263ef.jpg,,16,22,6
d3,B5_concave_ellipse,WIN_20240202_13_44_43_Pro_jpg.rf.92577bdc6c5f750f78958f0a52d82f4a.jpg,,16,13,-3
d3,B5_concave_ellipse,WIN_20240201_14_58_10_Pro_jpg.rf.a38f40ade7bdc28647f616471d2fe088.jpg,,14,22,8
d3,B5_concave_ellipse,WIN_20240130_16_49_35_Pro_jpg.rf.97c9614c8c47f48b2769f8a654358b5a.jpg,,16,30,14
d3,B5_concave_ellipse,WIN_20240130_16_26_00_Pro_jpg.rf.b7e4a05eb67e0b8868e573506d7c9f93.jpg,,13,16,3
d3,B5_concave_ellipse,WIN_20240129_11_28_32_Pro_jpg.rf.aa69618e2042371ab49ada49ec04ed6d.jpg,,13,15,2
d3,B5_concave_ellipse,WIN_20240126_14_49_47_Pro_jpg.rf.bbdd1f964d0c48c65ec095b1bdbfcfe6.jpg,,15,22,7
d3,B5_concave_ellipse,WIN_20240126_12_06_14_Pro_jpg.rf.bd8d8057c93371c46a7f1918f1487abc.jpg,,15,27,12
d3,B5_concave_ellipse,WIN_20240202_13_55_43_Pro_jpg.rf.b3f16eb1a220c5d9a107a11e94d12bc5.jpg,,17,17,0
d3,B5_concave_ellipse,WIN_20240129_10_15_42_Pro_jpg.rf.710f15998824888f1bc3ce4610f44fda.jpg,,13,17,4
d3,B5_concave_ellipse,WIN_20240126_14_01_56_Pro_jpg.rf.babb371f86c1c16eb2ff1cf2a3f3ec41.jpg,,12,14,2
d3,B5_concave_ellipse,WIN_20240126_12_20_10_Pro_jpg.rf.c2b64b0dc88b54d038c99f38c234b2f2.jpg,,12,14,2
d3,B5_concave_ellipse,WIN_20240131_11_34_06_Pro_jpg.rf.b92073310405282e6ce923b5ea6e1d40.jpg,,12,21,9
d3,B5_concave_ellipse,WIN_20240126_14_03_48_Pro_jpg.rf.a4e13e7c309a6ea77dd289c4208dc009.jpg,,14,16,2
d3,B5_concave_ellipse,WIN_20240129_10_17_39_Pro_jpg.rf.bf8719731599c0aae838c4e516a99036.jpg,,13,15,2
d3,B5_concave_ellipse,WIN_20240131_11_28_07_Pro_jpg.rf.ba4a5e8318e29d756495149de07939e4.jpg,,12,13,1
d3,B5_concave_ellipse,WIN_20240130_15_55_03_Pro_jpg.rf.adb3cad67104e306852f55a4c9d33eb4.jpg,,15,18,3
d3,B5_concave_ellipse,WIN_20240201_15_08_04_Pro_jpg.rf.d0089e09fa3172cc45661b3f0b575232.jpg,,14,17,3
d3,B5_concave_ellipse,WIN_20240202_12_25_34_Pro_jpg.rf.cd6fc0c2749e251669cf536c66292c39.jpg,,17,21,4
d3,B5_concave_ellipse,WIN_20240202_12_53_19_Pro_jpg.rf.ad92cc4729b8fa4b240779ff997484f4.jpg,,15,19,4
d3,B5_concave_ellipse,WIN_20240126_14_31_02_Pro_jpg.rf.b025ad6ce039dcfbff98c3eb2e111a14.jpg,,13,17,4
d3,B5_concave_ellipse,WIN_20240129_17_42_27_Pro_jpg.rf.d5ce288f97eae9650bd36e50398ebc0c.jpg,,16,20,4
d3,B5_concave_ellipse,WIN_20240126_14_44_52_Pro_jpg.rf.d76cc826207ddff8845148014e61ff24.jpg,,13,16,3
d3,B5_concave_ellipse,WIN_20240201_15_00_13_Pro_jpg.rf.d877795265c18cd6deb7f27553417094.jpg,,13,26,13
d3,B5_concave_ellipse,WIN_20240131_11_20_17_Pro_jpg.rf.cf7ea439cacb2037a477037b5cd8c3d2.jpg,,14,20,6
d3,B5_concave_ellipse,WIN_20240126_14_05_36_Pro_jpg.rf.d21847ff7f5dec31de78bf68ae4be558.jpg,,13,19,6
d3,B5_concave_ellipse,WIN_20240129_11_40_27_Pro_jpg.rf.d5c65537e7e9f65b7b0774dcc9ac516c.jpg,,14,23,9
d3,B5_concave_ellipse,WIN_20240202_12_48_43_Pro_jpg.rf.d07487447369b6926f08229400313ce9.jpg,,15,19,4
d3,B5_concave_ellipse,WIN_20240130_16_01_17_Pro_jpg.rf.e0d5a1d90273f7120c78238465377820.jpg,,15,23,8
d3,B5_concave_ellipse,WIN_20240126_12_08_16_Pro_jpg.rf.d644c237c7074e701d05efcfc2254a6e.jpg,,14,38,24
d3,B5_concave_ellipse,WIN_20240130_16_48_41_Pro_jpg.rf.b1302e67eec4878fb02238a5a9ad3af5.jpg,,13,20,7
d3,B5_concave_ellipse,WIN_20240202_14_00_35_Pro_jpg.rf.dc77aa181fe7d805b4e5c7f6991c9193.jpg,,17,30,13
d3,B5_concave_ellipse,WIN_20240202_11_57_43_Pro_jpg.rf.d54146c706da3428596886549f200b78.jpg,,15,23,8
d3,B5_concave_ellipse,WIN_20240129_11_38_42_Pro_jpg.rf.d2c76d004bc1cccf7abbdcb046af2f16.jpg,,17,23,6
d3,B5_concave_ellipse,WIN_20240130_15_50_25_Pro_jpg.rf.e3bfe6138edd72f07867d467da2b48b5.jpg,,16,20,4
d3,B5_concave_ellipse,WIN_20240129_18_22_59_Pro_jpg.rf.e237cd2577fc99badbf5fb1783da3f72.jpg,,17,17,0
d3,B5_concave_ellipse,WIN_20240129_18_26_55_Pro_jpg.rf.e537ad438b15d85f7c399ff71e739725.jpg,,16,22,6
d3,B5_concave_ellipse,WIN_20240129_10_53_51_Pro_jpg.rf.d64651ac02dbf9d9724a214aed685291.jpg,,18,30,12
d3,B5_concave_ellipse,WIN_20240127_13_53_50_Pro_jpg.rf.e8915eb48efab7e97f9e67fa6db3643f.jpg,,15,20,5
d3,B5_concave_ellipse,WIN_20240202_12_58_07_Pro_jpg.rf.e80341a287310ff07f5d6c09650158e2.jpg,,16,18,2
d3,B5_concave_ellipse,WIN_20240202_12_30_18_Pro_jpg.rf.d6304de1458de5ed4523493e8589012d.jpg,,13,15,2
d3,B5_concave_ellipse,WIN_20240130_16_30_17_Pro_jpg.rf.c03c65d3b5d72245c51d2a478ff54d07.jpg,,17,29,12
d3,B5_concave_ellipse,WIN_20240129_18_06_18_Pro_jpg.rf.f2a2f18fdf6f4d1c6d12b20f90a41da2.jpg,,16,35,19
d3,B5_concave_ellipse,WIN_20240131_11_11_32_Pro_jpg.rf.df7e196598ffb8e9f22a371247135967.jpg,,15,25,10
d3,B5_concave_ellipse,WIN_20240126_14_32_11_Pro_jpg.rf.f5533b85b6123b1fc7c897f9feb6a041.jpg,,14,20,6
d3,B5_concave_ellipse,WIN_20240130_16_13_18_Pro_jpg.rf.e7b0bab9e35bb0c916f353282c639e37.jpg,,13,14,1
d3,B5_concave_ellipse,WIN_20240130_16_40_42_Pro_jpg.rf.e9e23dc2a5760284d7642006951921c2.jpg,,14,28,14
d3,B5_concave_ellipse,WIN_20240202_12_37_59_Pro_jpg.rf.f0d102f9e971d855b065917ff37e9203.jpg,,12,21,9
d3,B5_concave_ellipse,WIN_20240202_14_02_24_Pro_jpg.rf.ed15a1fbd09a1de88230b89087212a7a.jpg,,17,20,3
d3,B5_concave_ellipse,WIN_20240127_13_46_46_Pro_jpg.rf.f319837686d7405db52a90832dee5958.jpg,,14,31,17
d3,B5_concave_ellipse,WIN_20240129_18_02_55_Pro_jpg.rf.ed6608085cf29c714241392abe3aa945.jpg,,14,17,3
d3,B5_concave_ellipse,WIN_20240202_13_51_44_Pro_jpg.rf.f52b67a4ac0d0161e298856ec1555c68.jpg,,14,20,6
d3,B5_concave_ellipse,WIN_20240129_11_14_39_Pro_jpg.rf.f3e567f0470411ccbfa6f0949f048767.jpg,,18,26,8
d3,B5_concave_ellipse,WIN_20240131_10_58_51_Pro_jpg.rf.fe1dae3c9fb58c6d6d20126d8d1e29c2.jpg,,14,24,10
d3,B5_concave_ellipse,WIN_20240129_10_41_19_Pro_jpg.rf.fa01657d0996d2084bb6172016f26865.jpg,,15,19,4
d3,B5_concave_ellipse,WIN_20240130_16_12_07_Pro_jpg.rf.f40cd5579a0de76fdb82b754ed495d6f.jpg,,16,17,1
d3,B5_concave_ellipse,WIN_20240202_12_29_38_Pro_jpg.rf.0324cbbdaf6d48d1b530d34690a0bfe4.jpg,,17,22,5
d3,B5_concave_ellipse,WIN_20240201_14_58_52_Pro_jpg.rf.0e3e1e251bc1ed6cf4497026c828777c.jpg,,14,27,13
d3,B5_concave_ellipse,WIN_20240126_11_46_11_Pro_jpg.rf.102484ce333ae937dd2d0d2478bff2e2.jpg,,15,19,4
d3,B5_concave_ellipse,WIN_20240127_13_56_39_Pro_jpg.rf.08abc0be0c2daefdcac1848f82dea92b.jpg,,17,21,4
d3,B5_concave_ellipse,WIN_20240126_13_52_36_Pro_jpg.rf.05376d46d2f54b62f1e5f177cd02baac.jpg,,12,17,5
d3,B5_concave_ellipse,WIN_20240126_11_58_27_Pro_jpg.rf.133f1c2b29eb84f7726183d62b956af5.jpg,,17,18,1
d3,B5_concave_ellipse,WIN_20240126_14_59_50_Pro_jpg.rf.09520e87f81eb7c6f404541caf824675.jpg,,13,16,3
d3,B5_concave_ellipse,WIN_20240126_14_35_38_Pro_jpg.rf.0f193a9ea19d2540f44b01a717e6a087.jpg,,14,16,2
d3,B5_concave_ellipse,WIN_20240127_13_50_22_Pro_jpg.rf.1216ce1ed456e52195b11bfd6b3fface.jpg,,17,32,15
d3,B5_concave_ellipse,WIN_20240202_12_40_48_Pro_jpg.rf.0868088bc3daa2a903abe891a88aa003.jpg,,14,20,6
d3,B5_concave_ellipse,WIN_20240202_13_19_17_Pro_jpg.rf.144bd9212a3eabfcf589984111cf66ad.jpg,,13,19,6
d3,B5_concave_ellipse,WIN_20240202_13_01_01_Pro_jpg.rf.038149a2a17dd69d291dbb2935633401.jpg,,14,26,12
d3,B5_concave_ellipse,WIN_20240131_11_12_40_Pro_jpg.rf.15e9c782165e0cfc5855038673008ae7.jpg,,12,17,5
d3,B5_concave_ellipse,WIN_20240130_16_33_43_Pro_jpg.rf.1cb580a5729e2293b959a7036095ff41.jpg,,14,18,4
d3,B5_concave_ellipse,WIN_20240131_11_26_07_Pro_jpg.rf.15a428f37cb489178e9fbbdda81f237b.jpg,,11,12,1
d3,B5_concave_ellipse,WIN_20240129_18_26_23_Pro_jpg.rf.22b205d8d574c16f282cc5bb6405b666.jpg,,14,24,10
d3,B5_concave_ellipse,WIN_20240126_11_15_45_Pro_jpg.rf.1c4c330b638b85ceaa54f9c8e7cb1194.jpg,,10,12,2
d3,B5_concave_ellipse,WIN_20240129_10_32_25_Pro_jpg.rf.220e0cf8824f1f61bb550cef446bc45b.jpg,,19,23,4
d3,B5_concave_ellipse,WIN_20240202_12_13_31_Pro_jpg.rf.2608cc6727965dcdc10f8b46b7db745e.jpg,,12,18,6
d3,B5_concave_ellipse,WIN_20240130_16_50_28_Pro_jpg.rf.1f29fde910cce9f3cf8f981d408bedcc.jpg,,12,13,1
d3,B5_concave_ellipse,WIN_20240202_13_03_28_Pro_jpg.rf.2da5b4490a3297cbd44f2f0c5c4908a8.jpg,,15,25,10
d3,B5_concave_ellipse,WIN_20240126_12_11_06_Pro_jpg.rf.241af07aa381ef260ff90633192b76d2.jpg,,16,31,15
d3,B5_concave_ellipse,WIN_20240126_14_41_49_Pro_jpg.rf.2cff52d69849b3e1d9789e5ccc1ef290.jpg,,17,19,2
d3,B5_concave_ellipse,WIN_20240130_16_55_20_Pro_jpg.rf.35d6c938772677ddd6fa0870888afeef.jpg,,14,16,2
d3,B5_concave_ellipse,WIN_20240130_16_37_20_Pro_jpg.rf.2f3a7929a85ee5f66dc5b8970f196d26.jpg,,13,25,12
d3,B5_concave_ellipse,WIN_20240129_11_22_50_Pro_jpg.rf.3979640a42b69a3b043f3fc718dcb200.jpg,,19,20,1
d3,B5_concave_ellipse,WIN_20240131_11_23_53_Pro_jpg.rf.13b3034181640760e52c1382e0198d70.jpg,,14,27,13
d3,B5_concave_ellipse,WIN_20240129_10_38_58_Pro_jpg.rf.3b6b335f3ad4e01b4eb7dc88ae064b02.jpg,,15,17,2
d3,B5_concave_ellipse,WIN_20240131_11_34_42_Pro_jpg.rf.1acfe70c2cd0cbe7ca51d74832b156d9.jpg,,11,12,1
d3,B5_concave_ellipse,WIN_20240126_11_42_11_Pro_jpg.rf.320111adfc2d8df182e1507c39413e21.jpg,,14,16,2
d3,B5_concave_ellipse,WIN_20240126_11_26_17_Pro_jpg.rf.3e072477ded26ea9115bcab86b8d70b3.jpg,,13,19,6
d3,B5_concave_ellipse,WIN_20240130_16_43_51_Pro_jpg.rf.3849e77e9397d5584becb1733e19d7e7.jpg,,12,21,9
d3,B5_concave_ellipse,WIN_20240126_14_40_10_Pro_jpg.rf.3b438d8fce92cd02c99e4ff6e24c7e48.jpg,,17,19,2
d3,B5_concave_ellipse,WIN_20240126_14_28_00_Pro_jpg.rf.3f51049dd468590dc44346944592aa6b.jpg,,12,17,5
d3,B5_concave_ellipse,WIN_20240130_15_45_32_Pro_jpg.rf.15d0a1d300c30bbeaad40cedde9138be.jpg,,16,22,6
d3,B5_concave_ellipse,WIN_20240130_16_02_10_Pro_jpg.rf.3ab19e1894c2659e23d911b28d632092.jpg,,14,17,3
d3,B5_concave_ellipse,WIN_20240129_18_28_07_Pro_jpg.rf.33b73060be2ad102fb9857e1bcb405d7.jpg,,15,24,9
d3,B5_concave_ellipse,WIN_20240201_15_14_47_Pro_jpg.rf.3c608b49d46edb09be7cb90a96b393bc.jpg,,14,23,9
d3,B5_concave_ellipse,WIN_20240131_11_01_20_Pro_jpg.rf.3d0d0d070ff2c1ad916996111e8f9155.jpg,,14,33,19
d3,B5_concave_ellipse,WIN_20240126_14_07_44_Pro_jpg.rf.20de3acef9334643aeea7a125b38a815.jpg,,14,18,4
d3,B5_concave_ellipse,WIN_20240126_13_55_05_Pro_jpg.rf.3f7596960f206081c91f18dd3d9c6d4e.jpg,,12,17,5
d3,B5_concave_ellipse,WIN_20240129_18_35_28_Pro_jpg.rf.44af9ab61a5e90e094dca11f7f4316c3.jpg,,16,30,14
d3,B5_concave_ellipse,WIN_20240126_12_05_38_Pro_jpg.rf.3c7c19140a7a04e768634984cd0d14d4.jpg,,14,13,-1
d3,B5_concave_ellipse,WIN_20240129_16_48_51_Pro_jpg.rf.257a19132b06b60d8395c37aa8892b0f.jpg,,14,19,5
d3,B5_concave_ellipse,WIN_20240130_16_39_59_Pro_jpg.rf.2dbf059a08f46475cd6b402d0384dcfa.jpg,,13,18,5
d3,B5_concave_ellipse,WIN_20240129_11_15_05_Pro_jpg.rf.03ba0b7e87527d94d0f3ca3891e3eabb.jpg,,17,21,4
d3,B5_concave_ellipse,WIN_20240202_12_06_02_Pro_jpg.rf.36224d56f01d772392b440f87961025e.jpg,,12,13,1
d3,B5_concave_ellipse,WIN_20240127_13_42_34_Pro_jpg.rf.07632789338e0dbf78b56a333e2c83ec.jpg,,17,20,3
d3,B5_concave_ellipse,WIN_20240126_11_29_37_Pro_jpg.rf.2e5cb1b777131a05dd7e6141ee1a22e6.jpg,,10,12,2
d3,B5_concave_ellipse,WIN_20240129_17_05_43_Pro_jpg.rf.0db44f8aa6e28f59a0ae754db2c42120.jpg,,14,16,2
d3,B5_concave_ellipse,WIN_20240129_11_31_06_Pro_jpg.rf.31dc6cf00951acc7ad06b4fa639c05d8.jpg,,17,28,11
d3,B5_concave_ellipse,WIN_20240129_11_05_51_Pro_jpg.rf.296f5a41d67a62d51aa0a7408fe5f54a.jpg,,15,16,1
d3,B5_concave_ellipse,WIN_20240202_13_38_45_Pro_jpg.rf.5fbdfe710e41a6ad4407f357e760e092.jpg,,14,22,8
d3,B5_concave_ellipse,WIN_20240131_11_19_36_Pro_jpg.rf.3de13cf04ef47b39363a9b4f7fe8906a.jpg,,13,19,6
d3,B5_concave_ellipse,WIN_20240127_13_49_13_Pro_jpg.rf.2609f8ff5393d36a14772f3fcf8c161a.jpg,,15,22,7
d3,B5_concave_ellipse,WIN_20240202_11_53_56_Pro_jpg.rf.54097592c66c1922476ac3506b1a84a5.jpg,,13,22,9
d3,B5_concave_ellipse,WIN_20240202_12_02_52_Pro_jpg.rf.3500f0861caf1b4153f80bd5a85d9d98.jpg,,14,18,4
d3,B5_concave_ellipse,WIN_20240129_10_43_08_Pro_jpg.rf.58b077620386b4a17f42cc1930e468aa.jpg,,17,23,6
d3,B5_concave_ellipse,WIN_20240129_11_29_31_Pro_jpg.rf.4583c8ae278f25805d225d92fec2c57a.jpg,,14,25,11
d3,B5_concave_ellipse,WIN_20240130_16_05_11_Pro_jpg.rf.6cdd24fb9512be65087226ec015206fb.jpg,,15,21,6
d3,B5_concave_ellipse,WIN_20240126_13_43_39_Pro_jpg.rf.65ea3429365ba85b72287ff4b3909440.jpg,,14,17,3
d3,B5_concave_ellipse,WIN_20240129_11_16_09_Pro_jpg.rf.42330ab8b694040d58e1498725074e52.jpg,,16,21,5
d3,B5_concave_ellipse,WIN_20240126_14_54_12_Pro_jpg.rf.6c76e06c4a9e08a511bc8969300687f9.jpg,,17,25,8
d3,B5_concave_ellipse,WIN_20240126_14_12_27_Pro_jpg.rf.648c9eb20cd06b52dc0414086051657e.jpg,,15,20,5
d3,B5_concave_ellipse,WIN_20240202_13_10_07_Pro_jpg.rf.674a92ef2352c5a162615a3762bda5a9.jpg,,16,22,6
d3,B5_concave_ellipse,WIN_20240129_17_57_15_Pro_jpg.rf.0eb0ce536fd4a2e9501d5284dd78f87e.jpg,,14,19,5
d3,B5_concave_ellipse,WIN_20240129_11_04_06_Pro_jpg.rf.1b79291762c14bb4b08a790cdbf7b551.jpg,,13,15,2
d3,B5_concave_ellipse,WIN_20240130_15_54_09_Pro_jpg.rf.60892da282165c617f7c74c0de384750.jpg,,16,20,4
d3,B5_concave_ellipse,WIN_20240202_12_32_58_Pro_jpg.rf.6f71e0b5f4e7a627271390352fd3cc23.jpg,,15,19,4
d3,B5_concave_ellipse,WIN_20240129_18_25_20_Pro_jpg.rf.7bbdf138f3fa382d9fce2234e2d95ab9.jpg,,15,22,7
d3,B5_concave_ellipse,WIN_20240129_16_43_51_Pro_jpg.rf.77669d5a59c9631e1d10e2d3b46d3228.jpg,,16,23,7
d3,B5_concave_ellipse,WIN_20240129_11_13_28_Pro_jpg.rf.7b11bf4863bc6bb1541395fc83f795ee.jpg,,16,17,1
d3,B5_concave_ellipse,WIN_20240127_14_00_50_Pro_jpg.rf.07cbad3cd827c9927b9d6e10a1d228db.jpg,,13,21,8
d3,B5_concave_ellipse,WIN_20240129_16_57_37_Pro_jpg.rf.8b947cb7fd3eca4925b028277a463a9b.jpg,,17,26,9
d3,B5_concave_ellipse,WIN_20240129_11_08_41_Pro_jpg.rf.7f0ae2e375913e79b856bb9a254a1170.jpg,,13,18,5
d3,B5_concave_ellipse,WIN_20240129_17_58_42_Pro_jpg.rf.7cf97f5eaad6bf489d8f96b919813bab.jpg,,13,16,3
d3,B5_concave_ellipse,WIN_20240202_11_56_06_Pro_jpg.rf.9fb8017c73f7f651ea4da3d574048d86.jpg,,13,21,8
d3,B5_concave_ellipse,WIN_20240126_14_31_37_Pro_jpg.rf.8e2823c5dd88f684ae22cb8afc938c4b.jpg,,16,19,3
d3,B5_concave_ellipse,WIN_20240202_12_02_08_Pro_jpg.rf.95205f3f4e05ff163810d9e39a142a07.jpg,,12,18,6
d3,B5_concave_ellipse,WIN_20240126_11_19_59_Pro_jpg.rf.91444f1b8f15c4bb7ef6b8e23d53d0e6.jpg,,10,13,3
d3,B5_concave_ellipse,WIN_20240129_11_15_33_Pro_jpg.rf.89e714cd2bf8b3b320a3346a26911816.jpg,,13,16,3
d3,B5_concave_ellipse,WIN_20240130_16_32_59_Pro_jpg.rf.af87b97ddfd786ff83c76ff3e1774e5b.jpg,,13,15,2
d3,B5_concave_ellipse,WIN_20240129_17_49_53_Pro_jpg.rf.8110139e597c1d18103e059ba1359572.jpg,,17,29,12
d3,B5_concave_ellipse,WIN_20240201_15_11_25_Pro_jpg.rf.92aec9bcb7315e2585e6248ff24abc45.jpg,,17,28,11
d3,B5_concave_ellipse,WIN_20240127_13_57_24_Pro_jpg.rf.88b0d1d287d0415601331c94337da3fc.jpg,,18,26,8
d3,B5_concave_ellipse,WIN_20240201_15_09_16_Pro_jpg.rf.76fcf6a63c9b31b1a652114c4d85438c.jpg,,14,24,10
d3,B5_concave_ellipse,WIN_20240130_16_24_10_Pro_jpg.rf.adbdba0168852aaccb7361ac15ea7055.jpg,,17,29,12
d3,B5_concave_ellipse,WIN_20240126_14_10_14_Pro_jpg.rf.6d0600b0f7f02338e4850d5ade88dad5.jpg,,17,20,3
d3,B5_concave_ellipse,WIN_20240130_15_34_53_Pro_jpg.rf.aa8da1dde437703c0ae24e0087b6a2bd.jpg,,21,32,11
d3,B5_concave_ellipse,WIN_20240129_10_46_19_Pro_jpg.rf.b0cb29793fb8dd723cffb68b8f8bcac0.jpg,,13,18,5
d3,B5_concave_ellipse,WIN_20240129_18_11_05_Pro_jpg.rf.b5bf8b493e5481981586f2754ae4ea2c.jpg,,17,30,13
d3,B5_concave_ellipse,WIN_20240130_16_23_33_Pro_jpg.rf.b818271095de83030e115989036ae9fa.jpg,,15,25,10
d3,B5_concave_ellipse,WIN_20240201_14_56_38_Pro_jpg.rf.b3a5fbc5d5896af3bed1580a9bf3760e.jpg,,9,23,14
d3,B5_concave_ellipse,WIN_20240130_16_14_18_Pro_jpg.rf.c79d8263a22a9b0469a956acd395261d.jpg,,15,16,1
d3,B5_concave_ellipse,WIN_20240129_10_16_30_Pro_jpg.rf.c12c2329bc25a4ef90571f2a63377109.jpg,,14,19,5
d3,B5_concave_ellipse,WIN_20240126_13_51_13_Pro_jpg.rf.c4fab7993c8eb71c9bdc571f604c60e3.jpg,,10,10,0
d3,B5_concave_ellipse,WIN_20240202_12_04_44_Pro_jpg.rf.c531964931dc8600130de9d7c0ee5b95.jpg,,14,21,7
d3,B5_concave_ellipse,WIN_20240202_13_41_30_Pro_jpg.rf.d2bdc33e211765acfd1ff91a715d6f64.jpg,,18,25,7
d3,B5_concave_ellipse,WIN_20240202_12_10_18_Pro_jpg.rf.ddf709d929c55766fdad45a15903c602.jpg,,15,17,2
d3,B5_concave_ellipse,WIN_20240126_14_52_10_Pro_jpg.rf.b68bbb4e3f5fe60ad3fdc356ca30d07f.jpg,,14,15,1
d3,B5_concave_ellipse,WIN_20240126_13_51_54_Pro_jpg.rf.b9869c17642a47717f7aaa32402db25b.jpg,,13,14,1
d3,B5_concave_ellipse,WIN_20240202_13_54_41_Pro_jpg.rf.d67d79dc85c5b40baf246ad182b3b60e.jpg,,16,21,5
d3,B5_concave_ellipse,WIN_20240127_13_46_08_Pro_jpg.rf.d84a918b909c76f9cc93cacd142f6b5e.jpg,,13,19,6
d3,B5_concave_ellipse,WIN_20240126_14_17_18_Pro_jpg.rf.e46584bec4e8fa0db87d0ac22780c033.jpg,,15,23,8
d3,B5_concave_ellipse,WIN_20240126_14_38_33_Pro_jpg.rf.e223814d225efb15da0ab48b0da25c59.jpg,,14,27,13
d3,B5_concave_ellipse,WIN_20240202_13_21_29_Pro_jpg.rf.bd0e8434d6f39d646fa2e9c6f3f63190.jpg,,19,22,3
d3,B5_concave_ellipse,WIN_20240202_13_58_49_Pro_jpg.rf.f69e7f1f851b12a11ea3c76b8eeececf.jpg,,16,22,6
d3,B5_concave_ellipse,WIN_20240127_13_56_09_Pro_jpg.rf.cadaafef5af8a3d79dd589edd50b1d71.jpg,,14,19,5
d3,B5_concave_ellipse,WIN_20240202_12_46_44_Pro_jpg.rf.e4e3d7d9daafc9b30197f3c0a93039a4.jpg,,14,15,1
d3,B5_concave_ellipse,WIN_20240129_17_48_31_Pro_jpg.rf.ea33aa77b4e58af0477723731f9c3a31.jpg,,17,34,17
d3,B5_concave_ellipse,WIN_20240202_12_21_29_Pro_jpg.rf.ffecaae93f2a36c59733f199f20c7a7e.jpg,,15,17,2
d3,B5_concave_ellipse,WIN_20240129_18_09_01_Pro_jpg.rf.fdbf64683ea50e9709bb72c1d336b734.jpg,,15,15,0
d3,B5_concave_ellipse,WIN_20240126_13_42_38_Pro_jpg.rf.ede21fb9f2849a7fc5e3c1d1ade8e2be.jpg,,11,18,7
d3,B5_concave_ellipse,WIN_20240202_12_09_33_Pro_jpg.rf.de5fcde7ba62c31ec3067908f38d03bc.jpg,,16,20,4
d3,B5_concave_ellipse,WIN_20240202_12_07_25_Pro_jpg.rf.e861012f373e1c67ee675d555576e2c7.jpg,,15,18,3
d3,Ours_ASW_SPC,WIN_20240202_13_53_14_Pro_jpg.rf.c67045ee3774ac939ab68fdc9eebc6f9.jpg,,15,15,0
d3,Ours_ASW_SPC,WIN_20240201_15_03_05_Pro_jpg.rf.c786ba6bc82242f8c3aba0bf62d3e11f.jpg,,14,14,0
d3,Ours_ASW_SPC,WIN_20240126_13_57_50_Pro_jpg.rf.c6a3d267492c7c8014f8acd6436d8347.jpg,,13,13,0
d3,Ours_ASW_SPC,WIN_20240131_11_20_56_Pro_jpg.rf.c6fc305a0ac5dfb42d384d8abe772872.jpg,,12,13,1
d3,Ours_ASW_SPC,WIN_20240129_10_22_34_Pro_jpg.rf.cbf887d7aa87a4cd2278044a3096dad2.jpg,,14,15,1
d3,Ours_ASW_SPC,WIN_20240126_14_10_51_Pro_jpg.rf.ca74ce2427e6a24dd61413fde1002377.jpg,,15,15,0
d3,Ours_ASW_SPC,WIN_20240127_13_49_42_Pro_jpg.rf.c5b4523b3b8f6ec8be649aade31904cd.jpg,,13,13,0
d3,Ours_ASW_SPC,WIN_20240202_13_49_29_Pro_jpg.rf.c7f6fa9837a9b93e2b82dd908749747f.jpg,,17,17,0
d3,Ours_ASW_SPC,WIN_20240127_13_55_28_Pro_jpg.rf.c9de9822a7891ddd1d1cd294229696c6.jpg,,18,18,0
d3,Ours_ASW_SPC,WIN_20240202_14_01_39_Pro_jpg.rf.c68312b74da19dab1a07fdf9703e7858.jpg,,16,16,0
d3,Ours_ASW_SPC,WIN_20240129_16_53_09_Pro_jpg.rf.c7a96ab65e29d13f49f60439e8413816.jpg,,15,16,1
d3,Ours_ASW_SPC,WIN_20240130_16_53_42_Pro_jpg.rf.ca929a9bba99c9f59a1f052d675f4bb9.jpg,,12,12,0
d3,Ours_ASW_SPC,WIN_20240131_10_54_15_Pro_jpg.rf.ca2ee0d4068d5c9789a1b0e6cf52749f.jpg,,14,1,-13
d3,Ours_ASW_SPC,WIN_20240130_16_29_13_Pro_jpg.rf.cdc580339d42e40a862d166e2dbfb99a.jpg,,15,15,0
d3,Ours_ASW_SPC,WIN_20240202_13_08_10_Pro_jpg.rf.c9985984a16f62cd1b38c6e2cbcdf508.jpg,,18,18,0
d3,Ours_ASW_SPC,WIN_20240202_11_53_16_Pro_jpg.rf.c5c0f80d022663ffa50a09a40c9e2dcc.jpg,,13,13,0
d3,Ours_ASW_SPC,WIN_20240202_13_19_54_Pro_jpg.rf.c6ef19ef2b7dd38f2a2a72553077903c.jpg,,17,16,-1
d3,Ours_ASW_SPC,WIN_20240129_11_02_01_Pro_jpg.rf.cd8626cea54afe5dfac807b08a4c417e.jpg,,14,15,1
d3,Ours_ASW_SPC,WIN_20240127_13_43_16_Pro_jpg.rf.cc823cd7d145486c8aac51eba6d24641.jpg,,13,14,1
d3,Ours_ASW_SPC,WIN_20240202_13_00_05_Pro_jpg.rf.c5ed46a01ee6dc7e414125c00caded8b.jpg,,15,15,0
d3,Ours_ASW_SPC,WIN_20240127_13_41_33_Pro_jpg.rf.cb1fb3a59038e64c9d42accf61c900d0.jpg,,18,18,0
d3,Ours_ASW_SPC,WIN_20240126_14_36_54_Pro_jpg.rf.c90acb0ce5e19f9d626974563deb244a.jpg,,15,18,3
d3,Ours_ASW_SPC,WIN_20240202_14_03_09_Pro_jpg.rf.cdd3eb0f39cc4fa86b65e679af988ecd.jpg,,21,21,0
d3,Ours_ASW_SPC,WIN_20240131_10_53_23_Pro_jpg.rf.ccefbf87fdabc8b9509e42e9249a15ca.jpg,,17,18,1
d3,Ours_ASW_SPC,WIN_20240129_18_23_47_Pro_jpg.rf.cdc1a74a0c05a62ab02664bad340fbb3.jpg,,17,17,0
d3,Ours_ASW_SPC,WIN_20240202_13_02_17_Pro_jpg.rf.ca4874f6e69e7e7e9aa8295a98e7549b.jpg,,14,14,0
d3,Ours_ASW_SPC,WIN_20240202_12_38_40_Pro_jpg.rf.cad8d19f5343f8ce627cdf2efe2ff52b.jpg,,15,15,0
d3,Ours_ASW_SPC,WIN_20240202_12_00_29_Pro_jpg.rf.c5b44336b3ecd8da919ce4802a6584cb.jpg,,14,14,0
d3,Ours_ASW_SPC,WIN_20240129_18_27_33_Pro_jpg.rf.cef06924412b7d65bab2159a68004dd2.jpg,,16,16,0
d3,Ours_ASW_SPC,WIN_20240129_17_59_40_Pro_jpg.rf.d0280384a4488a2205bfbb66dee79bbd.jpg,,12,12,0
d3,Ours_ASW_SPC,WIN_20240129_17_00_03_Pro_jpg.rf.d10357e0d7e36cdc5011569c65f718c9.jpg,,16,16,0
d3,Ours_ASW_SPC,WIN_20240202_11_58_32_Pro_jpg.rf.d1a2dafeb02970915f8e2167cc2e6ad3.jpg,,14,15,1
d3,Ours_ASW_SPC,WIN_20240130_15_42_03_Pro_jpg.rf.cf0f7c567599534d74c5d4fa571cde39.jpg,,14,14,0
d3,Ours_ASW_SPC,WIN_20240202_13_54_07_Pro_jpg.rf.cfc807306b078bcebee228a9fa948266.jpg,,13,13,0
d3,Ours_ASW_SPC,WIN_20240129_10_53_04_Pro_jpg.rf.d0dd4a25f360754f7d2d5ad8fa10773f.jpg,,17,18,1
d3,Ours_ASW_SPC,WIN_20240129_18_31_31_Pro_jpg.rf.ced4fa815b7823c582b31aa500a15210.jpg,,13,13,0
d3,Ours_ASW_SPC,WIN_20240201_15_10_42_Pro_jpg.rf.ce02383e32bad6c1a5db0c9f1556900b.jpg,,15,16,1
d3,Ours_ASW_SPC,WIN_20240129_17_50_41_Pro_jpg.rf.d293d67f2e761bf7877221dc90c6061f.jpg,,15,15,0
d3,Ours_ASW_SPC,WIN_20240126_14_55_14_Pro_jpg.rf.d0fde38195c4c1467ca37643edb21268.jpg,,14,14,0
d3,Ours_ASW_SPC,WIN_20240129_18_19_30_Pro_jpg.rf.d093d86534e3a9ea29e91eaa4dd94b29.jpg,,15,15,0
d3,Ours_ASW_SPC,WIN_20240130_16_39_08_Pro_jpg.rf.cfbffbddffefb52f4d16f797c6e1f8e8.jpg,,12,12,0
d3,Ours_ASW_SPC,WIN_20240130_16_38_17_Pro_jpg.rf.d38a971699935def54ee68bfe3692a0d.jpg,,13,14,1
d3,Ours_ASW_SPC,WIN_20240202_12_39_14_Pro_jpg.rf.d0f70d7aa7370ef0e25dca02cb05dcb9.jpg,,19,19,0
d3,Ours_ASW_SPC,WIN_20240129_17_58_00_Pro_jpg.rf.d4a83f344e39e6219af233e4e4ec7726.jpg,,17,18,1
d3,Ours_ASW_SPC,WIN_20240126_11_42_53_Pro_jpg.rf.cfb241fcb06b77a968d2b72b327158f8.jpg,,11,12,1
d3,Ours_ASW_SPC,WIN_20240202_13_37_28_Pro_jpg.rf.d3a318fb6c3d5e4771d718d548830139.jpg,,13,15,2
d3,Ours_ASW_SPC,WIN_20240126_14_14_47_Pro_jpg.rf.d3c65eb1c50896995173472f69aa5647.jpg,,13,13,0
d3,Ours_ASW_SPC,WIN_20240131_11_21_40_Pro_jpg.rf.d3449c92167c270b0fddac46a20f78f5.jpg,,13,14,1
d3,Ours_ASW_SPC,WIN_20240130_15_53_27_Pro_jpg.rf.cf54d199fff3d269e7be1b6cfed1810d.jpg,,13,13,0
d3,Ours_ASW_SPC,WIN_20240130_16_42_49_Pro_jpg.rf.d5724b5911261166abbcdcbb0692e1b0.jpg,,12,13,1
d3,Ours_ASW_SPC,WIN_20240129_17_43_18_Pro_jpg.rf.d49ae6ab4c60d57adc136618f148162c.jpg,,18,18,0
d3,Ours_ASW_SPC,WIN_20240126_12_20_57_Pro_jpg.rf.cf38758ee9f1f2d1332cebc2c9dea410.jpg,,11,12,1
d3,Ours_ASW_SPC,WIN_20240130_15_49_21_Pro_jpg.rf.d3b3864a050b2bc09d2625243e9bc769.jpg,,18,18,0
d3,Ours_ASW_SPC,WIN_20240202_12_45_04_Pro_jpg.rf.d64d4568e0bcf084bc03ff07afcb8bd4.jpg,,14,15,1
d3,Ours_ASW_SPC,WIN_20240202_12_49_13_Pro_jpg.rf.d4bf7135491de284c4dd001b535b9b5e.jpg,,13,13,0
d3,Ours_ASW_SPC,WIN_20240126_11_35_48_Pro_jpg.rf.d292467913e0e21117306d984c8e5cbc.jpg,,13,13,0
d3,Ours_ASW_SPC,WIN_20240129_10_47_53_Pro_jpg.rf.d6878d939159f619aedbd4cf1c91654a.jpg,,14,15,1
d3,Ours_ASW_SPC,WIN_20240201_15_07_34_Pro_jpg.rf.d6d8fe46c2d4bc35700cdce3f1da0623.jpg,,15,15,0
d3,Ours_ASW_SPC,WIN_20240131_11_02_44_Pro_jpg.rf.d7fec851bef03e14c09eec4a6a93ca29.jpg,,16,16,0
d3,Ours_ASW_SPC,WIN_20240130_16_07_23_Pro_jpg.rf.d995f013bc016d6dd558a735b0de4ee7.jpg,,14,14,0
d3,Ours_ASW_SPC,WIN_20240126_12_13_46_Pro_jpg.rf.d9a13d89b57a95929c58db645fe9ffd1.jpg,,15,15,0
d3,Ours_ASW_SPC,WIN_20240126_14_01_27_Pro_jpg.rf.d4d96e8fc1816340526a2554bf6ab9a0.jpg,,13,13,0
d3,Ours_ASW_SPC,WIN_20240202_13_06_54_Pro_jpg.rf.d7677627792bc5401c5cd879864702b0.jpg,,14,14,0
d3,Ours_ASW_SPC,WIN_20240129_11_26_55_Pro_jpg.rf.d77ab49cd6e5e98de9bdf3966a002ac8.jpg,,18,19,1
d3,Ours_ASW_SPC,WIN_20240201_15_02_27_Pro_jpg.rf.d3e27df3572f0807bba7de8929512384.jpg,,15,16,1
d3,Ours_ASW_SPC,WIN_20240126_14_43_32_Pro_jpg.rf.d8a31eb1c7858ab8aaafb003cb5c5fdc.jpg,,16,16,0
d3,Ours_ASW_SPC,WIN_20240126_14_28_23_Pro_jpg.rf.d823e6f7e2bc6b66766fd6ac8d78cf42.jpg,,15,15,0
d3,Ours_ASW_SPC,WIN_20240127_13_51_46_Pro_jpg.rf.d7cbe25ddf6d61045294b8d6799cd412.jpg,,17,18,1
d3,Ours_ASW_SPC,WIN_20240126_11_59_11_Pro_jpg.rf.db15ea299ec84dad9573b751bec302b9.jpg,,19,19,0
d3,Ours_ASW_SPC,WIN_20240129_10_42_21_Pro_jpg.rf.d9f3d3168dc9d26354003342e0fb053b.jpg,,14,13,-1
d3,Ours_ASW_SPC,WIN_20240131_11_00_04_Pro_jpg.rf.dc1068b65824330afa875368b07a6cc8.jpg,,13,13,0
d3,Ours_ASW_SPC,WIN_20240129_11_39_46_Pro_jpg.rf.dd719c26d39447f78818098b2e2e57e3.jpg,,15,16,1
d3,Ours_ASW_SPC,WIN_20240202_12_45_49_Pro_jpg.rf.dc8e8bdbd4490f8ad382db9b38e7dafe.jpg,,17,18,1
d3,Ours_ASW_SPC,WIN_20240129_11_07_36_Pro_jpg.rf.db96d8c12e02d096818638cb5e5712f1.jpg,,15,15,0
d3,Ours_ASW_SPC,WIN_20240129_18_33_27_Pro_jpg.rf.dd1ff897647ae67a1d6c33c4b1dabafd.jpg,,19,19,0
d3,Ours_ASW_SPC,WIN_20240126_11_52_45_Pro_jpg.rf.ddfe539322245f199d3a742c388bd657.jpg,,17,17,0
d3,Ours_ASW_SPC,WIN_20240129_10_18_49_Pro_jpg.rf.de5e1130db13909451772b2d2cfcdfbb.jpg,,14,14,0
d3,Ours_ASW_SPC,WIN_20240126_14_13_27_Pro_jpg.rf.d6b7575b53d88be6b7c7167391270695.jpg,,14,15,1
d3,Ours_ASW_SPC,WIN_20240130_15_40_27_Pro_jpg.rf.e0af9c72a479d5215610039844358b5b.jpg,,19,19,0
d3,Ours_ASW_SPC,WIN_20240129_10_36_37_Pro_jpg.rf.d6398647368e47e020feb08d09960460.jpg,,12,12,0
d3,Ours_ASW_SPC,WIN_20240202_11_59_56_Pro_jpg.rf.df8d8ec9416bd23b96016f7d9a092845.jpg,,12,12,0
d3,Ours_ASW_SPC,WIN_20240202_13_52_22_Pro_jpg.rf.df12bf7bfb47d41f933162fe33d88b03.jpg,,17,17,0
d3,Ours_ASW_SPC,WIN_20240129_11_21_43_Pro_jpg.rf.e1d1febf6a073f3a66faef1e6968433f.jpg,,17,18,1
d3,Ours_ASW_SPC,WIN_20240131_11_16_21_Pro_jpg.rf.dec40d5f116a57a93a97bd3578986211.jpg,,11,11,0
d3,Ours_ASW_SPC,WIN_20240126_14_05_03_Pro_jpg.rf.ddf89dff75c42d36c02444efcb2fec75.jpg,,13,14,1
d3,Ours_ASW_SPC,WIN_20240202_12_56_40_Pro_jpg.rf.e2c078090454e23289c0bc6bc4ccc206.jpg,,17,17,0
d3,Ours_ASW_SPC,WIN_20240129_10_59_31_Pro_jpg.rf.e396d288d8177a5a7a80c127a5a11dfa.jpg,,15,17,2
d3,Ours_ASW_SPC,WIN_20240130_16_09_09_Pro_jpg.rf.de05dbc315b3ca08e1c3283e6162cf03.jpg,,15,15,0
d3,Ours_ASW_SPC,WIN_20240202_12_03_34_Pro_jpg.rf.e3e4e73e3cd6a2ba23c9839f67e5767f.jpg,,13,13,0
d3,Ours_ASW_SPC,WIN_20240129_17_02_13_Pro_jpg.rf.e37a4c1374506a271c5b0a2f39bd5cea.jpg,,14,14,0
d3,Ours_ASW_SPC,WIN_20240126_14_55_56_Pro_jpg.rf.e400db2e41031a8ac61a5e3956e44d8c.jpg,,17,17,0
d3,Ours_ASW_SPC,WIN_20240130_15_56_53_Pro_jpg.rf.e50ab1b39ff542b2f56353045b45f145.jpg,,15,15,0
d3,Ours_ASW_SPC,WIN_20240202_13_18_45_Pro_jpg.rf.e47cf60a9416308948d5c1bdf60d39d7.jpg,,13,14,1
d3,Ours_ASW_SPC,WIN_20240130_16_17_35_Pro_jpg.rf.e41891862a463cc912b597c8402870da.jpg,,17,17,0
d3,Ours_ASW_SPC,WIN_20240202_12_12_38_Pro_jpg.rf.e85375c803d37bb06cd30238d35d9463.jpg,,14,15,1
d3,Ours_ASW_SPC,WIN_20240126_13_48_00_Pro_jpg.rf.e47b2a9d1689137de52242a1528d29d2.jpg,,13,13,0
d3,Ours_ASW_SPC,WIN_20240131_11_35_56_Pro_jpg.rf.e7324ca8b3f8dab041ee3ee6ba284e0f.jpg,,11,12,1
d3,Ours_ASW_SPC,WIN_20240126_11_39_51_Pro_jpg.rf.e715ea3d8db436ffda3439abaf226a88.jpg,,16,16,0
d3,Ours_ASW_SPC,WIN_20240129_18_01_08_Pro_jpg.rf.e74cede877dd3d7522c550a349c645fd.jpg,,14,16,2
d3,Ours_ASW_SPC,WIN_20240202_12_31_04_Pro_jpg.rf.e8edaefabb7117ad77bed0e9ae8cbd0d.jpg,,11,11,0
d3,Ours_ASW_SPC,WIN_20240202_12_28_28_Pro_jpg.rf.e5eed96766661b3c2b7fe5278cfa9beb.jpg,,13,13,0
d3,Ours_ASW_SPC,WIN_20240202_12_26_14_Pro_jpg.rf.e93fce6b4773dac406ec6369d3c01643.jpg,,14,14,0
d3,Ours_ASW_SPC,WIN_20240130_16_51_04_Pro_jpg.rf.dfdbc639f451f061cab1cb3fc79a07dc.jpg,,12,13,1
d3,Ours_ASW_SPC,WIN_20240126_11_21_56_Pro_jpg.rf.e1b307dfe311eeb5553dc59f023450d2.jpg,,9,10,1
d3,Ours_ASW_SPC,WIN_20240202_13_44_05_Pro_jpg.rf.e983475d245b2077ddfd254b362bddc4.jpg,,19,19,0
d3,Ours_ASW_SPC,WIN_20240126_12_11_45_Pro_jpg.rf.e4b3fec7f1512c4648b8fe8cde0ed8b2.jpg,,15,17,2
d3,Ours_ASW_SPC,WIN_20240126_14_15_22_Pro_jpg.rf.e397001745fb2efc300997e833eafb16.jpg,,14,14,0
d3,Ours_ASW_SPC,WIN_20240202_13_57_56_Pro_jpg.rf.e5830d71dd103819d962441b29da577b.jpg,,16,15,-1
d3,Ours_ASW_SPC,WIN_20240131_11_03_34_Pro_jpg.rf.e640fda76c6a7ae6ec97721974e3a62e.jpg,,13,3,-10
d3,Ours_ASW_SPC,WIN_20240126_13_56_36_Pro_jpg.rf.e95a7e66376375375ea1c20839cc75c2.jpg,,13,13,0
d3,Ours_ASW_SPC,WIN_20240126_11_55_55_Pro_jpg.rf.e752068588c848f95848a4f75f8c23dc.jpg,,16,16,0
d3,Ours_ASW_SPC,WIN_20240202_13_14_46_Pro_jpg.rf.ea0e45ea152623a0ebf770bc8879f7a6.jpg,,13,13,0
d3,Ours_ASW_SPC,WIN_20240202_12_47_21_Pro_jpg.rf.e9d878444058ded84abd0338c6df57b0.jpg,,16,17,1
d3,Ours_ASW_SPC,WIN_20240126_14_00_24_Pro_jpg.rf.ec116e41a2a0cf41b0a2a3afa74392e5.jpg,,12,12,0
d3,Ours_ASW_SPC,WIN_20240129_10_40_38_Pro_jpg.rf.e9b435f77cdc6e057f35f63218d9abe3.jpg,,12,12,0
d3,Ours_ASW_SPC,WIN_20240130_16_26_57_Pro_jpg.rf.ee3679e3df742dd22a973fd35eca16a2.jpg,,16,16,0
d3,Ours_ASW_SPC,WIN_20240126_14_11_34_Pro_jpg.rf.e862702866f021912cbc0797d5d06240.jpg,,16,16,0
d3,Ours_ASW_SPC,WIN_20240129_10_30_57_Pro_jpg.rf.ee25dcb793d54cb19a02641d793f3670.jpg,,15,17,2
d3,Ours_ASW_SPC,WIN_20240202_13_46_50_Pro_jpg.rf.ef5acb5cb6d24d9a56d51e6d061575d0.jpg,,18,18,0
d3,Ours_ASW_SPC,WIN_20240126_14_18_23_Pro_jpg.rf.ebb2343e9341477b4193c2289583c57a.jpg,,15,15,0
d3,Ours_ASW_SPC,WIN_20240129_11_03_17_Pro_jpg.rf.ec3b3dffa04f45917c2456c48493fee1.jpg,,14,14,0
d3,Ours_ASW_SPC,WIN_20240126_14_51_23_Pro_jpg.rf.ef796a881658047434439ab038b49b53.jpg,,15,15,0
d3,Ours_ASW_SPC,WIN_20240126_11_20_40_Pro_jpg.rf.edb671c512776c8f6966fe4db083263e.jpg,,12,12,0
d3,Ours_ASW_SPC,WIN_20240131_11_10_31_Pro_jpg.rf.ec62882b2f8f27ddd551c76976214360.jpg,,15,15,0
d3,Ours_ASW_SPC,WIN_20240129_18_05_03_Pro_jpg.rf.ebc70f4d56dc452372cca0d5b46b2d65.jpg,,17,17,0
d3,Ours_ASW_SPC,WIN_20240129_11_34_39_Pro_jpg.rf.ed736b242cae197773ea50bef350ef95.jpg,,16,17,1
d3,Ours_ASW_SPC,WIN_20240130_15_58_25_Pro_jpg.rf.de90205182a4e92b27f25528e0d1aef4.jpg,,15,15,0
d3,Ours_ASW_SPC,WIN_20240131_11_27_26_Pro_jpg.rf.f0de6f1178050698a1af3159b7151c0e.jpg,,13,13,0
d3,Ours_ASW_SPC,WIN_20240130_15_43_50_Pro_jpg.rf.f0ce7d7ada13c17bb6473cac3db5ec56.jpg,,16,16,0
d3,Ours_ASW_SPC,WIN_20240126_14_36_26_Pro_jpg.rf.ef81bc4ce8daed454474f9a397276b90.jpg,,19,19,0
d3,Ours_ASW_SPC,WIN_20240126_14_16_20_Pro_jpg.rf.efa481f28c7a7de66d509a24fb2f21bf.jpg,,16,16,0
d3,Ours_ASW_SPC,WIN_20240129_11_23_31_Pro_jpg.rf.f0c0e3900aca8dc0e47a11f0367a970d.jpg,,19,20,1
d3,Ours_ASW_SPC,WIN_20240126_14_34_30_Pro_jpg.rf.f12a8f9893d0968828d853765201ad31.jpg,,13,13,0
d3,Ours_ASW_SPC,WIN_20240129_10_39_49_Pro_jpg.rf.eea7c8dbaf9ca0352f882c4b9a8f629a.jpg,,13,13,0
d3,Ours_ASW_SPC,WIN_20240129_18_28_53_Pro_jpg.rf.efa3f92beb892c44e164045b506c2483.jpg,,18,18,0
d3,Ours_ASW_SPC,WIN_20240130_16_36_40_Pro_jpg.rf.f21bcfd33cfc578575cfb7b9fb87d2ed.jpg,,13,13,0
d3,Ours_ASW_SPC,WIN_20240126_14_49_02_Pro_jpg.rf.f24767ef69d1836015abb2309e39fd1f.jpg,,15,16,1
d3,Ours_ASW_SPC,WIN_20240126_14_28_54_Pro_jpg.rf.f2de65c9f56e32ff9cf1ad6f36219767.jpg,,12,12,0
d3,Ours_ASW_SPC,WIN_20240202_13_43_19_Pro_jpg.rf.f3d7ad73ea2cdb5d1252d0818fbaeac7.jpg,,16,16,0
d3,Ours_ASW_SPC,WIN_20240130_16_35_10_Pro_jpg.rf.f3cbc1ebc34c6fc2152ed4a713189fa6.jpg,,13,13,0
d3,Ours_ASW_SPC,WIN_20240129_18_05_44_Pro_jpg.rf.f3926d6aa332bf8656b2d016d0afadf6.jpg,,13,13,0
d3,Ours_ASW_SPC,WIN_20240126_13_53_19_Pro_jpg.rf.f2d7d574d86ba7eff1a07233c2b32c84.jpg,,13,13,0
d3,Ours_ASW_SPC,WIN_20240126_12_08_41_Pro_jpg.rf.f557868f8421f64d2a446f69d8bd9d04.jpg,,14,14,0
d3,Ours_ASW_SPC,WIN_20240129_18_17_12_Pro_jpg.rf.f3b24996794ee3c916118a6eeb192c0b.jpg,,14,14,0
d3,Ours_ASW_SPC,WIN_20240130_16_16_06_Pro_jpg.rf.f29151f6b2274731dda89311b7f14123.jpg,,15,15,0
d3,Ours_ASW_SPC,WIN_20240126_14_45_36_Pro_jpg.rf.f21dd9bd9e5358deb7264eeb968c403b.jpg,,14,14,0
d3,Ours_ASW_SPC,WIN_20240129_17_44_01_Pro_jpg.rf.f238dc81d9ad6d10402e7cc022cbb535.jpg,,12,12,0
d3,Ours_ASW_SPC,WIN_20240129_18_00_27_Pro_jpg.rf.f563baac01ab77c4f17963790f6a71e7.jpg,,16,16,0
d3,Ours_ASW_SPC,WIN_20240129_16_40_55_Pro_jpg.rf.f2e6fef7b51cb926c92dfd1e70a72ec6.jpg,,19,21,2
d3,Ours_ASW_SPC,WIN_20240201_15_03_37_Pro_jpg.rf.f5740b5fe92d27d46b40c9f89b53db8f.jpg,,15,16,1
d3,Ours_ASW_SPC,WIN_20240130_16_00_11_Pro_jpg.rf.f59b06f13ec3bdc0f539cc79bd0dfac6.jpg,,16,16,0
d3,Ours_ASW_SPC,WIN_20240126_14_44_10_Pro_jpg.rf.f5aca6f1ceb429e51173c47c0b64e70f.jpg,,14,14,0
d3,Ours_ASW_SPC,WIN_20240129_11_25_00_Pro_jpg.rf.f625e5faeaa4cfa323f1cfe90854d03e.jpg,,14,14,0
d3,Ours_ASW_SPC,WIN_20240129_11_06_26_Pro_jpg.rf.f2e9aed80c975b01f6dd4384b88c7420.jpg,,14,13,-1
d3,Ours_ASW_SPC,WIN_20240129_18_13_52_Pro_jpg.rf.f4f40db32253a37adb820988182efb3d.jpg,,16,17,1
d3,Ours_ASW_SPC,WIN_20240131_10_56_21_Pro_jpg.rf.f5ce9f46950804d8f9dc9ba259458fbb.jpg,,13,13,0
d3,Ours_ASW_SPC,WIN_20240131_11_09_46_Pro_jpg.rf.f53f8c7d68b018ba898927314ad47672.jpg,,13,13,0
d3,Ours_ASW_SPC,WIN_20240201_15_12_43_Pro_jpg.rf.f7328eea93ef246f50c0deec55430509.jpg,,14,16,2
d3,Ours_ASW_SPC,WIN_20240127_13_58_00_Pro_jpg.rf.f8b772dc3d88ba8c4138195d4ec8a0db.jpg,,14,14,0
d3,Ours_ASW_SPC,WIN_20240202_11_51_43_Pro_jpg.rf.f84cc1ccc350bbf703a45998aee44502.jpg,,12,13,1
d3,Ours_ASW_SPC,WIN_20240202_13_40_59_Pro_jpg.rf.faa56c0ec095e1befbf0202f77c5d4d0.jpg,,12,12,0
d3,Ours_ASW_SPC,WIN_20240129_18_10_31_Pro_jpg.rf.f7a4296b52dd5ea35a7042f6264d24b4.jpg,,15,15,0
d3,Ours_ASW_SPC,WIN_20240202_12_06_42_Pro_jpg.rf.fbde63617b71a338d5eadee2053fd31d.jpg,,16,16,0
d3,Ours_ASW_SPC,WIN_20240130_15_44_31_Pro_jpg.rf.fb8934c9c676e091b8e370be5521803f.jpg,,19,20,1
d3,Ours_ASW_SPC,WIN_20240126_11_17_54_Pro_jpg.rf.f9a62c2278edaa99a7f57eb7e49151f2.jpg,,10,12,2
d3,Ours_ASW_SPC,WIN_20240129_16_50_50_Pro_jpg.rf.f8ba1f2fa5997acf8d22896807ca6c8b.jpg,,19,19,0
d3,Ours_ASW_SPC,WIN_20240131_11_04_23_Pro_jpg.rf.fc8cc0b9f8cd0fbe208670dc3ae183b3.jpg,,12,15,3
d3,Ours_ASW_SPC,WIN_20240130_16_22_49_Pro_jpg.rf.fc0c3bd4ae86ac62869980c9de5df821.jpg,,13,13,0
d3,Ours_ASW_SPC,WIN_20240129_17_47_09_Pro_jpg.rf.fc34fbde1b2356d5138ba7fbf9f57f0a.jpg,,14,15,1
d3,Ours_ASW_SPC,WIN_20240129_11_19_36_Pro_jpg.rf.fc071bb883e7781511c6707756239d32.jpg,,17,17,0
d3,Ours_ASW_SPC,WIN_20240129_16_40_06_Pro_jpg.rf.fbdeec7ad2d06eab24eb2315a218e101.jpg,,13,13,0
d3,Ours_ASW_SPC,WIN_20240130_16_09_56_Pro_jpg.rf.ff2fd1b69e34ee0338794195e241c371.jpg,,18,18,0
d3,Ours_ASW_SPC,WIN_20240126_11_24_40_Pro_jpg.rf.faf48b522c8f7121db047c6cda2fb159.jpg,,11,11,0
d3,Ours_ASW_SPC,WIN_20240129_10_35_33_Pro_jpg.rf.fec9bcb40dedf4d0cbb9cae66a6a02d9.jpg,,13,13,0
d3,Ours_ASW_SPC,WIN_20240202_12_15_02_Pro_jpg.rf.ff8dbd7676e536b5acd35d493863f7b7.jpg,,14,14,0
d3,Ours_ASW_SPC,WIN_20240202_12_48_07_Pro_jpg.rf.fe0db3de3f6f5c14c96d222c420cb88f.jpg,,17,17,0
d3,Ours_ASW_SPC,WIN_20240129_18_07_25_Pro_jpg.rf.fce2d3a86e3fcc1e41c4cfb80cdcb07f.jpg,,17,18,1
d3,Ours_ASW_SPC,WIN_20240126_11_18_24_Pro_jpg.rf.f7c802189b7cb9dacd8c5d58cc218939.jpg,,10,11,1
d3,Ours_ASW_SPC,WIN_20240202_12_14_19_Pro_jpg.rf.fce1c9facaefb7fe5ca58cfe02cd6faa.jpg,,14,14,0
d3,Ours_ASW_SPC,WIN_20240130_16_22_01_Pro_jpg.rf.fdc98eab0dc01c600cb2991b0aed570b.jpg,,14,14,0
d3,Ours_ASW_SPC,WIN_20240202_12_11_06_Pro_jpg.rf.fdb0b57b490ea1aa82226da1948187d5.jpg,,13,13,0
d3,Ours_ASW_SPC,WIN_20240130_15_56_19_Pro_jpg.rf.fe7a2d0866a583921a60749353620a57.jpg,,14,14,0
d3,Ours_ASW_SPC,WIN_20240202_13_53_45_Pro_jpg.rf.ffb77e33ab62a616534b59d94dde7f42.jpg,,11,11,0
d3,Ours_ASW_SPC,WIN_20240130_16_45_14_Pro_jpg.rf.fdc6011f7cd447eea4794f333aa0fdb9.jpg,,14,14,0
d3,Ours_ASW_SPC,WIN_20240129_17_52_20_Pro_jpg.rf.320ae413d97fcbf28313a05745bcb8fa.jpg,,14,14,0
d3,Ours_ASW_SPC,WIN_20240202_13_48_12_Pro_jpg.rf.355b546cabf43999eb2a67e3b2dc3788.jpg,,16,16,0
d3,Ours_ASW_SPC,WIN_20240129_17_44_31_Pro_jpg.rf.3387a739585d27e50bc7c08addf966e9.jpg,,17,18,1
d3,Ours_ASW_SPC,WIN_20240126_11_32_13_Pro_jpg.rf.345ca9061e287e822e30ab1a630c0aea.jpg,,12,12,0
d3,Ours_ASW_SPC,WIN_20240129_10_51_23_Pro_jpg.rf.36ac671c1c96f603033573122b0ce75b.jpg,,14,14,0
d3,Ours_ASW_SPC,WIN_20240130_15_59_17_Pro_jpg.rf.343fca61d6b7cd9c2480de46a22c2a70.jpg,,12,12,0
d3,Ours_ASW_SPC,WIN_20240202_12_05_22_Pro_jpg.rf.35a4e7ddedbfefe77b0477a12f18e22d.jpg,,13,13,0
d3,Ours_ASW_SPC,WIN_20240126_14_39_29_Pro_jpg.rf.3727947deb78dc55bcddb616ad5a0ebf.jpg,,16,17,1
d3,Ours_ASW_SPC,WIN_20240202_13_48_42_Pro_jpg.rf.36d610495f43498150b412ca6a76e4b5.jpg,,16,17,1
d3,Ours_ASW_SPC,WIN_20240130_16_27_40_Pro_jpg.rf.3225155397432b15a888da2fbea6aca0.jpg,,13,0,-13
d3,Ours_ASW_SPC,WIN_20240126_11_48_08_Pro_jpg.rf.321a012baad91cb6476a211ba50fa4dc.jpg,,16,16,0
d3,Ours_ASW_SPC,WIN_20240129_18_07_56_Pro_jpg.rf.327f7d04c1ac5290bc9ad852875480e2.jpg,,14,14,0
d3,Ours_ASW_SPC,WIN_20240130_15_46_10_Pro_jpg.rf.320b097b6f4bb8cf620d5ff9f2032ee9.jpg,,15,14,-1
d3,Ours_ASW_SPC,WIN_20240202_11_56_51_Pro_jpg.rf.3804c1256edf98ccb3071e5c877fb44c.jpg,,12,12,0
d3,Ours_ASW_SPC,WIN_20240127_14_01_22_Pro_jpg.rf.36165435850e87625cc1910e2aa4d36a.jpg,,13,14,1
d3,Ours_ASW_SPC,WIN_20240126_14_02_22_Pro_jpg.rf.39662d9dabb614f4c53dc3ec7c231c71.jpg,,13,13,0
d3,Ours_ASW_SPC,WIN_20240126_11_44_00_Pro_jpg.rf.3252d867f41ce70e9a2aacbcbdf72a33.jpg,,16,16,0
d3,Ours_ASW_SPC,WIN_20240129_10_19_31_Pro_jpg.rf.3a25f797eb8058f7170eff55e181a575.jpg,,14,14,0
d3,Ours_ASW_SPC,WIN_20240202_13_36_57_Pro_jpg.rf.3c7e263e386e1e50ac3f3e815cd2a2fe.jpg,,17,17,0
d3,Ours_ASW_SPC,WIN_20240129_10_26_17_Pro_jpg.rf.3b9fabd4ea8083e4d399bff8e893523c.jpg,,14,14,0
d3,Ours_ASW_SPC,WIN_20240129_18_03_41_Pro_jpg.rf.3894c9c2e6d675e116aa535f7d9a2752.jpg,,14,14,0
d3,Ours_ASW_SPC,WIN_20240126_14_06_12_Pro_jpg.rf.3dcaf4ca5c49029d60546dbca1ace8d2.jpg,,15,15,0
d3,Ours_ASW_SPC,WIN_20240126_13_59_41_Pro_jpg.rf.3c9ec2a569323261fee68424fdf09743.jpg,,13,14,1
d3,Ours_ASW_SPC,WIN_20240130_16_31_45_Pro_jpg.rf.3f155ea858ca875d4d59ba1f96df4e8a.jpg,,14,14,0
d3,Ours_ASW_SPC,WIN_20240201_15_01_45_Pro_jpg.rf.3d8925aaf6af6f9cd7fc4907f09d53f8.jpg,,14,14,0
d3,Ours_ASW_SPC,WIN_20240202_12_34_24_Pro_jpg.rf.3ce65ab8c920f72a5abd4b332b4fab38.jpg,,17,17,0
d3,Ours_ASW_SPC,WIN_20240129_10_56_33_Pro_jpg.rf.3acdb36964ea5ec05a4ddf365641bb95.jpg,,12,13,1
d3,Ours_ASW_SPC,WIN_20240202_13_38_13_Pro_jpg.rf.3ddae99e53547d55998ec48f9d268ffb.jpg,,13,13,0
d3,Ours_ASW_SPC,WIN_20240126_11_32_47_Pro_jpg.rf.3d2b5a0cf18226d4550a0cd59668b085.jpg,,10,10,0
d3,Ours_ASW_SPC,WIN_20240129_18_23_58_Pro_jpg.rf.3b51f84f2bff1744a4a68523a568d149.jpg,,15,15,0
d3,Ours_ASW_SPC,WIN_20240129_11_27_22_Pro_jpg.rf.40044b626623619c5485a62859d2fc1b.jpg,,12,12,0
d3,Ours_ASW_SPC,WIN_20240130_15_36_53_Pro_jpg.rf.3c19c0706d781e87edf60b0001f1d8c6.jpg,,17,19,2
d3,Ours_ASW_SPC,WIN_20240202_11_52_17_Pro_jpg.rf.3af79db71efcde11e8f4ffd817ff132b.jpg,,12,13,1
d3,Ours_ASW_SPC,WIN_20240129_16_49_55_Pro_jpg.rf.3f3740c23bc31757d8250773e7413a30.jpg,,18,18,0
d3,Ours_ASW_SPC,WIN_20240129_18_13_15_Pro_jpg.rf.3f0f82b73f3d4cc0399c25dd1564741b.jpg,,15,15,0
d3,Ours_ASW_SPC,WIN_20240126_14_27_23_Pro_jpg.rf.3c75ae12f3f31e8efe6b6da4fa6283b3.jpg,,13,13,0
d3,Ours_ASW_SPC,WIN_20240131_11_02_04_Pro_jpg.rf.39ae1f5b7e9e9dce13c81c40918e1fb9.jpg,,14,14,0
d3,Ours_ASW_SPC,WIN_20240126_11_23_03_Pro_jpg.rf.411e01d1929ceff84d47a9344ffdbee8.jpg,,10,10,0
d3,Ours_ASW_SPC,WIN_20240130_16_24_52_Pro_jpg.rf.41102f04a2532387760bf5ea7e665c21.jpg,,13,13,0
d3,Ours_ASW_SPC,WIN_20240129_18_34_48_Pro_jpg.rf.414bba05ba6eff8632390f78d22f9af3.jpg,,16,16,0
d3,Ours_ASW_SPC,WIN_20240130_15_55_38_Pro_jpg.rf.4005cc3c25b63fd05a8c610203ce6989.jpg,,13,13,0
d3,Ours_ASW_SPC,WIN_20240131_11_25_54_Pro_jpg.rf.4208c18c5fe49badca52992e404d2f34.jpg,,11,12,1
d3,Ours_ASW_SPC,WIN_20240127_13_59_22_Pro_jpg.rf.406c35748e046494864bcb6650d904a5.jpg,,16,17,1
d3,Ours_ASW_SPC,WIN_20240126_11_33_55_Pro_jpg.rf.42501a57e81e1485e2db74fd0890aa57.jpg,,10,10,0
d3,Ours_ASW_SPC,WIN_20240129_10_55_03_Pro_jpg.rf.414f65d02dbcd8282a12a9e1d6c6e5bb.jpg,,16,17,1
d3,Ours_ASW_SPC,WIN_20240129_10_58_32_Pro_jpg.rf.436eaca96d44db6eef73c65b04fca909.jpg,,17,17,0
d3,Ours_ASW_SPC,WIN_20240129_16_45_02_Pro_jpg.rf.42da2af13efb43a6eb772245693bf32a.jpg,,15,15,0
d3,Ours_ASW_SPC,WIN_20240126_11_30_29_Pro_jpg.rf.437d565c6a390b9d773c66efdd766623.jpg,,14,15,1
d3,Ours_ASW_SPC,WIN_20240201_15_05_15_Pro_jpg.rf.41bd2eaa3ead195b0270c969c23e995c.jpg,,19,19,0
d3,Ours_ASW_SPC,WIN_20240129_11_24_02_Pro_jpg.rf.43ba822244f4d9ea56d60702bfa2e3b9.jpg,,16,17,1
d3,Ours_ASW_SPC,WIN_20240202_12_17_22_Pro_jpg.rf.4058c86f6c3911a3194f86b50312d3ba.jpg,,15,15,0
d3,Ours_ASW_SPC,WIN_20240126_11_31_40_Pro_jpg.rf.43a501fdb37eb9643b56b017d3b41784.jpg,,12,12,0
d3,Ours_ASW_SPC,WIN_20240202_12_59_12_Pro_jpg.rf.42224ee8e44e17bb355e0c85c022032f.jpg,,13,13,0
d3,Ours_ASW_SPC,WIN_20240202_13_11_37_Pro_jpg.rf.42e2ec994f840a7481f4d1ab5c741234.jpg,,18,19,1
d3,Ours_ASW_SPC,WIN_20240201_15_04_14_Pro_jpg.rf.44456d6b2689d4e5629e5e64c526649e.jpg,,13,13,0
d3,Ours_ASW_SPC,WIN_20240129_10_14_26_Pro_jpg.rf.445877753176976e192ae7593c0f2978.jpg,,17,18,1
d3,Ours_ASW_SPC,WIN_20240126_14_48_19_Pro_jpg.rf.4a2a24b179a3f8d05cf8e2f96fb904e4.jpg,,15,16,1
d3,Ours_ASW_SPC,WIN_20240129_10_43_46_Pro_jpg.rf.445fd45d94dcb48b99028539fc7a2c10.jpg,,13,14,1
d3,Ours_ASW_SPC,WIN_20240130_16_12_40_Pro_jpg.rf.4705e142e81fd0256821bd0c3f919f81.jpg,,15,14,-1
d3,Ours_ASW_SPC,WIN_20240130_16_57_04_Pro_jpg.rf.474e1cd060928c159591aa731c218bd8.jpg,,13,13,0
d3,Ours_ASW_SPC,WIN_20240126_11_21_14_Pro_jpg.rf.44f0d226131bf87e2447b614e785850a.jpg,,10,10,0
d3,Ours_ASW_SPC,WIN_20240202_11_55_32_Pro_jpg.rf.47e256590609a764b0433ec29b5356ce.jpg,,12,12,0
d3,Ours_ASW_SPC,WIN_20240129_11_32_42_Pro_jpg.rf.464f13ad7c1bfa2f54662d16573a9500.jpg,,17,17,0
d3,Ours_ASW_SPC,WIN_20240126_11_36_23_Pro_jpg.rf.417a61c3e3c32a8e510594b69d238aa1.jpg,,10,11,1
d3,Ours_ASW_SPC,WIN_20240202_12_26_46_Pro_jpg.rf.4c2f215f4cedf5cb16ed898296d7797a.jpg,,15,15,0
d3,Ours_ASW_SPC,WIN_20240202_14_03_55_Pro_jpg.rf.4a6d6dcfde76473af82d30656056aba3.jpg,,15,15,0
d3,Ours_ASW_SPC,WIN_20240126_11_47_28_Pro_jpg.rf.4ac510e402753739715241a9b9c9e4a7.jpg,,14,14,0
d3,Ours_ASW_SPC,WIN_20240126_14_42_39_Pro_jpg.rf.4c1708d1f6e3d1583d0e2d5b0c884953.jpg,,15,15,0
d3,Ours_ASW_SPC,WIN_20240202_11_50_07_Pro_jpg.rf.4d1539522adc939fb51793c68b6a22eb.jpg,,14,15,1
d3,Ours_ASW_SPC,WIN_20240126_11_51_20_Pro_jpg.rf.4a15e040f4dc58d57016a7f2e92dd43f.jpg,,12,12,0
d3,Ours_ASW_SPC,WIN_20240126_11_41_24_Pro_jpg.rf.4df07d2d2285435927cdbbd86aeaa685.jpg,,15,15,0
d3,Ours_ASW_SPC,WIN_20240126_14_06_43_Pro_jpg.rf.4d05ee8c0e2792c3cc63ff2477f15b1a.jpg,,15,15,0
d3,Ours_ASW_SPC,WIN_20240130_16_52_15_Pro_jpg.rf.4d19f3a3f79beb51e814ab26810e970d.jpg,,14,14,0
d3,Ours_ASW_SPC,WIN_20240130_16_56_01_Pro_jpg.rf.4713f051c723fbecd5080321c6fea461.jpg,,13,13,0
d3,Ours_ASW_SPC,WIN_20240202_12_08_16_Pro_jpg.rf.4e6bb42821972d8908809c0610d56ae6.jpg,,12,12,0
d3,Ours_ASW_SPC,WIN_20240129_11_09_19_Pro_jpg.rf.4ebee8e368f2fb94facb1364d7fe932c.jpg,,15,15,0
d3,Ours_ASW_SPC,WIN_20240130_16_41_56_Pro_jpg.rf.4e2e453f78b7f07f28f12fdbb29d506d.jpg,,13,14,1
d3,Ours_ASW_SPC,WIN_20240202_13_17_39_Pro_jpg.rf.4ef730e0b4cadc2a985c675a34c03120.jpg,,14,14,0
d3,Ours_ASW_SPC,WIN_20240130_16_53_09_Pro_jpg.rf.4ea4b3e211842c099bac687fff89cf71.jpg,,12,12,0
d3,Ours_ASW_SPC,WIN_20240202_13_20_40_Pro_jpg.rf.4810f1128dc2bb8fc9d311b9512969b5.jpg,,18,18,0
d3,Ours_ASW_SPC,WIN_20240129_10_49_13_Pro_jpg.rf.527020603388449407e49fa9891aefc7.jpg,,16,17,1
d3,Ours_ASW_SPC,WIN_20240129_11_16_48_Pro_jpg.rf.52cef322e1febe699db508a4bfbaf660.jpg,,14,14,0
d3,Ours_ASW_SPC,WIN_20240129_11_35_15_Pro_jpg.rf.50d029b57aafc92af6d5e2217bbbdeec.jpg,,17,17,0
d3,Ours_ASW_SPC,WIN_20240129_17_51_30_Pro_jpg.rf.521bcf8157807ee0ab9603afce51fd30.jpg,,18,20,2
d3,Ours_ASW_SPC,WIN_20240202_13_59_27_Pro_jpg.rf.53039310194e95821491c246fc5c923f.jpg,,14,15,1
d3,Ours_ASW_SPC,WIN_20240129_18_06_43_Pro_jpg.rf.4ee9fe246fa41ba10fb8ed954bffa405.jpg,,15,15,0
d3,Ours_ASW_SPC,WIN_20240126_11_33_13_Pro_jpg.rf.52062c50934c7e419f915c18108f2d04.jpg,,11,11,0
d3,Ours_ASW_SPC,WIN_20240202_12_57_18_Pro_jpg.rf.5277a3c2228851bb6d024af37b611098.jpg,,14,14,0
d3,Ours_ASW_SPC,WIN_20240202_12_22_37_Pro_jpg.rf.54e105a0580f61ae6ce979433208aaf5.jpg,,17,17,0
d3,Ours_ASW_SPC,WIN_20240130_16_08_17_Pro_jpg.rf.5360a38a65150926f5abd85d2fc8555f.jpg,,15,15,0
d3,Ours_ASW_SPC,WIN_20240129_11_20_17_Pro_jpg.rf.55a1347e40b51726b491e8be7c8c1b72.jpg,,16,16,0
d3,Ours_ASW_SPC,WIN_20240129_10_34_22_Pro_jpg.rf.57dfe8be3efa6f226116424bc7603e60.jpg,,14,14,0
d3,Ours_ASW_SPC,WIN_20240129_16_55_01_Pro_jpg.rf.53baeabdb09705569e7d942722d5964c.jpg,,17,16,-1
d3,Ours_ASW_SPC,WIN_20240130_16_54_32_Pro_jpg.rf.55509111c1bd90cbea3a725ac77e7af7.jpg,,14,14,0
d3,Ours_ASW_SPC,WIN_20240129_17_53_55_Pro_jpg.rf.5962868a84df0f507203f1162fa86d6d.jpg,,13,13,0
d3,Ours_ASW_SPC,WIN_20240130_16_18_39_Pro_jpg.rf.5433fd811deecabb18029f952e058acb.jpg,,15,15,0
d3,Ours_ASW_SPC,WIN_20240126_14_04_22_Pro_jpg.rf.585709c2251dae8d4119de171206f56a.jpg,,13,1,-12
d3,Ours_ASW_SPC,WIN_20240202_13_40_27_Pro_jpg.rf.589ff581d9d41e690b95c4cbc520fc05.jpg,,16,16,0
d3,Ours_ASW_SPC,WIN_20240126_14_13_58_Pro_jpg.rf.5499ea7e37bba31056d0d45c796b4bbd.jpg,,17,17,0
d3,Ours_ASW_SPC,WIN_20240129_18_32_21_Pro_jpg.rf.58adcf0d6803b9c57020089717df5198.jpg,,19,19,0
d3,Ours_ASW_SPC,WIN_20240129_16_52_29_Pro_jpg.rf.521391635b21813a6def6492cd707376.jpg,,11,13,2
d3,Ours_ASW_SPC,WIN_20240129_11_30_36_Pro_jpg.rf.58ea1ada47ffb929c2683016d7641133.jpg,,17,17,0
d3,Ours_ASW_SPC,WIN_20240131_11_17_06_Pro_jpg.rf.5a72f504c334907e8ccc834669ce65ac.jpg,,12,13,1
d3,Ours_ASW_SPC,WIN_20240130_15_52_32_Pro_jpg.rf.5b665f9bb0f140e21118f2f3de8d8c7d.jpg,,16,16,0
d3,Ours_ASW_SPC,WIN_20240131_10_55_02_Pro_jpg.rf.5d1419ff4697e04a70f11cd8b5bc3a6e.jpg,,15,15,0
d3,Ours_ASW_SPC,WIN_20240202_13_13_44_Pro_jpg.rf.5b669f75c45b247f5797519b2c4ab4a9.jpg,,15,15,0
d3,Ours_ASW_SPC,WIN_20240129_10_28_59_Pro_jpg.rf.5c4fcfb79c80ab3b03d9a5e4ed704d5a.jpg,,16,16,0
d3,Ours_ASW_SPC,WIN_20240127_14_01_48_Pro_jpg.rf.60fd37839aeb3b5ce4687b2d51ff079b.jpg,,15,16,1
d3,Ours_ASW_SPC,WIN_20240129_11_06_55_Pro_jpg.rf.5e5fec26b4865629574c79a84b855a76.jpg,,15,15,0
d3,Ours_ASW_SPC,WIN_20240129_11_32_12_Pro_jpg.rf.60331de47e1bcee3c395cf07b4c8e2ea.jpg,,15,15,0
d3,Ours_ASW_SPC,WIN_20240202_11_50_55_Pro_jpg.rf.61d277d7784ab604d0dd1385a24b2ba1.jpg,,13,15,2
d3,Ours_ASW_SPC,WIN_20240131_11_14_25_Pro_jpg.rf.606037e07bc301e2a139f85b6cda01c8.jpg,,12,12,0
d3,Ours_ASW_SPC,WIN_20240130_16_28_31_Pro_jpg.rf.5ee74c7495a3cb3cad96fff51585c3bf.jpg,,13,13,0
d3,Ours_ASW_SPC,WIN_20240129_17_03_10_Pro_jpg.rf.62dbc3d49354b1e820b88eeac587e0a8.jpg,,15,15,0
d3,Ours_ASW_SPC,WIN_20240129_11_04_36_Pro_jpg.rf.62b1803fb9dfcf9083fda6c7170f362c.jpg,,14,14,0
d3,Ours_ASW_SPC,WIN_20240131_10_58_14_Pro_jpg.rf.62c94ec75c97d7def9a726cce0d50ae9.jpg,,14,14,0
d3,Ours_ASW_SPC,WIN_20240129_10_23_17_Pro_jpg.rf.61b0a7a6a091aed9dbbcf893f41a4632.jpg,,13,13,0
d3,Ours_ASW_SPC,WIN_20240129_17_04_48_Pro_jpg.rf.58dbd04b46d16fb5f81a5a1d0dd94808.jpg,,18,19,1
d3,Ours_ASW_SPC,WIN_20240126_14_35_05_Pro_jpg.rf.6057971e8d5bdbb710b627482b7d19a8.jpg,,15,18,3
d3,Ours_ASW_SPC,WIN_20240129_11_39_16_Pro_jpg.rf.62c64a7ecebd450b6e10df421e783fd6.jpg,,16,16,0
d3,Ours_ASW_SPC,WIN_20240129_11_29_58_Pro_jpg.rf.631e6d8c8c73fd97f8566f049c40e55b.jpg,,15,4,-11
d3,Ours_ASW_SPC,WIN_20240129_17_03_57_Pro_jpg.rf.6201a15314182ba92ffee4192b80ec3a.jpg,,16,15,-1
d3,Ours_ASW_SPC,WIN_20240129_11_37_16_Pro_jpg.rf.63cb7f316886473e333339c72b2e8c7b.jpg,,15,17,2
d3,Ours_ASW_SPC,WIN_20240202_12_43_17_Pro_jpg.rf.615a1b21d6e0e5526bd7ee139e064c1c.jpg,,13,13,0
d3,Ours_ASW_SPC,WIN_20240202_13_46_11_Pro_jpg.rf.62dc1b606d74f1574842a063cb2cfb0d.jpg,,18,18,0
d3,Ours_ASW_SPC,WIN_20240202_12_08_51_Pro_jpg.rf.6616a0dc11f1d7badde5c154bc60393f.jpg,,15,15,0
d3,Ours_ASW_SPC,WIN_20240131_11_23_09_Pro_jpg.rf.66ebc2ced1666ac8636e31b69a5ac10d.jpg,,10,13,3
d3,Ours_ASW_SPC,WIN_20240129_16_49_22_Pro_jpg.rf.661c9233969276f4776b52744720cd28.jpg,,14,14,0
d3,Ours_ASW_SPC,WIN_20240129_11_27_53_Pro_jpg.rf.697e118c8d6f7c1afa24efa9ce41cd23.jpg,,15,15,0
d3,Ours_ASW_SPC,WIN_20240131_11_28_43_Pro_jpg.rf.698bdd28eb50efd660f998a5ce781ff3.jpg,,11,12,1
d3,Ours_ASW_SPC,WIN_20240126_12_03_33_Pro_jpg.rf.6b0b6eee0b6563aa6e2ae89cd1527148.jpg,,12,12,0
d3,Ours_ASW_SPC,WIN_20240130_15_47_44_Pro_jpg.rf.62e9617f63069b6d0c57d3aa830c73a8.jpg,,18,18,0
d3,Ours_ASW_SPC,WIN_20240129_11_20_41_Pro_jpg.rf.695091c30f847406645d0be0867e86e1.jpg,,15,15,0
d3,Ours_ASW_SPC,WIN_20240131_10_59_21_Pro_jpg.rf.6890229c592d8cec631fa34143a91870.jpg,,14,14,0
d3,Ours_ASW_SPC,WIN_20240130_16_04_10_Pro_jpg.rf.64f3d7463da18ea62393fc53e725bf6f.jpg,,14,14,0
d3,Ours_ASW_SPC,WIN_20240126_14_47_35_Pro_jpg.rf.683819ad6af2c7d24bf59aeb7f728846.jpg,,14,15,1
d3,Ours_ASW_SPC,WIN_20240129_11_26_09_Pro_jpg.rf.6a9c3019af2c127f41ce7f6520f9aead.jpg,,15,17,2
d3,Ours_ASW_SPC,WIN_20240131_11_15_29_Pro_jpg.rf.6d25728137c891405f31a7c703988f45.jpg,,13,13,0
d3,Ours_ASW_SPC,WIN_20240129_10_46_56_Pro_jpg.rf.69baac9c2a52b246f58fffe009fb9698.jpg,,15,16,1
d3,Ours_ASW_SPC,WIN_20240129_11_17_45_Pro_jpg.rf.69834591e170e362770518b0114dd78d.jpg,,13,13,0
d3,Ours_ASW_SPC,WIN_20240130_15_35_36_Pro_jpg.rf.6d2d1ddd3c52f5caa970aed95ed9acbe.jpg,,19,20,1
d3,Ours_ASW_SPC,WIN_20240202_13_13_07_Pro_jpg.rf.6d27de4aedc8495a7286315a5238b58a.jpg,,13,13,0
d3,Ours_ASW_SPC,WIN_20240129_10_21_40_Pro_jpg.rf.6c32a9234b28b53e1834b4d29aad0127.jpg,,13,13,0
d3,Ours_ASW_SPC,WIN_20240127_13_45_20_Pro_jpg.rf.6d9ee628a7a4bd98283f5abdb85bfd67.jpg,,4,14,10
d3,Ours_ASW_SPC,WIN_20240126_14_03_11_Pro_jpg.rf.6d67b04c02ddbab1e6562fb099fc97d4.jpg,,11,11,0
d3,Ours_ASW_SPC,WIN_20240129_18_35_52_Pro_jpg.rf.6ea1cbccd58663b871c1480b39bfae61.jpg,,14,14,0
d3,Ours_ASW_SPC,WIN_20240129_11_37_45_Pro_jpg.rf.6ff969519c47d1bde3d488f0b1cadd5b.jpg,,14,14,0
d3,Ours_ASW_SPC,WIN_20240126_13_54_02_Pro_jpg.rf.6f729ff0362bd5b3cb427db50c3fccb5.jpg,,12,12,0
d3,Ours_ASW_SPC,WIN_20240129_10_45_20_Pro_jpg.rf.72ccb4185601876108af1766721936a5.jpg,,15,16,1
d3,Ours_ASW_SPC,WIN_20240126_11_22_27_Pro_jpg.rf.71b7c193b718365e6004e7cba637c6c6.jpg,,11,11,0
d3,Ours_ASW_SPC,WIN_20240202_12_51_02_Pro_jpg.rf.720f9aaf5401445d610b3bcf4776d308.jpg,,14,16,2
d3,Ours_ASW_SPC,WIN_20240130_16_06_23_Pro_jpg.rf.737690dd5415723f9388f64449ca3f17.jpg,,16,16,0
d3,Ours_ASW_SPC,WIN_20240129_11_29_04_Pro_jpg.rf.731d514f69eb277dcbdd541921c1c04e.jpg,,19,20,1
d3,Ours_ASW_SPC,WIN_20240126_12_12_16_Pro_jpg.rf.6e297730ed0e8e8706788711537def03.jpg,,12,12,0
d3,Ours_ASW_SPC,WIN_20240129_10_50_14_Pro_jpg.rf.761a9d9043521638e850f9eabaa88653.jpg,,17,17,0
d3,Ours_ASW_SPC,WIN_20240126_14_41_41_Pro_jpg.rf.738b78acacb5e4965aa74ba60b5ee260.jpg,,17,18,1
d3,Ours_ASW_SPC,WIN_20240129_18_01_54_Pro_jpg.rf.743f6b905ee4597000cc958e76836e24.jpg,,14,15,1
d3,Ours_ASW_SPC,WIN_20240129_16_48_26_Pro_jpg.rf.73d300bcc5afff6f04f103e45e0b5e93.jpg,,16,17,1
d3,Ours_ASW_SPC,WIN_20240126_12_04_05_Pro_jpg.rf.77e7b86dbfe74d78a204d3ba15f635aa.jpg,,15,15,0
d3,Ours_ASW_SPC,WIN_20240202_13_47_26_Pro_jpg.rf.7869c01c82a3f49651d3ca42e66a625b.jpg,,14,14,0
d3,Ours_ASW_SPC,WIN_20240129_17_55_09_Pro_jpg.rf.7af7552d55eae0a943ad6dec82e871c4.jpg,,13,13,0
d3,Ours_ASW_SPC,WIN_20240126_14_29_56_Pro_jpg.rf.7a59c25384e339f0c519b90ec0447d1e.jpg,,16,17,1
d3,Ours_ASW_SPC,WIN_20240202_12_33_33_Pro_jpg.rf.774a3545faf7d690232c653f94e3b103.jpg,,15,15,0
d3,Ours_ASW_SPC,WIN_20240126_14_12_57_Pro_jpg.rf.737dc38cba73a724fdf0e5c8f1e8d268.jpg,,14,14,0
d3,Ours_ASW_SPC,WIN_20240129_17_45_55_Pro_jpg.rf.7ae2c5e2a4608c2f3b24a38866b89ee8.jpg,,15,15,0
d3,Ours_ASW_SPC,WIN_20240126_12_06_49_Pro_jpg.rf.793cb0e02d0290da970bb97190e1cf41.jpg,,15,15,0
d3,Ours_ASW_SPC,WIN_20240126_11_49_04_Pro_jpg.rf.7b02f6b55565d30186042ff7ef580fb7.jpg,,12,13,1
d3,Ours_ASW_SPC,WIN_20240129_10_52_11_Pro_jpg.rf.6f5d079a69e2e7cb6661f4567980ecd2.jpg,,17,17,0
d3,Ours_ASW_SPC,WIN_20240129_16_45_39_Pro_jpg.rf.7821a8d2d9eb33fc8d11afaffbf6c755.jpg,,12,12,0
d3,Ours_ASW_SPC,WIN_20240129_17_01_04_Pro_jpg.rf.7ab9b7f6828be528aa0cfa14fbcf6aa9.jpg,,13,13,0
d3,Ours_ASW_SPC,WIN_20240129_11_31_32_Pro_jpg.rf.7b98789b41531d6af0c80658ca9ca69a.jpg,,16,17,1
d3,Ours_ASW_SPC,WIN_20240129_16_54_05_Pro_jpg.rf.7c29fb4b8fd31bb99e07e1791ac0dfca.jpg,,15,14,-1
d3,Ours_ASW_SPC,WIN_20240130_16_10_59_Pro_jpg.rf.7b468dce85f0aa237216d3c66882da7e.jpg,,15,15,0
d3,Ours_ASW_SPC,WIN_20240131_11_32_18_Pro_jpg.rf.7bc207ba8375da73941e0b495ec4a5e5.jpg,,13,13,0
d3,Ours_ASW_SPC,WIN_20240202_12_50_22_Pro_jpg.rf.7b04f3c6c3cf469bf9cfab26e2a54db2.jpg,,15,15,0
d3,Ours_ASW_SPC,WIN_20240129_10_37_35_Pro_jpg.rf.7c8b4ed172d31f5e143fa7509b29e467.jpg,,15,15,0
d3,Ours_ASW_SPC,WIN_20240129_18_08_29_Pro_jpg.rf.81535be7d8673299ce8db2022dc51c2a.jpg,,13,1,-12
d3,Ours_ASW_SPC,WIN_20240126_14_00_50_Pro_jpg.rf.81a913a5be7e3f7960b009d5b9948fa3.jpg,,13,13,0
d3,Ours_ASW_SPC,WIN_20240201_15_06_57_Pro_jpg.rf.7c93328e926f5e91be13ac044ef7ae3c.jpg,,16,17,1
d3,Ours_ASW_SPC,WIN_20240129_11_36_48_Pro_jpg.rf.8283fc504b440770706462179c2daca9.jpg,,14,14,0
d3,Ours_ASW_SPC,WIN_20240130_16_58_10_Pro_jpg.rf.83b2b96fc5c37c5e051aafa9a6698b0e.jpg,,12,12,0
d3,Ours_ASW_SPC,WIN_20240129_17_01_42_Pro_jpg.rf.7c55929ec48ba852b9474d1b760b8546.jpg,,15,16,1
d3,Ours_ASW_SPC,WIN_20240127_13_59_46_Pro_jpg.rf.7c324a48a7c23af504b4e4b68515470b.jpg,,16,16,0
d3,Ours_ASW_SPC,WIN_20240126_13_55_58_Pro_jpg.rf.7e2da0db4aad3f3e6d8cf8c4bad7251d.jpg,,12,13,1
d3,Ours_ASW_SPC,WIN_20240126_11_28_09_Pro_jpg.rf.84a0724a1a2fab5f7dd80af0bcb30f49.jpg,,11,11,0
d3,Ours_ASW_SPC,WIN_20240129_17_47_45_Pro_jpg.rf.7f0ec642b6b859d9e2aa952d411c136a.jpg,,15,15,0
d3,Ours_ASW_SPC,WIN_20240127_13_43_57_Pro_jpg.rf.7f0f8a10231dec2c4a87a597e267b03b.jpg,,12,13,1
d3,Ours_ASW_SPC,WIN_20240129_16_58_25_Pro_jpg.rf.7ce4e0013add42ee1befb9a9d04cab3f.jpg,,13,13,0
d3,Ours_ASW_SPC,WIN_20240129_10_20_54_Pro_jpg.rf.84d880d9c0e5b608f68e43d0e4c01c5b.jpg,,13,14,1
d3,Ours_ASW_SPC,WIN_20240202_13_10_51_Pro_jpg.rf.8552b709865648e0d2707f04c40a16bd.jpg,,14,14,0
d3,Ours_ASW_SPC,WIN_20240202_13_39_53_Pro_jpg.rf.88191dfb280c238481a423d1be62dc9a.jpg,,19,19,0
d3,Ours_ASW_SPC,WIN_20240129_16_47_59_Pro_jpg.rf.85a5e39b4421512ed2d80f2704cf4dfa.jpg,,15,15,0
d3,Ours_ASW_SPC,WIN_20240126_14_17_43_Pro_jpg.rf.8967172f1b064fcc9399a3f546920dc2.jpg,,13,13,0
d3,Ours_ASW_SPC,WIN_20240130_16_16_50_Pro_jpg.rf.889f595ed769b0a344cd1d07340ac4c5.jpg,,13,13,0
d3,Ours_ASW_SPC,WIN_20240129_16_46_18_Pro_jpg.rf.8597544e98d3575144abaa60e968b790.jpg,,15,16,1
d3,Ours_ASW_SPC,WIN_20240126_11_16_25_Pro_jpg.rf.86c48a92f863237fa98c015e93960cf5.jpg,,11,13,2
d3,Ours_ASW_SPC,WIN_20240126_11_27_31_Pro_jpg.rf.8b5eb28e7cd63da56b3a9befcf6852b0.jpg,,13,13,0
d3,Ours_ASW_SPC,WIN_20240129_17_49_12_Pro_jpg.rf.89ff58d4cc1d7c1a2d30c20b34b4d17a.jpg,,18,18,0
d3,Ours_ASW_SPC,WIN_20240129_16_42_57_Pro_jpg.rf.879444b9bb20302d551711a97aeb640c.jpg,,15,15,0
d3,Ours_ASW_SPC,WIN_20240202_12_18_39_Pro_jpg.rf.8caa0610e3682f33d55cf434b9a19796.jpg,,17,17,0
d3,Ours_ASW_SPC,WIN_20240129_11_21_08_Pro_jpg.rf.8c1b9d86b1e16604d809442e66cd47f3.jpg,,15,15,0
d3,Ours_ASW_SPC,WIN_20240127_13_58_25_Pro_jpg.rf.8f86838e002a11ec51bd8e69222acdc9.jpg,,14,17,3
d3,Ours_ASW_SPC,WIN_20240129_11_12_54_Pro_jpg.rf.8e84120daa6e1842e71a340bff254cd8.jpg,,17,17,0
d3,Ours_ASW_SPC,WIN_20240202_13_12_37_Pro_jpg.rf.8ff83acf9f75125234a0f60756ff0bc0.jpg,,13,13,0
d3,Ours_ASW_SPC,WIN_20240129_18_16_21_Pro_jpg.rf.8df51bbb632941b24cc917221e53fe3a.jpg,,17,17,0
d3,Ours_ASW_SPC,WIN_20240129_11_17_15_Pro_jpg.rf.906dac8ffb96dc0ef4108cff45389360.jpg,,15,15,0
d3,Ours_ASW_SPC,WIN_20240130_15_48_39_Pro_jpg.rf.90153f9ee9d570368a71a58a6be1fcce.jpg,,16,16,0
d3,Ours_ASW_SPC,WIN_20240202_13_42_14_Pro_jpg.rf.8d96e8faac5a69e37d5c4d629c6aad2b.jpg,,14,14,0
d3,Ours_ASW_SPC,WIN_20240126_12_14_37_Pro_jpg.rf.8e3c0786ac8fc1621f2c6ceba00205e5.jpg,,17,17,0
d3,Ours_ASW_SPC,WIN_20240126_11_13_58_Pro_jpg.rf.8c256cf9cf05e964fbef3144e0771b05.jpg,,10,9,-1
d3,Ours_ASW_SPC,WIN_20240126_14_53_37_Pro_jpg.rf.925d096c1d52e48badbb7bcfaf0efc6a.jpg,,10,10,0
d3,Ours_ASW_SPC,WIN_20240202_12_11_42_Pro_jpg.rf.91e9b50438d5b44e7f9a511dedc2265b.jpg,,14,14,0
d3,Ours_ASW_SPC,WIN_20240202_11_52_45_Pro_jpg.rf.94b2a11fef5edea0c7eca6376a5f2320.jpg,,14,14,0
d3,Ours_ASW_SPC,WIN_20240129_11_02_40_Pro_jpg.rf.945405099d1075d5ad07194e63a41226.jpg,,16,16,0
d3,Ours_ASW_SPC,WIN_20240129_11_34_07_Pro_jpg.rf.9314a5ff2d7c8da364ffd04fad4270dd.jpg,,14,15,1
d3,Ours_ASW_SPC,WIN_20240129_16_46_59_Pro_jpg.rf.95d5fd8bb1cd94b6e8e759df8e0c5c6f.jpg,,16,16,0
d3,Ours_ASW_SPC,WIN_20240202_13_04_14_Pro_jpg.rf.958b2b67defb8a839cfaf1b85abca176.jpg,,12,12,0
d3,Ours_ASW_SPC,WIN_20240130_16_19_13_Pro_jpg.rf.9509b479d37b1342167890edc986f562.jpg,,16,17,1
d3,Ours_ASW_SPC,WIN_20240202_13_45_31_Pro_jpg.rf.95a90d7f96a4fb4eaf24ac5b131fd450.jpg,,16,16,0
d3,Ours_ASW_SPC,WIN_20240126_11_49_48_Pro_jpg.rf.96f75124cbd7b05d90759f1ec9f7e60d.jpg,,13,13,0
d3,Ours_ASW_SPC,WIN_20240202_13_15_41_Pro_jpg.rf.95936b9b306a1a2730decb1440d81881.jpg,,19,19,0
d3,Ours_ASW_SPC,WIN_20240129_10_57_23_Pro_jpg.rf.9690bde24b36ecc771f794939418f407.jpg,,18,17,-1
d3,Ours_ASW_SPC,WIN_20240201_15_10_08_Pro_jpg.rf.954ee9faae9a7cb53750b1bf34096f73.jpg,,15,15,0
d3,Ours_ASW_SPC,WIN_20240129_18_09_38_Pro_jpg.rf.95e883b4e9b091fc757dbc0752965133.jpg,,14,14,0
d3,Ours_ASW_SPC,WIN_20240129_18_34_06_Pro_jpg.rf.994216dfa3f1be74fea80165746f75d8.jpg,,18,18,0
d3,Ours_ASW_SPC,WIN_20240202_12_49_52_Pro_jpg.rf.9c4c5a6249fa1c5e684985b086164401.jpg,,13,13,0
d3,Ours_ASW_SPC,WIN_20240201_15_08_44_Pro_jpg.rf.9a9b13f998e4e65e63428a3776171592.jpg,,12,13,1
d3,Ours_ASW_SPC,WIN_20240127_13_54_57_Pro_jpg.rf.984207e9047767b064babf8ca3f319ad.jpg,,15,16,1
d3,Ours_ASW_SPC,WIN_20240131_10_55_47_Pro_jpg.rf.9d28fa84b9e7667e52a8aed10b9da49d.jpg,,14,14,0
d3,Ours_ASW_SPC,WIN_20240126_12_12_57_Pro_jpg.rf.9cb05b39df8e8ff5e3c07a344f698d94.jpg,,16,16,0
d3,Ours_ASW_SPC,WIN_20240202_12_32_24_Pro_jpg.rf.9bc13fddc6a5ecbda6cac73d9d826e85.jpg,,14,14,0
d3,Ours_ASW_SPC,WIN_20240131_11_08_18_Pro_jpg.rf.9c946548a3fa4eb6b483417faceb9170.jpg,,13,13,0
d3,Ours_ASW_SPC,WIN_20240129_18_04_33_Pro_jpg.rf.9883eca333459f1a8017582757e2e645.jpg,,14,14,0
d3,Ours_ASW_SPC,WIN_20240127_13_44_34_Pro_jpg.rf.9ca915916cd745c2491cdc3ec348e037.jpg,,11,11,0
d3,Ours_ASW_SPC,WIN_20240131_11_25_16_Pro_jpg.rf.9c4c390173186e8b302c4f894529a63a.jpg,,13,12,-1
d3,Ours_ASW_SPC,WIN_20240126_11_24_00_Pro_jpg.rf.9e8e00d36a36128c44010c85db8072b5.jpg,,10,10,0
d3,Ours_ASW_SPC,WIN_20240127_13_52_39_Pro_jpg.rf.9b033ec7900fab8e08e8e7d3a82d62da.jpg,,16,16,0
d3,Ours_ASW_SPC,WIN_20240126_13_35_30_Pro_jpg.rf.9eb3312a9468ec060d673ce1dd0cf970.jpg,,15,15,0
d3,Ours_ASW_SPC,WIN_20240131_11_30_58_Pro_jpg.rf.a01776502d1fe3d889485f92b3f7469f.jpg,,10,13,3
d3,Ours_ASW_SPC,WIN_20240131_11_24_33_Pro_jpg.rf.99847bcd2e2066b4f296c57075e10f15.jpg,,13,13,0
d3,Ours_ASW_SPC,WIN_20240129_11_08_08_Pro_jpg.rf.9f29f02a478400855467e21b806b7767.jpg,,15,15,0
d3,Ours_ASW_SPC,WIN_20240126_14_40_50_Pro_jpg.rf.9ee2e0a3516e35d31a52bc04d16f38b1.jpg,,14,14,0
d3,Ours_ASW_SPC,WIN_20240131_11_06_19_Pro_jpg.rf.a132e55755064b8e77867870c1a6dfc6.jpg,,15,15,0
d3,Ours_ASW_SPC,WIN_20240126_11_51_54_Pro_jpg.rf.a08f2f75e70a5516d1b77ee695a8138a.jpg,,13,13,0
d3,Ours_ASW_SPC,WIN_20240129_16_55_57_Pro_jpg.rf.9f619ded33c906a2778175f36facf9ee.jpg,,15,15,0
d3,Ours_ASW_SPC,WIN_20240127_13_48_39_Pro_jpg.rf.a343f4b84ed4f516b5957600528622b4.jpg,,14,14,0
d3,Ours_ASW_SPC,WIN_20240201_15_06_05_Pro_jpg.rf.ac06829cc10cb77d434d545b70460300.jpg,,14,15,1
d3,Ours_ASW_SPC,WIN_20240126_11_28_47_Pro_jpg.rf.a686dc0c9d69a6d7677a0abba3f7f2c0.jpg,,12,12,0
d3,Ours_ASW_SPC,WIN_20240130_16_34_31_Pro_jpg.rf.a619882e5e6aa97fdd38ebb0c0c2e65d.jpg,,15,15,0
d3,Ours_ASW_SPC,WIN_20240129_17_45_14_Pro_jpg.rf.adc69c8d5056760ed2c3274799d3c78d.jpg,,15,15,0
d3,Ours_ASW_SPC,WIN_20240201_14_59_34_Pro_jpg.rf.a50eaeaaa6be490646f1a65102e84ec7.jpg,,13,14,1
d3,Ours_ASW_SPC,WIN_20240201_15_14_14_Pro_jpg.rf.b0430ed09059edbe7135f78abac76b16.jpg,,16,16,0
d3,Ours_ASW_SPC,WIN_20240129_11_25_32_Pro_jpg.rf.aee97d02c862f3c8d62a66b789675570.jpg,,18,20,2
d3,Ours_ASW_SPC,WIN_20240202_12_27_54_Pro_jpg.rf.adc2fd262b6187a631356e2d46756782.jpg,,15,15,0
d3,Ours_ASW_SPC,WIN_20240126_11_25_25_Pro_jpg.rf.b13f822f92165f7087780918261fa5d9.jpg,,14,14,0
d3,Ours_ASW_SPC,WIN_20240126_11_39_09_Pro_jpg.rf.ad09ad4ecc0a14e6b95b20adedeeba62.jpg,,14,14,0
d3,Ours_ASW_SPC,WIN_20240126_11_54_47_Pro_jpg.rf.b280db51fbe83ffdf047a3f3d6020438.jpg,,15,15,0
d3,Ours_ASW_SPC,WIN_20240130_16_59_02_Pro_jpg.rf.b1257bdce0064ee4aa2cba1b464d6d25.jpg,,14,14,0
d3,Ours_ASW_SPC,WIN_20240202_11_54_46_Pro_jpg.rf.af7544ccdeb305d5f2b0a02d37090077.jpg,,12,12,0
d3,Ours_ASW_SPC,WIN_20240131_11_13_44_Pro_jpg.rf.a86d0e54ddd2fb36f931332cacd5f61f.jpg,,14,14,0
d3,Ours_ASW_SPC,WIN_20240130_15_39_41_Pro_jpg.rf.adcf4cf2a1c4b47fcf098796ee755db5.jpg,,16,17,1
d3,Ours_ASW_SPC,WIN_20240129_11_33_21_Pro_jpg.rf.b40ac631559479eb41e93cde8e29e515.jpg,,18,18,0
d3,Ours_ASW_SPC,WIN_20240129_11_05_09_Pro_jpg.rf.b3c2ba94f657cbbc48a672d153bf94c5.jpg,,12,12,0
d3,Ours_ASW_SPC,WIN_20240202_12_35_07_Pro_jpg.rf.b52fda488316871e0c490860023209e7.jpg,,18,18,0
d3,Ours_ASW_SPC,WIN_20240126_14_14_22_Pro_jpg.rf.b55af3a664ae7729cfb215a343cf268d.jpg,,13,13,0
d3,Ours_ASW_SPC,WIN_20240130_16_51_33_Pro_jpg.rf.b41735e0dfc0c910fec3467288a56517.jpg,,12,12,0
d3,Ours_ASW_SPC,WIN_20240129_10_55_53_Pro_jpg.rf.b5bf156480bb45a28e125485adeb7e2f.jpg,,15,16,1
d3,Ours_ASW_SPC,WIN_20240126_12_07_36_Pro_jpg.rf.b711ac3dc0bcf4462dc2831292af46d8.jpg,,19,19,0
d3,Ours_ASW_SPC,WIN_20240129_17_41_35_Pro_jpg.rf.b58ad89f076ed975a662226b8af1bc3f.jpg,,17,17,0
d3,Ours_ASW_SPC,WIN_20240129_18_30_46_Pro_jpg.rf.ba293696b94aafe7457a86d436ae7c99.jpg,,15,15,0
d3,Ours_ASW_SPC,WIN_20240130_15_42_58_Pro_jpg.rf.b866c0ebd3103a0b10ef6b21b20cc0cb.jpg,,20,21,1
d3,Ours_ASW_SPC,WIN_20240129_10_33_13_Pro_jpg.rf.bcec5682f885a5f714c8b94d009fdb0c.jpg,,17,18,1
d3,Ours_ASW_SPC,WIN_20240130_16_44_35_Pro_jpg.rf.ba10f8f5305a0c8dbf849c1f6e72ce23.jpg,,13,14,1
d3,Ours_ASW_SPC,WIN_20240126_11_26_47_Pro_jpg.rf.b9f103dd1d82abd6975193dc7a580465.jpg,,11,11,0
d3,Ours_ASW_SPC,WIN_20240131_11_26_20_Pro_jpg.rf.bdd8108a0275c033a00443e8c793f589.jpg,,10,11,1
d3,Ours_ASW_SPC,WIN_20240129_18_18_21_Pro_jpg.rf.bf1578dc4eee15eef246819f09703b0c.jpg,,14,14,0
d3,Ours_ASW_SPC,WIN_20240129_18_14_31_Pro_jpg.rf.c481c5acbb17998f3f1cdb893bcd07c8.jpg,,14,14,0
d3,Ours_ASW_SPC,WIN_20240126_11_44_57_Pro_jpg.rf.c4357c3253067e711eac2fcfa6a648e2.jpg,,18,18,0
d3,Ours_ASW_SPC,WIN_20240127_13_47_52_Pro_jpg.rf.c3b6f42e06aab90a8d075f33aa768f36.jpg,,15,15,0
d3,Ours_ASW_SPC,WIN_20240202_13_05_46_Pro_jpg.rf.c479c28c25dafb7ee87682bc0ba6f920.jpg,,19,19,0
d3,Ours_ASW_SPC,WIN_20240129_11_14_02_Pro_jpg.rf.c3be38b488659b6a20f9edca153bf90c.jpg,,17,17,0
d3,Ours_ASW_SPC,WIN_20240127_13_47_18_Pro_jpg.rf.0166d2906ccb16ad5d7fc3b284356c7c.jpg,,16,17,1
d3,Ours_ASW_SPC,WIN_20240129_16_39_37_Pro_jpg.rf.024bdcc59b7db36faa417ea5dc633d15.jpg,,16,17,1
d3,Ours_ASW_SPC,WIN_20240131_11_07_30_Pro_jpg.rf.025f8282a6d83da9d53f8894e9e73487.jpg,,16,16,0
d3,Ours_ASW_SPC,WIN_20240131_11_05_16_Pro_jpg.rf.07255478f49dee03ee64d95f5919adde.jpg,,14,14,0
d3,Ours_ASW_SPC,WIN_20240126_13_48_39_Pro_jpg.rf.062472630073d9588914ea9036336329.jpg,,13,13,0
d3,Ours_ASW_SPC,WIN_20240126_13_58_29_Pro_jpg.rf.048df91235402b0af4e205342e854a91.jpg,,14,14,0
d3,Ours_ASW_SPC,WIN_20240126_14_07_15_Pro_jpg.rf.073b896d9ffd9a8b30833a88b99d3da7.jpg,,15,15,0
d3,Ours_ASW_SPC,WIN_20240127_14_02_25_Pro_jpg.rf.0aa0fc001d2621332c37bcf49918707d.jpg,,15,15,0
d3,Ours_ASW_SPC,WIN_20240130_16_18_05_Pro_jpg.rf.0c750fdc610fb82b7424e855c423876f.jpg,,16,16,0
d3,Ours_ASW_SPC,WIN_20240202_13_05_03_Pro_jpg.rf.022cb5ba9179e9ee9d11a28c82b2752d.jpg,,16,16,0
d3,Ours_ASW_SPC,WIN_20240127_14_00_14_Pro_jpg.rf.09284d87c385bd0b847149115889feb6.jpg,,16,15,-1
d3,Ours_ASW_SPC,WIN_20240126_11_35_19_Pro_jpg.rf.0cd7bc4ff952963a03acd142af2d145c.jpg,,15,15,0
d3,Ours_ASW_SPC,WIN_20240131_11_18_07_Pro_jpg.rf.0d4a4be25388dcf318307b75aa11f4c7.jpg,,12,12,0
d3,Ours_ASW_SPC,WIN_20240201_14_57_25_Pro_jpg.rf.0fcc73150d17a6f28cdda474d35a281c.jpg,,15,16,1
d3,Ours_ASW_SPC,WIN_20240202_12_55_40_Pro_jpg.rf.0910c9975fdfca45bf46c0152a1e1c6a.jpg,,15,15,0
d3,Ours_ASW_SPC,WIN_20240129_16_59_18_Pro_jpg.rf.0f6100fd0ebb8290573f318a51223c3c.jpg,,15,17,2
d3,Ours_ASW_SPC,WIN_20240129_18_04_09_Pro_jpg.rf.12d1ee6717ee20059022f5500cfca144.jpg,,15,15,0
d3,Ours_ASW_SPC,WIN_20240129_18_24_42_Pro_jpg.rf.13761ac676a3ec2c8fe50289a343a3d8.jpg,,18,18,0
d3,Ours_ASW_SPC,WIN_20240129_10_29_39_Pro_jpg.rf.138cad6a6c2f56ade452a307871164ca.jpg,,16,16,0
d3,Ours_ASW_SPC,WIN_20240127_13_58_51_Pro_jpg.rf.1496f2ecd05ad09409329c1755d92137.jpg,,13,14,1
d3,Ours_ASW_SPC,WIN_20240126_14_29_22_Pro_jpg.rf.15bd920253c4e0dc55c05c177c8bb765.jpg,,10,10,0
d3,Ours_ASW_SPC,WIN_20240201_15_13_31_Pro_jpg.rf.13fe0d64a439126647f66269e0f4bf5f.jpg,,13,13,0
d3,Ours_ASW_SPC,WIN_20240130_16_03_04_Pro_jpg.rf.166cc648fe88ecc932a75b58797987d7.jpg,,14,15,1
d3,Ours_ASW_SPC,WIN_20240130_16_47_55_Pro_jpg.rf.18242db3be47e1d985672c2b4839960d.jpg,,13,13,0
d3,Ours_ASW_SPC,WIN_20240202_13_50_52_Pro_jpg.rf.1ae877b88d88a4290535701521717e18.jpg,,14,14,0
d3,Ours_ASW_SPC,WIN_20240202_12_53_53_Pro_jpg.rf.1982b411ed54fc48b798797bccabca57.jpg,,15,15,0
d3,Ours_ASW_SPC,WIN_20240202_13_42_39_Pro_jpg.rf.1b868f8d6481b83283835aa582de7c21.jpg,,14,15,1
d3,Ours_ASW_SPC,WIN_20240126_14_56_48_Pro_jpg.rf.1c7b79bba2bb70af8158be8d3c931e1e.jpg,,14,17,3
d3,Ours_ASW_SPC,WIN_20240126_11_40_34_Pro_jpg.rf.1e597acd19d0a739d422cbbc2c9039e4.jpg,,18,19,1
d3,Ours_ASW_SPC,WIN_20240130_16_15_06_Pro_jpg.rf.1fad99db759158746e45a9390b6785de.jpg,,15,15,0
d3,Ours_ASW_SPC,WIN_20240130_16_21_00_Pro_jpg.rf.1d95787598a0eaad234d0e3b014f4e9d.jpg,,12,12,0
d3,Ours_ASW_SPC,WIN_20240201_15_11_58_Pro_jpg.rf.222c772c6e2a3af147c7a1005b806569.jpg,,16,16,0
d3,Ours_ASW_SPC,WIN_20240202_12_16_26_Pro_jpg.rf.262da52f2fb62fc5bf3db4ef6f2719cc.jpg,,11,15,4
d3,Ours_ASW_SPC,WIN_20240131_10_57_37_Pro_jpg.rf.29abdb36a9d864f553db410261c3a118.jpg,,15,15,0
d3,Ours_ASW_SPC,WIN_20240202_12_23_25_Pro_jpg.rf.27d056c1c1151b2a87ed591fb862f961.jpg,,19,19,0
d3,Ours_ASW_SPC,WIN_20240131_10_52_04_Pro_jpg.rf.2dd8343dd1b7a4d3e151ff60f5fb6386.jpg,,18,19,1
d3,Ours_ASW_SPC,WIN_20240126_14_46_54_Pro_jpg.rf.302ea8aa444394ac13f215d92073b0b3.jpg,,15,15,0
d3,Ours_ASW_SPC,WIN_20240130_15_38_46_Pro_jpg.rf.31348f1e3f1a74db37d728b3dc37b4a3.jpg,,17,17,0
d3,Ours_ASW_SPC,WIN_20240129_11_36_15_Pro_jpg.rf.6652914b878156808d1c007d0dee4b58.jpg,,14,14,0
d3,Ours_ASW_SPC,WIN_20240126_13_57_13_Pro_jpg.rf.64f051a923d884874bc1275176aad6ca.jpg,,12,12,0
d3,Ours_ASW_SPC,WIN_20240127_13_53_15_Pro_jpg.rf.674033cbea5349794f78ca3780ccbeb8.jpg,,15,15,0
d3,Ours_ASW_SPC,WIN_20240129_16_41_29_Pro_jpg.rf.52d3a55af2dcf65b7d72cd98f9cdcd94.jpg,,19,19,0
d3,Ours_ASW_SPC,WIN_20240202_14_04_27_Pro_jpg.rf.657f80013b79fcc57f3f714c3ca2ee47.jpg,,15,15,0
d3,Ours_ASW_SPC,WIN_20240202_13_50_17_Pro_jpg.rf.6564843d289cfd2c42be7e04b91d8591.jpg,,14,14,0
d3,Ours_ASW_SPC,WIN_20240130_15_46_55_Pro_jpg.rf.4dd456dc47044e780690e16111e73324.jpg,,13,12,-1
d3,Ours_ASW_SPC,WIN_20240126_11_57_52_Pro_jpg.rf.5938f3be25ab86221e3895fd241f764e.jpg,,18,18,0
d3,Ours_ASW_SPC,WIN_20240202_12_15_44_Pro_jpg.rf.68d0b1cc0606a149d7868517cc27d11d.jpg,,13,13,0
d3,Ours_ASW_SPC,WIN_20240129_11_38_18_Pro_jpg.rf.648a9d0f6fd4259b173c68cd14fc0e28.jpg,,18,18,0
d3,Ours_ASW_SPC,WIN_20240127_13_50_55_Pro_jpg.rf.586fabd7363a128d25bddbbc9256111e.jpg,,13,13,0
d3,Ours_ASW_SPC,WIN_20240126_14_15_49_Pro_jpg.rf.4e3a2737db82be949cae4ba39e05b53e.jpg,,10,10,0
d3,Ours_ASW_SPC,WIN_20240129_10_30_10_Pro_jpg.rf.52ec3f9ca1ca182f6f37be9e7e765849.jpg,,14,14,0
d3,Ours_ASW_SPC,WIN_20240202_12_01_12_Pro_jpg.rf.63bac7da1e7ab82786761b43f59e5e93.jpg,,12,12,0
d3,Ours_ASW_SPC,WIN_20240129_11_12_07_Pro_jpg.rf.556e4098d17598942436d8c5235739a7.jpg,,15,15,0
d3,Ours_ASW_SPC,WIN_20240202_12_31_40_Pro_jpg.rf.5b90153eae11ff405b06f970420b89b2.jpg,,15,15,0
d3,Ours_ASW_SPC,WIN_20240129_11_22_16_Pro_jpg.rf.4cd540647dd8d28ee6c9013e75229bc2.jpg,,17,17,0
d3,Ours_ASW_SPC,WIN_20240126_11_50_40_Pro_jpg.rf.6955042005db49274dd07b952ea0d5ec.jpg,,14,14,0
d3,Ours_ASW_SPC,WIN_20240131_11_18_51_Pro_jpg.rf.5e71c827a2ccf42b94f767e565cdbc93.jpg,,13,0,-13
d3,Ours_ASW_SPC,WIN_20240202_12_28_59_Pro_jpg.rf.59b1faaa26a1eb364fd70a0039255cd4.jpg,,13,13,0
d3,Ours_ASW_SPC,WIN_20240129_11_35_49_Pro_jpg.rf.629607a55cf71787daa5ec6b69c06591.jpg,,16,16,0
d3,Ours_ASW_SPC,WIN_20240129_16_42_04_Pro_jpg.rf.4a1a028d81e712ef8dcbd4351bf6ffc3.jpg,,17,17,0
d3,Ours_ASW_SPC,WIN_20240130_16_46_26_Pro_jpg.rf.69fda41222843661ece1d1fcd07f13be.jpg,,12,12,0
d3,Ours_ASW_SPC,WIN_20240129_18_15_10_Pro_jpg.rf.60695e9406022a7f5daba2838cce309e.jpg,,16,16,0
d3,Ours_ASW_SPC,WIN_20240129_16_44_22_Pro_jpg.rf.6bd8fa180a3e3665a18ea662076cb705.jpg,,13,14,1
d3,Ours_ASW_SPC,WIN_20240202_13_16_47_Pro_jpg.rf.5669ca5a371d607cfaa609c588004f16.jpg,,19,18,-1
d3,Ours_ASW_SPC,WIN_20240126_11_19_06_Pro_jpg.rf.7051ecaf49783b2009ce466d281ce8db.jpg,,11,11,0
d3,Ours_ASW_SPC,WIN_20240126_14_30_26_Pro_jpg.rf.7df24f0b8a5caddf25e25668763e9c52.jpg,,14,14,0
d3,Ours_ASW_SPC,WIN_20240130_15_57_30_Pro_jpg.rf.7d2aba3c1332342cc09ddfc7d1b84bf2.jpg,,13,14,1
d3,Ours_ASW_SPC,WIN_20240130_16_57_38_Pro_jpg.rf.8ab2e7d9feb46b2313a172d08ca08258.jpg,,13,14,1
d3,Ours_ASW_SPC,WIN_20240129_10_27_35_Pro_jpg.rf.70418229f3e82a9cc659b0b9f4ef03be.jpg,,15,15,0
d3,Ours_ASW_SPC,WIN_20240129_11_00_46_Pro_jpg.rf.7cb734c60ddb162ff72aed840d6abecc.jpg,,13,13,0
d3,Ours_ASW_SPC,WIN_20240202_12_24_42_Pro_jpg.rf.825782a0a68c2c3adf227dec6f044162.jpg,,17,17,0
d3,Ours_ASW_SPC,WIN_20240126_14_18_58_Pro_jpg.rf.6d72c2b0e2f37d9dacddb0c5fa2fd8ab.jpg,,19,19,0
d3,Ours_ASW_SPC,WIN_20240129_11_24_28_Pro_jpg.rf.82bb8cf9d8ffba6aea16f6a24f8c8785.jpg,,13,13,0
d3,Ours_ASW_SPC,WIN_20240129_10_28_21_Pro_jpg.rf.9276bb4254d78b78889863f100303c2f.jpg,,12,12,0
d3,Ours_ASW_SPC,WIN_20240130_15_51_30_Pro_jpg.rf.75d5d708775e5ac9e43a689f44c4732a.jpg,,16,16,0
d3,Ours_ASW_SPC,WIN_20240129_16_51_53_Pro_jpg.rf.8f4c7100dba2731be949f0ad7bce55c6.jpg,,14,14,0
d3,Ours_ASW_SPC,WIN_20240126_11_34_26_Pro_jpg.rf.8edd67157e33c2e05c26f1fde1507204.jpg,,12,12,0
d3,Ours_ASW_SPC,WIN_20240202_12_24_04_Pro_jpg.rf.92b0b5e054ab46a11a26ab7e3aff42e9.jpg,,12,12,0
d3,Ours_ASW_SPC,WIN_20240130_16_35_53_Pro_jpg.rf.7184864308cc744301402452962152a2.jpg,,13,13,0
d3,Ours_ASW_SPC,WIN_20240130_15_37_52_Pro_jpg.rf.ac676a48d4d229dbe8ce3897bf047cea.jpg,,16,16,0
d3,Ours_ASW_SPC,WIN_20240130_16_47_24_Pro_jpg.rf.79480f9c8714fa0b78957327add4e1b6.jpg,,12,12,0
d3,Ours_ASW_SPC,WIN_20240126_11_31_09_Pro_jpg.rf.9387fbbc5d198fd74f4d80f5cb260fb5.jpg,,13,12,-1
d3,Ours_ASW_SPC,WIN_20240202_13_09_09_Pro_jpg.rf.8f769b130440193fd9c15cc9e11a7df7.jpg,,19,19,0
d3,Ours_ASW_SPC,WIN_20240130_15_41_21_Pro_jpg.rf.8a0b3beea14df5c65a2a3bf7a90263ef.jpg,,16,16,0
d3,Ours_ASW_SPC,WIN_20240202_13_44_43_Pro_jpg.rf.92577bdc6c5f750f78958f0a52d82f4a.jpg,,16,0,-16
d3,Ours_ASW_SPC,WIN_20240201_14_58_10_Pro_jpg.rf.a38f40ade7bdc28647f616471d2fe088.jpg,,14,17,3
d3,Ours_ASW_SPC,WIN_20240130_16_49_35_Pro_jpg.rf.97c9614c8c47f48b2769f8a654358b5a.jpg,,16,16,0
d3,Ours_ASW_SPC,WIN_20240130_16_26_00_Pro_jpg.rf.b7e4a05eb67e0b8868e573506d7c9f93.jpg,,13,13,0
d3,Ours_ASW_SPC,WIN_20240129_11_28_32_Pro_jpg.rf.aa69618e2042371ab49ada49ec04ed6d.jpg,,13,13,0
d3,Ours_ASW_SPC,WIN_20240126_14_49_47_Pro_jpg.rf.bbdd1f964d0c48c65ec095b1bdbfcfe6.jpg,,15,15,0
d3,Ours_ASW_SPC,WIN_20240126_12_06_14_Pro_jpg.rf.bd8d8057c93371c46a7f1918f1487abc.jpg,,15,15,0
d3,Ours_ASW_SPC,WIN_20240202_13_55_43_Pro_jpg.rf.b3f16eb1a220c5d9a107a11e94d12bc5.jpg,,17,17,0
d3,Ours_ASW_SPC,WIN_20240129_10_15_42_Pro_jpg.rf.710f15998824888f1bc3ce4610f44fda.jpg,,13,13,0
d3,Ours_ASW_SPC,WIN_20240126_14_01_56_Pro_jpg.rf.babb371f86c1c16eb2ff1cf2a3f3ec41.jpg,,12,12,0
d3,Ours_ASW_SPC,WIN_20240126_12_20_10_Pro_jpg.rf.c2b64b0dc88b54d038c99f38c234b2f2.jpg,,12,12,0
d3,Ours_ASW_SPC,WIN_20240131_11_34_06_Pro_jpg.rf.b92073310405282e6ce923b5ea6e1d40.jpg,,12,14,2
d3,Ours_ASW_SPC,WIN_20240126_14_03_48_Pro_jpg.rf.a4e13e7c309a6ea77dd289c4208dc009.jpg,,14,14,0
d3,Ours_ASW_SPC,WIN_20240129_10_17_39_Pro_jpg.rf.bf8719731599c0aae838c4e516a99036.jpg,,13,13,0
d3,Ours_ASW_SPC,WIN_20240131_11_28_07_Pro_jpg.rf.ba4a5e8318e29d756495149de07939e4.jpg,,12,12,0
d3,Ours_ASW_SPC,WIN_20240130_15_55_03_Pro_jpg.rf.adb3cad67104e306852f55a4c9d33eb4.jpg,,15,15,0
d3,Ours_ASW_SPC,WIN_20240201_15_08_04_Pro_jpg.rf.d0089e09fa3172cc45661b3f0b575232.jpg,,14,14,0
d3,Ours_ASW_SPC,WIN_20240202_12_25_34_Pro_jpg.rf.cd6fc0c2749e251669cf536c66292c39.jpg,,17,18,1
d3,Ours_ASW_SPC,WIN_20240202_12_53_19_Pro_jpg.rf.ad92cc4729b8fa4b240779ff997484f4.jpg,,15,15,0
d3,Ours_ASW_SPC,WIN_20240126_14_31_02_Pro_jpg.rf.b025ad6ce039dcfbff98c3eb2e111a14.jpg,,13,13,0
d3,Ours_ASW_SPC,WIN_20240129_17_42_27_Pro_jpg.rf.d5ce288f97eae9650bd36e50398ebc0c.jpg,,16,16,0
d3,Ours_ASW_SPC,WIN_20240126_14_44_52_Pro_jpg.rf.d76cc826207ddff8845148014e61ff24.jpg,,13,13,0
d3,Ours_ASW_SPC,WIN_20240201_15_00_13_Pro_jpg.rf.d877795265c18cd6deb7f27553417094.jpg,,13,14,1
d3,Ours_ASW_SPC,WIN_20240131_11_20_17_Pro_jpg.rf.cf7ea439cacb2037a477037b5cd8c3d2.jpg,,14,14,0
d3,Ours_ASW_SPC,WIN_20240126_14_05_36_Pro_jpg.rf.d21847ff7f5dec31de78bf68ae4be558.jpg,,13,13,0
d3,Ours_ASW_SPC,WIN_20240129_11_40_27_Pro_jpg.rf.d5c65537e7e9f65b7b0774dcc9ac516c.jpg,,14,14,0
d3,Ours_ASW_SPC,WIN_20240202_12_48_43_Pro_jpg.rf.d07487447369b6926f08229400313ce9.jpg,,15,15,0
d3,Ours_ASW_SPC,WIN_20240130_16_01_17_Pro_jpg.rf.e0d5a1d90273f7120c78238465377820.jpg,,15,15,0
d3,Ours_ASW_SPC,WIN_20240126_12_08_16_Pro_jpg.rf.d644c237c7074e701d05efcfc2254a6e.jpg,,14,14,0
d3,Ours_ASW_SPC,WIN_20240130_16_48_41_Pro_jpg.rf.b1302e67eec4878fb02238a5a9ad3af5.jpg,,13,12,-1
d3,Ours_ASW_SPC,WIN_20240202_14_00_35_Pro_jpg.rf.dc77aa181fe7d805b4e5c7f6991c9193.jpg,,17,17,0
d3,Ours_ASW_SPC,WIN_20240202_11_57_43_Pro_jpg.rf.d54146c706da3428596886549f200b78.jpg,,15,16,1
d3,Ours_ASW_SPC,WIN_20240129_11_38_42_Pro_jpg.rf.d2c76d004bc1cccf7abbdcb046af2f16.jpg,,17,17,0
d3,Ours_ASW_SPC,WIN_20240130_15_50_25_Pro_jpg.rf.e3bfe6138edd72f07867d467da2b48b5.jpg,,16,16,0
d3,Ours_ASW_SPC,WIN_20240129_18_22_59_Pro_jpg.rf.e237cd2577fc99badbf5fb1783da3f72.jpg,,17,17,0
d3,Ours_ASW_SPC,WIN_20240129_18_26_55_Pro_jpg.rf.e537ad438b15d85f7c399ff71e739725.jpg,,16,17,1
d3,Ours_ASW_SPC,WIN_20240129_10_53_51_Pro_jpg.rf.d64651ac02dbf9d9724a214aed685291.jpg,,18,18,0
d3,Ours_ASW_SPC,WIN_20240127_13_53_50_Pro_jpg.rf.e8915eb48efab7e97f9e67fa6db3643f.jpg,,15,15,0
d3,Ours_ASW_SPC,WIN_20240202_12_58_07_Pro_jpg.rf.e80341a287310ff07f5d6c09650158e2.jpg,,16,16,0
d3,Ours_ASW_SPC,WIN_20240202_12_30_18_Pro_jpg.rf.d6304de1458de5ed4523493e8589012d.jpg,,13,13,0
d3,Ours_ASW_SPC,WIN_20240130_16_30_17_Pro_jpg.rf.c03c65d3b5d72245c51d2a478ff54d07.jpg,,17,17,0
d3,Ours_ASW_SPC,WIN_20240129_18_06_18_Pro_jpg.rf.f2a2f18fdf6f4d1c6d12b20f90a41da2.jpg,,16,16,0
d3,Ours_ASW_SPC,WIN_20240131_11_11_32_Pro_jpg.rf.df7e196598ffb8e9f22a371247135967.jpg,,15,15,0
d3,Ours_ASW_SPC,WIN_20240126_14_32_11_Pro_jpg.rf.f5533b85b6123b1fc7c897f9feb6a041.jpg,,14,15,1
d3,Ours_ASW_SPC,WIN_20240130_16_13_18_Pro_jpg.rf.e7b0bab9e35bb0c916f353282c639e37.jpg,,13,13,0
d3,Ours_ASW_SPC,WIN_20240130_16_40_42_Pro_jpg.rf.e9e23dc2a5760284d7642006951921c2.jpg,,14,14,0
d3,Ours_ASW_SPC,WIN_20240202_12_37_59_Pro_jpg.rf.f0d102f9e971d855b065917ff37e9203.jpg,,12,12,0
d3,Ours_ASW_SPC,WIN_20240202_14_02_24_Pro_jpg.rf.ed15a1fbd09a1de88230b89087212a7a.jpg,,17,19,2
d3,Ours_ASW_SPC,WIN_20240127_13_46_46_Pro_jpg.rf.f319837686d7405db52a90832dee5958.jpg,,14,16,2
d3,Ours_ASW_SPC,WIN_20240129_18_02_55_Pro_jpg.rf.ed6608085cf29c714241392abe3aa945.jpg,,14,14,0
d3,Ours_ASW_SPC,WIN_20240202_13_51_44_Pro_jpg.rf.f52b67a4ac0d0161e298856ec1555c68.jpg,,14,14,0
d3,Ours_ASW_SPC,WIN_20240129_11_14_39_Pro_jpg.rf.f3e567f0470411ccbfa6f0949f048767.jpg,,18,18,0
d3,Ours_ASW_SPC,WIN_20240131_10_58_51_Pro_jpg.rf.fe1dae3c9fb58c6d6d20126d8d1e29c2.jpg,,14,14,0
d3,Ours_ASW_SPC,WIN_20240129_10_41_19_Pro_jpg.rf.fa01657d0996d2084bb6172016f26865.jpg,,15,15,0
d3,Ours_ASW_SPC,WIN_20240130_16_12_07_Pro_jpg.rf.f40cd5579a0de76fdb82b754ed495d6f.jpg,,16,16,0
d3,Ours_ASW_SPC,WIN_20240202_12_29_38_Pro_jpg.rf.0324cbbdaf6d48d1b530d34690a0bfe4.jpg,,17,17,0
d3,Ours_ASW_SPC,WIN_20240201_14_58_52_Pro_jpg.rf.0e3e1e251bc1ed6cf4497026c828777c.jpg,,14,16,2
d3,Ours_ASW_SPC,WIN_20240126_11_46_11_Pro_jpg.rf.102484ce333ae937dd2d0d2478bff2e2.jpg,,15,15,0
d3,Ours_ASW_SPC,WIN_20240127_13_56_39_Pro_jpg.rf.08abc0be0c2daefdcac1848f82dea92b.jpg,,17,19,2
d3,Ours_ASW_SPC,WIN_20240126_13_52_36_Pro_jpg.rf.05376d46d2f54b62f1e5f177cd02baac.jpg,,12,12,0
d3,Ours_ASW_SPC,WIN_20240126_11_58_27_Pro_jpg.rf.133f1c2b29eb84f7726183d62b956af5.jpg,,17,17,0
d3,Ours_ASW_SPC,WIN_20240126_14_59_50_Pro_jpg.rf.09520e87f81eb7c6f404541caf824675.jpg,,13,14,1
d3,Ours_ASW_SPC,WIN_20240126_14_35_38_Pro_jpg.rf.0f193a9ea19d2540f44b01a717e6a087.jpg,,14,13,-1
d3,Ours_ASW_SPC,WIN_20240127_13_50_22_Pro_jpg.rf.1216ce1ed456e52195b11bfd6b3fface.jpg,,17,16,-1
d3,Ours_ASW_SPC,WIN_20240202_12_40_48_Pro_jpg.rf.0868088bc3daa2a903abe891a88aa003.jpg,,14,15,1
d3,Ours_ASW_SPC,WIN_20240202_13_19_17_Pro_jpg.rf.144bd9212a3eabfcf589984111cf66ad.jpg,,13,14,1
d3,Ours_ASW_SPC,WIN_20240202_13_01_01_Pro_jpg.rf.038149a2a17dd69d291dbb2935633401.jpg,,14,24,10
d3,Ours_ASW_SPC,WIN_20240131_11_12_40_Pro_jpg.rf.15e9c782165e0cfc5855038673008ae7.jpg,,12,13,1
d3,Ours_ASW_SPC,WIN_20240130_16_33_43_Pro_jpg.rf.1cb580a5729e2293b959a7036095ff41.jpg,,14,14,0
d3,Ours_ASW_SPC,WIN_20240131_11_26_07_Pro_jpg.rf.15a428f37cb489178e9fbbdda81f237b.jpg,,11,12,1
d3,Ours_ASW_SPC,WIN_20240129_18_26_23_Pro_jpg.rf.22b205d8d574c16f282cc5bb6405b666.jpg,,14,15,1
d3,Ours_ASW_SPC,WIN_20240126_11_15_45_Pro_jpg.rf.1c4c330b638b85ceaa54f9c8e7cb1194.jpg,,10,10,0
d3,Ours_ASW_SPC,WIN_20240129_10_32_25_Pro_jpg.rf.220e0cf8824f1f61bb550cef446bc45b.jpg,,19,19,0
d3,Ours_ASW_SPC,WIN_20240202_12_13_31_Pro_jpg.rf.2608cc6727965dcdc10f8b46b7db745e.jpg,,12,13,1
d3,Ours_ASW_SPC,WIN_20240130_16_50_28_Pro_jpg.rf.1f29fde910cce9f3cf8f981d408bedcc.jpg,,12,12,0
d3,Ours_ASW_SPC,WIN_20240202_13_03_28_Pro_jpg.rf.2da5b4490a3297cbd44f2f0c5c4908a8.jpg,,15,15,0
d3,Ours_ASW_SPC,WIN_20240126_12_11_06_Pro_jpg.rf.241af07aa381ef260ff90633192b76d2.jpg,,16,18,2
d3,Ours_ASW_SPC,WIN_20240126_14_41_49_Pro_jpg.rf.2cff52d69849b3e1d9789e5ccc1ef290.jpg,,17,17,0
d3,Ours_ASW_SPC,WIN_20240130_16_55_20_Pro_jpg.rf.35d6c938772677ddd6fa0870888afeef.jpg,,14,14,0
d3,Ours_ASW_SPC,WIN_20240130_16_37_20_Pro_jpg.rf.2f3a7929a85ee5f66dc5b8970f196d26.jpg,,13,13,0
d3,Ours_ASW_SPC,WIN_20240129_11_22_50_Pro_jpg.rf.3979640a42b69a3b043f3fc718dcb200.jpg,,19,19,0
d3,Ours_ASW_SPC,WIN_20240131_11_23_53_Pro_jpg.rf.13b3034181640760e52c1382e0198d70.jpg,,14,15,1
d3,Ours_ASW_SPC,WIN_20240129_10_38_58_Pro_jpg.rf.3b6b335f3ad4e01b4eb7dc88ae064b02.jpg,,15,15,0
d3,Ours_ASW_SPC,WIN_20240131_11_34_42_Pro_jpg.rf.1acfe70c2cd0cbe7ca51d74832b156d9.jpg,,11,4,-7
d3,Ours_ASW_SPC,WIN_20240126_11_42_11_Pro_jpg.rf.320111adfc2d8df182e1507c39413e21.jpg,,14,14,0
d3,Ours_ASW_SPC,WIN_20240126_11_26_17_Pro_jpg.rf.3e072477ded26ea9115bcab86b8d70b3.jpg,,13,13,0
d3,Ours_ASW_SPC,WIN_20240130_16_43_51_Pro_jpg.rf.3849e77e9397d5584becb1733e19d7e7.jpg,,12,12,0
d3,Ours_ASW_SPC,WIN_20240126_14_40_10_Pro_jpg.rf.3b438d8fce92cd02c99e4ff6e24c7e48.jpg,,17,17,0
d3,Ours_ASW_SPC,WIN_20240126_14_28_00_Pro_jpg.rf.3f51049dd468590dc44346944592aa6b.jpg,,12,13,1
d3,Ours_ASW_SPC,WIN_20240130_15_45_32_Pro_jpg.rf.15d0a1d300c30bbeaad40cedde9138be.jpg,,16,16,0
d3,Ours_ASW_SPC,WIN_20240130_16_02_10_Pro_jpg.rf.3ab19e1894c2659e23d911b28d632092.jpg,,14,14,0
d3,Ours_ASW_SPC,WIN_20240129_18_28_07_Pro_jpg.rf.33b73060be2ad102fb9857e1bcb405d7.jpg,,15,15,0
d3,Ours_ASW_SPC,WIN_20240201_15_14_47_Pro_jpg.rf.3c608b49d46edb09be7cb90a96b393bc.jpg,,14,17,3
d3,Ours_ASW_SPC,WIN_20240131_11_01_20_Pro_jpg.rf.3d0d0d070ff2c1ad916996111e8f9155.jpg,,14,14,0
d3,Ours_ASW_SPC,WIN_20240126_14_07_44_Pro_jpg.rf.20de3acef9334643aeea7a125b38a815.jpg,,14,14,0
d3,Ours_ASW_SPC,WIN_20240126_13_55_05_Pro_jpg.rf.3f7596960f206081c91f18dd3d9c6d4e.jpg,,12,12,0
d3,Ours_ASW_SPC,WIN_20240129_18_35_28_Pro_jpg.rf.44af9ab61a5e90e094dca11f7f4316c3.jpg,,16,17,1
d3,Ours_ASW_SPC,WIN_20240126_12_05_38_Pro_jpg.rf.3c7c19140a7a04e768634984cd0d14d4.jpg,,14,14,0
d3,Ours_ASW_SPC,WIN_20240129_16_48_51_Pro_jpg.rf.257a19132b06b60d8395c37aa8892b0f.jpg,,14,14,0
d3,Ours_ASW_SPC,WIN_20240130_16_39_59_Pro_jpg.rf.2dbf059a08f46475cd6b402d0384dcfa.jpg,,13,13,0
d3,Ours_ASW_SPC,WIN_20240129_11_15_05_Pro_jpg.rf.03ba0b7e87527d94d0f3ca3891e3eabb.jpg,,17,18,1
d3,Ours_ASW_SPC,WIN_20240202_12_06_02_Pro_jpg.rf.36224d56f01d772392b440f87961025e.jpg,,12,12,0
d3,Ours_ASW_SPC,WIN_20240127_13_42_34_Pro_jpg.rf.07632789338e0dbf78b56a333e2c83ec.jpg,,17,17,0
d3,Ours_ASW_SPC,WIN_20240126_11_29_37_Pro_jpg.rf.2e5cb1b777131a05dd7e6141ee1a22e6.jpg,,10,10,0
d3,Ours_ASW_SPC,WIN_20240129_17_05_43_Pro_jpg.rf.0db44f8aa6e28f59a0ae754db2c42120.jpg,,14,14,0
d3,Ours_ASW_SPC,WIN_20240129_11_31_06_Pro_jpg.rf.31dc6cf00951acc7ad06b4fa639c05d8.jpg,,17,17,0
d3,Ours_ASW_SPC,WIN_20240129_11_05_51_Pro_jpg.rf.296f5a41d67a62d51aa0a7408fe5f54a.jpg,,15,15,0
d3,Ours_ASW_SPC,WIN_20240202_13_38_45_Pro_jpg.rf.5fbdfe710e41a6ad4407f357e760e092.jpg,,14,14,0
d3,Ours_ASW_SPC,WIN_20240131_11_19_36_Pro_jpg.rf.3de13cf04ef47b39363a9b4f7fe8906a.jpg,,13,13,0
d3,Ours_ASW_SPC,WIN_20240127_13_49_13_Pro_jpg.rf.2609f8ff5393d36a14772f3fcf8c161a.jpg,,15,15,0
d3,Ours_ASW_SPC,WIN_20240202_11_53_56_Pro_jpg.rf.54097592c66c1922476ac3506b1a84a5.jpg,,13,14,1
d3,Ours_ASW_SPC,WIN_20240202_12_02_52_Pro_jpg.rf.3500f0861caf1b4153f80bd5a85d9d98.jpg,,14,16,2
d3,Ours_ASW_SPC,WIN_20240129_10_43_08_Pro_jpg.rf.58b077620386b4a17f42cc1930e468aa.jpg,,17,17,0
d3,Ours_ASW_SPC,WIN_20240129_11_29_31_Pro_jpg.rf.4583c8ae278f25805d225d92fec2c57a.jpg,,14,14,0
d3,Ours_ASW_SPC,WIN_20240130_16_05_11_Pro_jpg.rf.6cdd24fb9512be65087226ec015206fb.jpg,,15,15,0
d3,Ours_ASW_SPC,WIN_20240126_13_43_39_Pro_jpg.rf.65ea3429365ba85b72287ff4b3909440.jpg,,14,14,0
d3,Ours_ASW_SPC,WIN_20240129_11_16_09_Pro_jpg.rf.42330ab8b694040d58e1498725074e52.jpg,,16,17,1
d3,Ours_ASW_SPC,WIN_20240126_14_54_12_Pro_jpg.rf.6c76e06c4a9e08a511bc8969300687f9.jpg,,17,17,0
d3,Ours_ASW_SPC,WIN_20240126_14_12_27_Pro_jpg.rf.648c9eb20cd06b52dc0414086051657e.jpg,,15,15,0
d3,Ours_ASW_SPC,WIN_20240202_13_10_07_Pro_jpg.rf.674a92ef2352c5a162615a3762bda5a9.jpg,,16,16,0
d3,Ours_ASW_SPC,WIN_20240129_17_57_15_Pro_jpg.rf.0eb0ce536fd4a2e9501d5284dd78f87e.jpg,,14,14,0
d3,Ours_ASW_SPC,WIN_20240129_11_04_06_Pro_jpg.rf.1b79291762c14bb4b08a790cdbf7b551.jpg,,13,13,0
d3,Ours_ASW_SPC,WIN_20240130_15_54_09_Pro_jpg.rf.60892da282165c617f7c74c0de384750.jpg,,16,16,0
d3,Ours_ASW_SPC,WIN_20240202_12_32_58_Pro_jpg.rf.6f71e0b5f4e7a627271390352fd3cc23.jpg,,15,15,0
d3,Ours_ASW_SPC,WIN_20240129_18_25_20_Pro_jpg.rf.7bbdf138f3fa382d9fce2234e2d95ab9.jpg,,15,15,0
d3,Ours_ASW_SPC,WIN_20240129_16_43_51_Pro_jpg.rf.77669d5a59c9631e1d10e2d3b46d3228.jpg,,16,16,0
d3,Ours_ASW_SPC,WIN_20240129_11_13_28_Pro_jpg.rf.7b11bf4863bc6bb1541395fc83f795ee.jpg,,16,16,0
d3,Ours_ASW_SPC,WIN_20240127_14_00_50_Pro_jpg.rf.07cbad3cd827c9927b9d6e10a1d228db.jpg,,13,13,0
d3,Ours_ASW_SPC,WIN_20240129_16_57_37_Pro_jpg.rf.8b947cb7fd3eca4925b028277a463a9b.jpg,,17,17,0
d3,Ours_ASW_SPC,WIN_20240129_11_08_41_Pro_jpg.rf.7f0ae2e375913e79b856bb9a254a1170.jpg,,13,13,0
d3,Ours_ASW_SPC,WIN_20240129_17_58_42_Pro_jpg.rf.7cf97f5eaad6bf489d8f96b919813bab.jpg,,13,13,0
d3,Ours_ASW_SPC,WIN_20240202_11_56_06_Pro_jpg.rf.9fb8017c73f7f651ea4da3d574048d86.jpg,,13,13,0
d3,Ours_ASW_SPC,WIN_20240126_14_31_37_Pro_jpg.rf.8e2823c5dd88f684ae22cb8afc938c4b.jpg,,16,17,1
d3,Ours_ASW_SPC,WIN_20240202_12_02_08_Pro_jpg.rf.95205f3f4e05ff163810d9e39a142a07.jpg,,12,12,0
d3,Ours_ASW_SPC,WIN_20240126_11_19_59_Pro_jpg.rf.91444f1b8f15c4bb7ef6b8e23d53d0e6.jpg,,10,10,0
d3,Ours_ASW_SPC,WIN_20240129_11_15_33_Pro_jpg.rf.89e714cd2bf8b3b320a3346a26911816.jpg,,13,13,0
d3,Ours_ASW_SPC,WIN_20240130_16_32_59_Pro_jpg.rf.af87b97ddfd786ff83c76ff3e1774e5b.jpg,,13,13,0
d3,Ours_ASW_SPC,WIN_20240129_17_49_53_Pro_jpg.rf.8110139e597c1d18103e059ba1359572.jpg,,17,17,0
d3,Ours_ASW_SPC,WIN_20240201_15_11_25_Pro_jpg.rf.92aec9bcb7315e2585e6248ff24abc45.jpg,,17,17,0
d3,Ours_ASW_SPC,WIN_20240127_13_57_24_Pro_jpg.rf.88b0d1d287d0415601331c94337da3fc.jpg,,18,18,0
d3,Ours_ASW_SPC,WIN_20240201_15_09_16_Pro_jpg.rf.76fcf6a63c9b31b1a652114c4d85438c.jpg,,14,14,0
d3,Ours_ASW_SPC,WIN_20240130_16_24_10_Pro_jpg.rf.adbdba0168852aaccb7361ac15ea7055.jpg,,17,17,0
d3,Ours_ASW_SPC,WIN_20240126_14_10_14_Pro_jpg.rf.6d0600b0f7f02338e4850d5ade88dad5.jpg,,17,18,1
d3,Ours_ASW_SPC,WIN_20240130_15_34_53_Pro_jpg.rf.aa8da1dde437703c0ae24e0087b6a2bd.jpg,,21,21,0
d3,Ours_ASW_SPC,WIN_20240129_10_46_19_Pro_jpg.rf.b0cb29793fb8dd723cffb68b8f8bcac0.jpg,,13,13,0
d3,Ours_ASW_SPC,WIN_20240129_18_11_05_Pro_jpg.rf.b5bf8b493e5481981586f2754ae4ea2c.jpg,,17,17,0
d3,Ours_ASW_SPC,WIN_20240130_16_23_33_Pro_jpg.rf.b818271095de83030e115989036ae9fa.jpg,,15,15,0
d3,Ours_ASW_SPC,WIN_20240201_14_56_38_Pro_jpg.rf.b3a5fbc5d5896af3bed1580a9bf3760e.jpg,,9,13,4
d3,Ours_ASW_SPC,WIN_20240130_16_14_18_Pro_jpg.rf.c79d8263a22a9b0469a956acd395261d.jpg,,15,15,0
d3,Ours_ASW_SPC,WIN_20240129_10_16_30_Pro_jpg.rf.c12c2329bc25a4ef90571f2a63377109.jpg,,14,14,0
d3,Ours_ASW_SPC,WIN_20240126_13_51_13_Pro_jpg.rf.c4fab7993c8eb71c9bdc571f604c60e3.jpg,,10,10,0
d3,Ours_ASW_SPC,WIN_20240202_12_04_44_Pro_jpg.rf.c531964931dc8600130de9d7c0ee5b95.jpg,,14,14,0
d3,Ours_ASW_SPC,WIN_20240202_13_41_30_Pro_jpg.rf.d2bdc33e211765acfd1ff91a715d6f64.jpg,,18,19,1
d3,Ours_ASW_SPC,WIN_20240202_12_10_18_Pro_jpg.rf.ddf709d929c55766fdad45a15903c602.jpg,,15,15,0
d3,Ours_ASW_SPC,WIN_20240126_14_52_10_Pro_jpg.rf.b68bbb4e3f5fe60ad3fdc356ca30d07f.jpg,,14,14,0
d3,Ours_ASW_SPC,WIN_20240126_13_51_54_Pro_jpg.rf.b9869c17642a47717f7aaa32402db25b.jpg,,13,13,0
d3,Ours_ASW_SPC,WIN_20240202_13_54_41_Pro_jpg.rf.d67d79dc85c5b40baf246ad182b3b60e.jpg,,16,16,0
d3,Ours_ASW_SPC,WIN_20240127_13_46_08_Pro_jpg.rf.d84a918b909c76f9cc93cacd142f6b5e.jpg,,13,13,0
d3,Ours_ASW_SPC,WIN_20240126_14_17_18_Pro_jpg.rf.e46584bec4e8fa0db87d0ac22780c033.jpg,,15,14,-1
d3,Ours_ASW_SPC,WIN_20240126_14_38_33_Pro_jpg.rf.e223814d225efb15da0ab48b0da25c59.jpg,,14,15,1
d3,Ours_ASW_SPC,WIN_20240202_13_21_29_Pro_jpg.rf.bd0e8434d6f39d646fa2e9c6f3f63190.jpg,,19,19,0
d3,Ours_ASW_SPC,WIN_20240202_13_58_49_Pro_jpg.rf.f69e7f1f851b12a11ea3c76b8eeececf.jpg,,16,16,0
d3,Ours_ASW_SPC,WIN_20240127_13_56_09_Pro_jpg.rf.cadaafef5af8a3d79dd589edd50b1d71.jpg,,14,14,0
d3,Ours_ASW_SPC,WIN_20240202_12_46_44_Pro_jpg.rf.e4e3d7d9daafc9b30197f3c0a93039a4.jpg,,14,14,0
d3,Ours_ASW_SPC,WIN_20240129_17_48_31_Pro_jpg.rf.ea33aa77b4e58af0477723731f9c3a31.jpg,,17,17,0
d3,Ours_ASW_SPC,WIN_20240202_12_21_29_Pro_jpg.rf.ffecaae93f2a36c59733f199f20c7a7e.jpg,,15,15,0
d3,Ours_ASW_SPC,WIN_20240129_18_09_01_Pro_jpg.rf.fdbf64683ea50e9709bb72c1d336b734.jpg,,15,15,0
d3,Ours_ASW_SPC,WIN_20240126_13_42_38_Pro_jpg.rf.ede21fb9f2849a7fc5e3c1d1ade8e2be.jpg,,11,11,0
d3,Ours_ASW_SPC,WIN_20240202_12_09_33_Pro_jpg.rf.de5fcde7ba62c31ec3067908f38d03bc.jpg,,16,16,0
d3,Ours_ASW_SPC,WIN_20240202_12_07_25_Pro_jpg.rf.e861012f373e1c67ee675d555576e2c7.jpg,,15,15,0
