axis,level,method,file_name,gt,pred,failed,error
blur,0.0,B1_components,touch00_00.png,91,91,False,0
blur,0.0,B4_erosion_watershed,touch00_00.png,91,91,False,0
blur,0.0,Ours_ASW_SPC,touch00_00.png,91,91,False,0
blur,0.0,B1_components,touch00_01.png,63,63,False,0
blur,0.0,B4_erosion_watershed,touch00_01.png,63,63,False,0
blur,0.0,Ours_ASW_SPC,touch00_01.png,63,63,False,0
blur,0.0,B1_components,touch00_02.png,86,86,False,0
blur,0.0,B4_erosion_watershed,touch00_02.png,86,86,False,0
blur,0.0,Ours_ASW_SPC,touch00_02.png,86,86,False,0
blur,0.0,B1_components,touch00_03.png,87,87,False,0
blur,0.0,B4_erosion_watershed,touch00_03.png,87,87,False,0
blur,0.0,Ours_ASW_SPC,touch00_03.png,87,87,False,0
blur,0.0,B1_components,touch00_04.png,70,69,False,-1
blur,0.0,B4_erosion_watershed,touch00_04.png,70,70,False,0
blur,0.0,Ours_ASW_SPC,touch00_04.png,70,70,False,0
blur,0.0,B1_components,touch00_05.png,64,64,False,0
blur,0.0,B4_erosion_watershed,touch00_05.png,64,64,False,0
blur,0.0,Ours_ASW_SPC,touch00_05.png,64,64,False,0
blur,0.0,B1_components,touch00_06.png,89,89,False,0
blur,0.0,B4_erosion_watershed,touch00_06.png,89,89,False,0
blur,0.0,Ours_ASW_SPC,touch00_06.png,89,89,False,0
blur,0.0,B1_components,touch00_07.png,53,52,False,-1
blur,0.0,B4_erosion_watershed,touch00_07.png,53,52,False,-1
blur,0.0,Ours_ASW_SPC,touch00_07.png,53,53,False,0
blur,0.0,B1_components,touch20_00.png,94,75,False,-19
blur,0.0,B4_erosion_watershed,touch20_00.png,94,75,False,-19
blur,0.0,Ours_ASW_SPC,touch20_00.png,94,93,False,-1
blur,0.0,B1_components,touch20_01.png,58,44,False,-14
blur,0.0,B4_erosion_watershed,touch20_01.png,58,44,False,-14
blur,0.0,Ours_ASW_SPC,touch20_01.png,58,58,False,0
blur,0.0,B1_components,touch20_02.png,67,57,False,-10
blur,0.0,B4_erosion_watershed,touch20_02.png,67,57,False,-10
blur,0.0,Ours_ASW_SPC,touch20_02.png,67,67,False,0
blur,0.0,B1_components,touch20_03.png,49,41,False,-8
blur,0.0,B4_erosion_watershed,touch20_03.png,49,41,False,-8
blur,0.0,Ours_ASW_SPC,touch20_03.png,49,49,False,0
blur,0.0,B1_components,touch20_04.png,44,36,False,-8
blur,0.0,B4_erosion_watershed,touch20_04.png,44,36,False,-8
blur,0.0,Ours_ASW_SPC,touch20_04.png,44,44,False,0
blur,0.0,B1_components,touch20_05.png,75,59,False,-16
blur,0.0,B4_erosion_watershed,touch20_05.png,75,59,False,-16
blur,0.0,Ours_ASW_SPC,touch20_05.png,75,75,False,0
blur,0.0,B1_components,touch20_06.png,44,32,False,-12
blur,0.0,B4_erosion_watershed,touch20_06.png,44,32,False,-12
blur,0.0,Ours_ASW_SPC,touch20_06.png,44,44,False,0
blur,0.0,B1_components,touch20_07.png,79,66,False,-13
blur,0.0,B4_erosion_watershed,touch20_07.png,79,66,False,-13
blur,0.0,Ours_ASW_SPC,touch20_07.png,79,79,False,0
blur,0.0,B1_components,touch40_00.png,62,40,False,-22
blur,0.0,B4_erosion_watershed,touch40_00.png,62,40,False,-22
blur,0.0,Ours_ASW_SPC,touch40_00.png,62,61,False,-1
blur,0.0,B1_components,touch40_01.png,81,51,False,-30
blur,0.0,B4_erosion_watershed,touch40_01.png,81,51,False,-30
blur,0.0,Ours_ASW_SPC,touch40_01.png,81,81,False,0
blur,0.0,B1_components,touch40_02.png,98,68,False,-30
blur,0.0,B4_erosion_watershed,touch40_02.png,98,68,False,-30
blur,0.0,Ours_ASW_SPC,touch40_02.png,98,98,False,0
blur,0.0,B1_components,touch40_03.png,59,39,False,-20
blur,0.0,B4_erosion_watershed,touch40_03.png,59,39,False,-20
blur,0.0,Ours_ASW_SPC,touch40_03.png,59,59,False,0
blur,0.0,B1_components,touch40_04.png,93,56,False,-37
blur,0.0,B4_erosion_watershed,touch40_04.png,93,56,False,-37
blur,0.0,Ours_ASW_SPC,touch40_04.png,93,93,False,0
blur,0.0,B1_components,touch40_05.png,49,26,False,-23
blur,0.0,B4_erosion_watershed,touch40_05.png,49,26,False,-23
blur,0.0,Ours_ASW_SPC,touch40_05.png,49,49,False,0
blur,0.0,B1_components,touch40_06.png,80,50,False,-30
blur,0.0,B4_erosion_watershed,touch40_06.png,80,50,False,-30
blur,0.0,Ours_ASW_SPC,touch40_06.png,80,80,False,0
blur,0.0,B1_components,touch40_07.png,69,40,False,-29
blur,0.0,B4_erosion_watershed,touch40_07.png,69,40,False,-29
blur,0.0,Ours_ASW_SPC,touch40_07.png,69,69,False,0
blur,0.0,B1_components,touch60_00.png,77,40,False,-37
blur,0.0,B4_erosion_watershed,touch60_00.png,77,40,False,-37
blur,0.0,Ours_ASW_SPC,touch60_00.png,77,77,False,0
blur,0.0,B1_components,touch60_01.png,88,52,False,-36
blur,0.0,B4_erosion_watershed,touch60_01.png,88,52,False,-36
blur,0.0,Ours_ASW_SPC,touch60_01.png,88,88,False,0
blur,0.0,B1_components,touch60_02.png,98,64,False,-34
blur,0.0,B4_erosion_watershed,touch60_02.png,98,64,False,-34
blur,0.0,Ours_ASW_SPC,touch60_02.png,98,98,False,0
blur,0.0,B1_components,touch60_03.png,64,30,False,-34
blur,0.0,B4_erosion_watershed,touch60_03.png,64,30,False,-34
blur,0.0,Ours_ASW_SPC,touch60_03.png,64,63,False,-1
blur,0.0,B1_components,touch60_04.png,91,60,False,-31
blur,0.0,B4_erosion_watershed,touch60_04.png,91,60,False,-31
blur,0.0,Ours_ASW_SPC,touch60_04.png,91,91,False,0
blur,0.0,B1_components,touch60_05.png,58,26,False,-32
blur,0.0,B4_erosion_watershed,touch60_05.png,58,26,False,-32
blur,0.0,Ours_ASW_SPC,touch60_05.png,58,58,False,0
blur,0.0,B1_components,touch60_06.png,55,26,False,-29
blur,0.0,B4_erosion_watershed,touch60_06.png,55,26,False,-29
blur,0.0,Ours_ASW_SPC,touch60_06.png,55,55,False,0
blur,0.0,B1_components,touch60_07.png,89,38,False,-51
blur,0.0,B4_erosion_watershed,touch60_07.png,89,38,False,-51
blur,0.0,Ours_ASW_SPC,touch60_07.png,89,89,False,0
blur,0.0,B1_components,touch80_00.png,64,25,False,-39
blur,0.0,B4_erosion_watershed,touch80_00.png,64,25,False,-39
blur,0.0,Ours_ASW_SPC,touch80_00.png,64,63,False,-1
blur,0.0,B1_components,touch80_01.png,90,39,False,-51
blur,0.0,B4_erosion_watershed,touch80_01.png,90,39,False,-51
blur,0.0,Ours_ASW_SPC,touch80_01.png,90,90,False,0
blur,0.0,B1_components,touch80_02.png,67,33,False,-34
blur,0.0,B4_erosion_watershed,touch80_02.png,67,33,False,-34
blur,0.0,Ours_ASW_SPC,touch80_02.png,67,67,False,0
blur,0.0,B1_components,touch80_03.png,52,24,False,-28
blur,0.0,B4_erosion_watershed,touch80_03.png,52,24,False,-28
blur,0.0,Ours_ASW_SPC,touch80_03.png,52,51,False,-1
blur,0.0,B1_components,touch80_04.png,69,27,False,-42
blur,0.0,B4_erosion_watershed,touch80_04.png,69,27,False,-42
blur,0.0,Ours_ASW_SPC,touch80_04.png,69,66,False,-3
blur,0.0,B1_components,touch80_05.png,87,38,False,-49
blur,0.0,B4_erosion_watershed,touch80_05.png,87,38,False,-49
blur,0.0,Ours_ASW_SPC,touch80_05.png,87,87,False,0
blur,0.0,B1_components,touch80_06.png,44,22,False,-22
blur,0.0,B4_erosion_watershed,touch80_06.png,44,22,False,-22
blur,0.0,Ours_ASW_SPC,touch80_06.png,44,43,False,-1
blur,0.0,B1_components,touch80_07.png,89,43,False,-46
blur,0.0,B4_erosion_watershed,touch80_07.png,89,43,False,-46
blur,0.0,Ours_ASW_SPC,touch80_07.png,89,88,False,-1
blur,0.1,B1_components,touch00_00.png,91,91,False,0
blur,0.1,B4_erosion_watershed,touch00_00.png,91,91,False,0
blur,0.1,Ours_ASW_SPC,touch00_00.png,91,91,False,0
blur,0.1,B1_components,touch00_01.png,63,63,False,0
blur,0.1,B4_erosion_watershed,touch00_01.png,63,63,False,0
blur,0.1,Ours_ASW_SPC,touch00_01.png,63,63,False,0
blur,0.1,B1_components,touch00_02.png,86,86,False,0
blur,0.1,B4_erosion_watershed,touch00_02.png,86,86,False,0
blur,0.1,Ours_ASW_SPC,touch00_02.png,86,86,False,0
blur,0.1,B1_components,touch00_03.png,87,87,False,0
blur,0.1,B4_erosion_watershed,touch00_03.png,87,87,False,0
blur,0.1,Ours_ASW_SPC,touch00_03.png,87,87,False,0
blur,0.1,B1_components,touch00_04.png,70,69,False,-1
blur,0.1,B4_erosion_watershed,touch00_04.png,70,69,False,-1
blur,0.1,Ours_ASW_SPC,touch00_04.png,70,70,False,0
blur,0.1,B1_components,touch00_05.png,64,63,False,-1
blur,0.1,B4_erosion_watershed,touch00_05.png,64,64,False,0
blur,0.1,Ours_ASW_SPC,touch00_05.png,64,64,False,0
blur,0.1,B1_components,touch00_06.png,89,89,False,0
blur,0.1,B4_erosion_watershed,touch00_06.png,89,89,False,0
blur,0.1,Ours_ASW_SPC,touch00_06.png,89,89,False,0
blur,0.1,B1_components,touch00_07.png,53,52,False,-1
blur,0.1,B4_erosion_watershed,touch00_07.png,53,52,False,-1
blur,0.1,Ours_ASW_SPC,touch00_07.png,53,53,False,0
blur,0.1,B1_components,touch20_00.png,94,74,False,-20
blur,0.1,B4_erosion_watershed,touch20_00.png,94,74,False,-20
blur,0.1,Ours_ASW_SPC,touch20_00.png,94,93,False,-1
blur,0.1,B1_components,touch20_01.png,58,44,False,-14
blur,0.1,B4_erosion_watershed,touch20_01.png,58,44,False,-14
blur,0.1,Ours_ASW_SPC,touch20_01.png,58,58,False,0
blur,0.1,B1_components,touch20_02.png,67,57,False,-10
blur,0.1,B4_erosion_watershed,touch20_02.png,67,57,False,-10
blur,0.1,Ours_ASW_SPC,touch20_02.png,67,67,False,0
blur,0.1,B1_components,touch20_03.png,49,41,False,-8
blur,0.1,B4_erosion_watershed,touch20_03.png,49,41,False,-8
blur,0.1,Ours_ASW_SPC,touch20_03.png,49,49,False,0
blur,0.1,B1_components,touch20_04.png,44,36,False,-8
blur,0.1,B4_erosion_watershed,touch20_04.png,44,36,False,-8
blur,0.1,Ours_ASW_SPC,touch20_04.png,44,44,False,0
blur,0.1,B1_components,touch20_05.png,75,59,False,-16
blur,0.1,B4_erosion_watershed,touch20_05.png,75,59,False,-16
blur,0.1,Ours_ASW_SPC,touch20_05.png,75,75,False,0
blur,0.1,B1_components,touch20_06.png,44,32,False,-12
blur,0.1,B4_erosion_watershed,touch20_06.png,44,32,False,-12
blur,0.1,Ours_ASW_SPC,touch20_06.png,44,44,False,0
blur,0.1,B1_components,touch20_07.png,79,66,False,-13
blur,0.1,B4_erosion_watershed,touch20_07.png,79,66,False,-13
blur,0.1,Ours_ASW_SPC,touch20_07.png,79,79,False,0
blur,0.1,B1_components,touch40_00.png,62,40,False,-22
blur,0.1,B4_erosion_watershed,touch40_00.png,62,40,False,-22
blur,0.1,Ours_ASW_SPC,touch40_00.png,62,62,False,0
blur,0.1,B1_components,touch40_01.png,81,51,False,-30
blur,0.1,B4_erosion_watershed,touch40_01.png,81,51,False,-30
blur,0.1,Ours_ASW_SPC,touch40_01.png,81,80,False,-1
blur,0.1,B1_components,touch40_02.png,98,68,False,-30
blur,0.1,B4_erosion_watershed,touch40_02.png,98,68,False,-30
blur,0.1,Ours_ASW_SPC,touch40_02.png,98,98,False,0
blur,0.1,B1_components,touch40_03.png,59,39,False,-20
blur,0.1,B4_erosion_watershed,touch40_03.png,59,39,False,-20
blur,0.1,Ours_ASW_SPC,touch40_03.png,59,59,False,0
blur,0.1,B1_components,touch40_04.png,93,56,False,-37
blur,0.1,B4_erosion_watershed,touch40_04.png,93,56,False,-37
blur,0.1,Ours_ASW_SPC,touch40_04.png,93,93,False,0
blur,0.1,B1_components,touch40_05.png,49,26,False,-23
blur,0.1,B4_erosion_watershed,touch40_05.png,49,26,False,-23
blur,0.1,Ours_ASW_SPC,touch40_05.png,49,49,False,0
blur,0.1,B1_components,touch40_06.png,80,50,False,-30
blur,0.1,B4_erosion_watershed,touch40_06.png,80,50,False,-30
blur,0.1,Ours_ASW_SPC,touch40_06.png,80,80,False,0
blur,0.1,B1_components,touch40_07.png,69,40,False,-29
blur,0.1,B4_erosion_watershed,touch40_07.png,69,40,False,-29
blur,0.1,Ours_ASW_SPC,touch40_07.png,69,69,False,0
blur,0.1,B1_components,touch60_00.png,77,40,False,-37
blur,0.1,B4_erosion_watershed,touch60_00.png,77,40,False,-37
blur,0.1,Ours_ASW_SPC,touch60_00.png,77,75,False,-2
blur,0.1,B1_components,touch60_01.png,88,52,False,-36
blur,0.1,B4_erosion_watershed,touch60_01.png,88,52,False,-36
blur,0.1,Ours_ASW_SPC,touch60_01.png,88,87,False,-1
blur,0.1,B1_components,touch60_02.png,98,64,False,-34
blur,0.1,B4_erosion_watershed,touch60_02.png,98,64,False,-34
blur,0.1,Ours_ASW_SPC,touch60_02.png,98,98,False,0
blur,0.1,B1_components,touch60_03.png,64,30,False,-34
blur,0.1,B4_erosion_watershed,touch60_03.png,64,30,False,-34
blur,0.1,Ours_ASW_SPC,touch60_03.png,64,63,False,-1
blur,0.1,B1_components,touch60_04.png,91,60,False,-31
blur,0.1,B4_erosion_watershed,touch60_04.png,91,60,False,-31
blur,0.1,Ours_ASW_SPC,touch60_04.png,91,91,False,0
blur,0.1,B1_components,touch60_05.png,58,26,False,-32
blur,0.1,B4_erosion_watershed,touch60_05.png,58,26,False,-32
blur,0.1,Ours_ASW_SPC,touch60_05.png,58,58,False,0
blur,0.1,B1_components,touch60_06.png,55,26,False,-29
blur,0.1,B4_erosion_watershed,touch60_06.png,55,26,False,-29
blur,0.1,Ours_ASW_SPC,touch60_06.png,55,55,False,0
blur,0.1,B1_components,touch60_07.png,89,38,False,-51
blur,0.1,B4_erosion_watershed,touch60_07.png,89,38,False,-51
blur,0.1,Ours_ASW_SPC,touch60_07.png,89,89,False,0
blur,0.1,B1_components,touch80_00.png,64,25,False,-39
blur,0.1,B4_erosion_watershed,touch80_00.png,64,25,False,-39
blur,0.1,Ours_ASW_SPC,touch80_00.png,64,63,False,-1
blur,0.1,B1_components,touch80_01.png,90,39,False,-51
blur,0.1,B4_erosion_watershed,touch80_01.png,90,39,False,-51
blur,0.1,Ours_ASW_SPC,touch80_01.png,90,90,False,0
blur,0.1,B1_components,touch80_02.png,67,32,False,-35
blur,0.1,B4_erosion_watershed,touch80_02.png,67,32,False,-35
blur,0.1,Ours_ASW_SPC,touch80_02.png,67,67,False,0
blur,0.1,B1_components,touch80_03.png,52,24,False,-28
blur,0.1,B4_erosion_watershed,touch80_03.png,52,24,False,-28
blur,0.1,Ours_ASW_SPC,touch80_03.png,52,52,False,0
blur,0.1,B1_components,touch80_04.png,69,27,False,-42
blur,0.1,B4_erosion_watershed,touch80_04.png,69,27,False,-42
blur,0.1,Ours_ASW_SPC,touch80_04.png,69,65,False,-4
blur,0.1,B1_components,touch80_05.png,87,38,False,-49
blur,0.1,B4_erosion_watershed,touch80_05.png,87,38,False,-49
blur,0.1,Ours_ASW_SPC,touch80_05.png,87,87,False,0
blur,0.1,B1_components,touch80_06.png,44,22,False,-22
blur,0.1,B4_erosion_watershed,touch80_06.png,44,22,False,-22
blur,0.1,Ours_ASW_SPC,touch80_06.png,44,43,False,-1
blur,0.1,B1_components,touch80_07.png,89,43,False,-46
blur,0.1,B4_erosion_watershed,touch80_07.png,89,43,False,-46
blur,0.1,Ours_ASW_SPC,touch80_07.png,89,88,False,-1
blur,0.2,B1_components,touch00_00.png,91,87,False,-4
blur,0.2,B4_erosion_watershed,touch00_00.png,91,87,False,-4
blur,0.2,Ours_ASW_SPC,touch00_00.png,91,91,False,0
blur,0.2,B1_components,touch00_01.png,63,62,False,-1
blur,0.2,B4_erosion_watershed,touch00_01.png,63,62,False,-1
blur,0.2,Ours_ASW_SPC,touch00_01.png,63,63,False,0
blur,0.2,B1_components,touch00_02.png,86,85,False,-1
blur,0.2,B4_erosion_watershed,touch00_02.png,86,85,False,-1
blur,0.2,Ours_ASW_SPC,touch00_02.png,86,86,False,0
blur,0.2,B1_components,touch00_03.png,87,86,False,-1
blur,0.2,B4_erosion_watershed,touch00_03.png,87,86,False,-1
blur,0.2,Ours_ASW_SPC,touch00_03.png,87,87,False,0
blur,0.2,B1_components,touch00_04.png,70,69,False,-1
blur,0.2,B4_erosion_watershed,touch00_04.png,70,69,False,-1
blur,0.2,Ours_ASW_SPC,touch00_04.png,70,70,False,0
blur,0.2,B1_components,touch00_05.png,64,63,False,-1
blur,0.2,B4_erosion_watershed,touch00_05.png,64,63,False,-1
blur,0.2,Ours_ASW_SPC,touch00_05.png,64,64,False,0
blur,0.2,B1_components,touch00_06.png,89,88,False,-1
blur,0.2,B4_erosion_watershed,touch00_06.png,89,88,False,-1
blur,0.2,Ours_ASW_SPC,touch00_06.png,89,89,False,0
blur,0.2,B1_components,touch00_07.png,53,52,False,-1
blur,0.2,B4_erosion_watershed,touch00_07.png,53,52,False,-1
blur,0.2,Ours_ASW_SPC,touch00_07.png,53,53,False,0
blur,0.2,B1_components,touch20_00.png,94,74,False,-20
blur,0.2,B4_erosion_watershed,touch20_00.png,94,74,False,-20
blur,0.2,Ours_ASW_SPC,touch20_00.png,94,93,False,-1
blur,0.2,B1_components,touch20_01.png,58,44,False,-14
blur,0.2,B4_erosion_watershed,touch20_01.png,58,44,False,-14
blur,0.2,Ours_ASW_SPC,touch20_01.png,58,57,False,-1
blur,0.2,B1_components,touch20_02.png,67,57,False,-10
blur,0.2,B4_erosion_watershed,touch20_02.png,67,57,False,-10
blur,0.2,Ours_ASW_SPC,touch20_02.png,67,66,False,-1
blur,0.2,B1_components,touch20_03.png,49,41,False,-8
blur,0.2,B4_erosion_watershed,touch20_03.png,49,41,False,-8
blur,0.2,Ours_ASW_SPC,touch20_03.png,49,49,False,0
blur,0.2,B1_components,touch20_04.png,44,36,False,-8
blur,0.2,B4_erosion_watershed,touch20_04.png,44,36,False,-8
blur,0.2,Ours_ASW_SPC,touch20_04.png,44,44,False,0
blur,0.2,B1_components,touch20_05.png,75,59,False,-16
blur,0.2,B4_erosion_watershed,touch20_05.png,75,59,False,-16
blur,0.2,Ours_ASW_SPC,touch20_05.png,75,75,False,0
blur,0.2,B1_components,touch20_06.png,44,31,False,-13
blur,0.2,B4_erosion_watershed,touch20_06.png,44,31,False,-13
blur,0.2,Ours_ASW_SPC,touch20_06.png,44,44,False,0
blur,0.2,B1_components,touch20_07.png,79,65,False,-14
blur,0.2,B4_erosion_watershed,touch20_07.png,79,65,False,-14
blur,0.2,Ours_ASW_SPC,touch20_07.png,79,78,False,-1
blur,0.2,B1_components,touch40_00.png,62,40,False,-22
blur,0.2,B4_erosion_watershed,touch40_00.png,62,40,False,-22
blur,0.2,Ours_ASW_SPC,touch40_00.png,62,61,False,-1
blur,0.2,B1_components,touch40_01.png,81,50,False,-31
blur,0.2,B4_erosion_watershed,touch40_01.png,81,51,False,-30
blur,0.2,Ours_ASW_SPC,touch40_01.png,81,81,False,0
blur,0.2,B1_components,touch40_02.png,98,68,False,-30
blur,0.2,B4_erosion_watershed,touch40_02.png,98,68,False,-30
blur,0.2,Ours_ASW_SPC,touch40_02.png,98,96,False,-2
blur,0.2,B1_components,touch40_03.png,59,39,False,-20
blur,0.2,B4_erosion_watershed,touch40_03.png,59,39,False,-20
blur,0.2,Ours_ASW_SPC,touch40_03.png,59,58,False,-1
blur,0.2,B1_components,touch40_04.png,93,56,False,-37
blur,0.2,B4_erosion_watershed,touch40_04.png,93,56,False,-37
blur,0.2,Ours_ASW_SPC,touch40_04.png,93,91,False,-2
blur,0.2,B1_components,touch40_05.png,49,26,False,-23
blur,0.2,B4_erosion_watershed,touch40_05.png,49,26,False,-23
blur,0.2,Ours_ASW_SPC,touch40_05.png,49,49,False,0
blur,0.2,B1_components,touch40_06.png,80,50,False,-30
blur,0.2,B4_erosion_watershed,touch40_06.png,80,50,False,-30
blur,0.2,Ours_ASW_SPC,touch40_06.png,80,80,False,0
blur,0.2,B1_components,touch40_07.png,69,40,False,-29
blur,0.2,B4_erosion_watershed,touch40_07.png,69,40,False,-29
blur,0.2,Ours_ASW_SPC,touch40_07.png,69,68,False,-1
blur,0.2,B1_components,touch60_00.png,77,40,False,-37
blur,0.2,B4_erosion_watershed,touch60_00.png,77,40,False,-37
blur,0.2,Ours_ASW_SPC,touch60_00.png,77,74,False,-3
blur,0.2,B1_components,touch60_01.png,88,52,False,-36
blur,0.2,B4_erosion_watershed,touch60_01.png,88,52,False,-36
blur,0.2,Ours_ASW_SPC,touch60_01.png,88,88,False,0
blur,0.2,B1_components,touch60_02.png,98,64,False,-34
blur,0.2,B4_erosion_watershed,touch60_02.png,98,64,False,-34
blur,0.2,Ours_ASW_SPC,touch60_02.png,98,97,False,-1
blur,0.2,B1_components,touch60_03.png,64,30,False,-34
blur,0.2,B4_erosion_watershed,touch60_03.png,64,30,False,-34
blur,0.2,Ours_ASW_SPC,touch60_03.png,64,62,False,-2
blur,0.2,B1_components,touch60_04.png,91,59,False,-32
blur,0.2,B4_erosion_watershed,touch60_04.png,91,59,False,-32
blur,0.2,Ours_ASW_SPC,touch60_04.png,91,91,False,0
blur,0.2,B1_components,touch60_05.png,58,25,False,-33
blur,0.2,B4_erosion_watershed,touch60_05.png,58,26,False,-32
blur,0.2,Ours_ASW_SPC,touch60_05.png,58,57,False,-1
blur,0.2,B1_components,touch60_06.png,55,2614,False,2559
blur,0.2,B4_erosion_watershed,touch60_06.png,55,2951,False,2896
blur,0.2,Ours_ASW_SPC,touch60_06.png,55,5067,False,5012
blur,0.2,B1_components,touch60_07.png,89,38,False,-51
blur,0.2,B4_erosion_watershed,touch60_07.png,89,38,False,-51
blur,0.2,Ours_ASW_SPC,touch60_07.png,89,89,False,0
blur,0.2,B1_components,touch80_00.png,64,25,False,-39
blur,0.2,B4_erosion_watershed,touch80_00.png,64,25,False,-39
blur,0.2,Ours_ASW_SPC,touch80_00.png,64,63,False,-1
blur,0.2,B1_components,touch80_01.png,90,38,False,-52
blur,0.2,B4_erosion_watershed,touch80_01.png,90,38,False,-52
blur,0.2,Ours_ASW_SPC,touch80_01.png,90,90,False,0
blur,0.2,B1_components,touch80_02.png,67,32,False,-35
blur,0.2,B4_erosion_watershed,touch80_02.png,67,32,False,-35
blur,0.2,Ours_ASW_SPC,touch80_02.png,67,67,False,0
blur,0.2,B1_components,touch80_03.png,52,2893,False,2841
blur,0.2,B4_erosion_watershed,touch80_03.png,52,3288,False,3236
blur,0.2,Ours_ASW_SPC,touch80_03.png,52,6473,False,6421
blur,0.2,B1_components,touch80_04.png,69,27,False,-42
blur,0.2,B4_erosion_watershed,touch80_04.png,69,27,False,-42
blur,0.2,Ours_ASW_SPC,touch80_04.png,69,61,False,-8
blur,0.2,B1_components,touch80_05.png,87,38,False,-49
blur,0.2,B4_erosion_watershed,touch80_05.png,87,38,False,-49
blur,0.2,Ours_ASW_SPC,touch80_05.png,87,85,False,-2
blur,0.2,B1_components,touch80_06.png,44,22,False,-22
blur,0.2,B4_erosion_watershed,touch80_06.png,44,22,False,-22
blur,0.2,Ours_ASW_SPC,touch80_06.png,44,43,False,-1
blur,0.2,B1_components,touch80_07.png,89,43,False,-46
blur,0.2,B4_erosion_watershed,touch80_07.png,89,43,False,-46
blur,0.2,Ours_ASW_SPC,touch80_07.png,89,88,False,-1
blur,0.35,B1_components,touch00_00.png,91,81,False,-10
blur,0.35,B4_erosion_watershed,touch00_00.png,91,81,False,-10
blur,0.35,Ours_ASW_SPC,touch00_00.png,91,91,False,0
blur,0.35,B1_components,touch00_01.png,63,60,False,-3
blur,0.35,B4_erosion_watershed,touch00_01.png,63,60,False,-3
blur,0.35,Ours_ASW_SPC,touch00_01.png,63,63,False,0
blur,0.35,B1_components,touch00_02.png,86,81,False,-5
blur,0.35,B4_erosion_watershed,touch00_02.png,86,81,False,-5
blur,0.35,Ours_ASW_SPC,touch00_02.png,86,86,False,0
blur,0.35,B1_components,touch00_03.png,87,82,False,-5
blur,0.35,B4_erosion_watershed,touch00_03.png,87,82,False,-5
blur,0.35,Ours_ASW_SPC,touch00_03.png,87,87,False,0
blur,0.35,B1_components,touch00_04.png,70,66,False,-4
blur,0.35,B4_erosion_watershed,touch00_04.png,70,66,False,-4
blur,0.35,Ours_ASW_SPC,touch00_04.png,70,70,False,0
blur,0.35,B1_components,touch00_05.png,64,62,False,-2
blur,0.35,B4_erosion_watershed,touch00_05.png,64,62,False,-2
blur,0.35,Ours_ASW_SPC,touch00_05.png,64,64,False,0
blur,0.35,B1_components,touch00_06.png,89,85,False,-4
blur,0.35,B4_erosion_watershed,touch00_06.png,89,85,False,-4
blur,0.35,Ours_ASW_SPC,touch00_06.png,89,89,False,0
blur,0.35,B1_components,touch00_07.png,53,51,False,-2
blur,0.35,B4_erosion_watershed,touch00_07.png,53,51,False,-2
blur,0.35,Ours_ASW_SPC,touch00_07.png,53,53,False,0
blur,0.35,B1_components,touch20_00.png,94,68,False,-26
blur,0.35,B4_erosion_watershed,touch20_00.png,94,68,False,-26
blur,0.35,Ours_ASW_SPC,touch20_00.png,94,91,False,-3
blur,0.35,B1_components,touch20_01.png,58,43,False,-15
blur,0.35,B4_erosion_watershed,touch20_01.png,58,43,False,-15
blur,0.35,Ours_ASW_SPC,touch20_01.png,58,53,False,-5
blur,0.35,B1_components,touch20_02.png,67,54,False,-13
blur,0.35,B4_erosion_watershed,touch20_02.png,67,54,False,-13
blur,0.35,Ours_ASW_SPC,touch20_02.png,67,65,False,-2
blur,0.35,B1_components,touch20_03.png,49,39,False,-10
blur,0.35,B4_erosion_watershed,touch20_03.png,49,39,False,-10
blur,0.35,Ours_ASW_SPC,touch20_03.png,49,47,False,-2
blur,0.35,B1_components,touch20_04.png,44,36,False,-8
blur,0.35,B4_erosion_watershed,touch20_04.png,44,36,False,-8
blur,0.35,Ours_ASW_SPC,touch20_04.png,44,42,False,-2
blur,0.35,B1_components,touch20_05.png,75,56,False,-19
blur,0.35,B4_erosion_watershed,touch20_05.png,75,56,False,-19
blur,0.35,Ours_ASW_SPC,touch20_05.png,75,71,False,-4
blur,0.35,B1_components,touch20_06.png,44,31,False,-13
blur,0.35,B4_erosion_watershed,touch20_06.png,44,31,False,-13
blur,0.35,Ours_ASW_SPC,touch20_06.png,44,42,False,-2
blur,0.35,B1_components,touch20_07.png,79,64,False,-15
blur,0.35,B4_erosion_watershed,touch20_07.png,79,64,False,-15
blur,0.35,Ours_ASW_SPC,touch20_07.png,79,73,False,-6
blur,0.35,B1_components,touch40_00.png,62,39,False,-23
blur,0.35,B4_erosion_watershed,touch40_00.png,62,39,False,-23
blur,0.35,Ours_ASW_SPC,touch40_00.png,62,59,False,-3
blur,0.35,B1_components,touch40_01.png,81,49,False,-32
blur,0.35,B4_erosion_watershed,touch40_01.png,81,49,False,-32
blur,0.35,Ours_ASW_SPC,touch40_01.png,81,79,False,-2
blur,0.35,B1_components,touch40_02.png,98,63,False,-35
blur,0.35,B4_erosion_watershed,touch40_02.png,98,64,False,-34
blur,0.35,Ours_ASW_SPC,touch40_02.png,98,95,False,-3
blur,0.35,B1_components,touch40_03.png,59,39,False,-20
blur,0.35,B4_erosion_watershed,touch40_03.png,59,39,False,-20
blur,0.35,Ours_ASW_SPC,touch40_03.png,59,58,False,-1
blur,0.35,B1_components,touch40_04.png,93,56,False,-37
blur,0.35,B4_erosion_watershed,touch40_04.png,93,56,False,-37
blur,0.35,Ours_ASW_SPC,touch40_04.png,93,84,False,-9
blur,0.35,B1_components,touch40_05.png,49,914,False,865
blur,0.35,B4_erosion_watershed,touch40_05.png,49,986,False,937
blur,0.35,Ours_ASW_SPC,touch40_05.png,49,1469,False,1420
blur,0.35,B1_components,touch40_06.png,80,48,False,-32
blur,0.35,B4_erosion_watershed,touch40_06.png,80,48,False,-32
blur,0.35,Ours_ASW_SPC,touch40_06.png,80,78,False,-2
blur,0.35,B1_components,touch40_07.png,69,38,False,-31
blur,0.35,B4_erosion_watershed,touch40_07.png,69,38,False,-31
blur,0.35,Ours_ASW_SPC,touch40_07.png,69,61,False,-8
blur,0.35,B1_components,touch60_00.png,77,40,False,-37
blur,0.35,B4_erosion_watershed,touch60_00.png,77,40,False,-37
blur,0.35,Ours_ASW_SPC,touch60_00.png,77,66,False,-11
blur,0.35,B1_components,touch60_01.png,88,50,False,-38
blur,0.35,B4_erosion_watershed,touch60_01.png,88,50,False,-38
blur,0.35,Ours_ASW_SPC,touch60_01.png,88,88,False,0
blur,0.35,B1_components,touch60_02.png,98,61,False,-37
blur,0.35,B4_erosion_watershed,touch60_02.png,98,61,False,-37
blur,0.35,Ours_ASW_SPC,touch60_02.png,98,93,False,-5
blur,0.35,B1_components,touch60_03.png,64,30,False,-34
blur,0.35,B4_erosion_watershed,touch60_03.png,64,30,False,-34
blur,0.35,Ours_ASW_SPC,touch60_03.png,64,62,False,-2
blur,0.35,B1_components,touch60_04.png,91,58,False,-33
blur,0.35,B4_erosion_watershed,touch60_04.png,91,58,False,-33
blur,0.35,Ours_ASW_SPC,touch60_04.png,91,90,False,-1
blur,0.35,B1_components,touch60_05.png,58,878,False,820
blur,0.35,B4_erosion_watershed,touch60_05.png,58,964,False,906
blur,0.35,Ours_ASW_SPC,touch60_05.png,58,1634,False,1576
blur,0.35,B1_components,touch60_06.png,55,26,False,-29
blur,0.35,B4_erosion_watershed,touch60_06.png,55,26,False,-29
blur,0.35,Ours_ASW_SPC,touch60_06.png,55,54,False,-1
blur,0.35,B1_components,touch60_07.png,89,37,False,-52
blur,0.35,B4_erosion_watershed,touch60_07.png,89,37,False,-52
blur,0.35,Ours_ASW_SPC,touch60_07.png,89,85,False,-4
blur,0.35,B1_components,touch80_00.png,64,24,False,-40
blur,0.35,B4_erosion_watershed,touch80_00.png,64,24,False,-40
blur,0.35,Ours_ASW_SPC,touch80_00.png,64,63,False,-1
blur,0.35,B1_components,touch80_01.png,90,38,False,-52
blur,0.35,B4_erosion_watershed,touch80_01.png,90,38,False,-52
blur,0.35,Ours_ASW_SPC,touch80_01.png,90,86,False,-4
blur,0.35,B1_components,touch80_02.png,67,30,False,-37
blur,0.35,B4_erosion_watershed,touch80_02.png,67,30,False,-37
blur,0.35,Ours_ASW_SPC,touch80_02.png,67,69,False,2
blur,0.35,B1_components,touch80_03.png,52,24,False,-28
blur,0.35,B4_erosion_watershed,touch80_03.png,52,24,False,-28
blur,0.35,Ours_ASW_SPC,touch80_03.png,52,50,False,-2
blur,0.35,B1_components,touch80_04.png,69,27,False,-42
blur,0.35,B4_erosion_watershed,touch80_04.png,69,27,False,-42
blur,0.35,Ours_ASW_SPC,touch80_04.png,69,58,False,-11
blur,0.35,B1_components,touch80_05.png,87,33,False,-54
blur,0.35,B4_erosion_watershed,touch80_05.png,87,33,False,-54
blur,0.35,Ours_ASW_SPC,touch80_05.png,87,79,False,-8
blur,0.35,B1_components,touch80_06.png,44,22,False,-22
blur,0.35,B4_erosion_watershed,touch80_06.png,44,22,False,-22
blur,0.35,Ours_ASW_SPC,touch80_06.png,44,42,False,-2
blur,0.35,B1_components,touch80_07.png,89,42,False,-47
blur,0.35,B4_erosion_watershed,touch80_07.png,89,42,False,-47
blur,0.35,Ours_ASW_SPC,touch80_07.png,89,85,False,-4
blur,0.5,B1_components,touch00_00.png,91,74,False,-17
blur,0.5,B4_erosion_watershed,touch00_00.png,91,74,False,-17
blur,0.5,Ours_ASW_SPC,touch00_00.png,91,92,False,1
blur,0.5,B1_components,touch00_01.png,63,57,False,-6
blur,0.5,B4_erosion_watershed,touch00_01.png,63,57,False,-6
blur,0.5,Ours_ASW_SPC,touch00_01.png,63,63,False,0
blur,0.5,B1_components,touch00_02.png,86,72,False,-14
blur,0.5,B4_erosion_watershed,touch00_02.png,86,72,False,-14
blur,0.5,Ours_ASW_SPC,touch00_02.png,86,86,False,0
blur,0.5,B1_components,touch00_03.png,87,72,False,-15
blur,0.5,B4_erosion_watershed,touch00_03.png,87,72,False,-15
blur,0.5,Ours_ASW_SPC,touch00_03.png,87,87,False,0
blur,0.5,B1_components,touch00_04.png,70,60,False,-10
blur,0.5,B4_erosion_watershed,touch00_04.png,70,60,False,-10
blur,0.5,Ours_ASW_SPC,touch00_04.png,70,70,False,0
blur,0.5,B1_components,touch00_05.png,64,58,False,-6
blur,0.5,B4_erosion_watershed,touch00_05.png,64,58,False,-6
blur,0.5,Ours_ASW_SPC,touch00_05.png,64,64,False,0
blur,0.5,B1_components,touch00_06.png,89,75,False,-14
blur,0.5,B4_erosion_watershed,touch00_06.png,89,75,False,-14
blur,0.5,Ours_ASW_SPC,touch00_06.png,89,88,False,-1
blur,0.5,B1_components,touch00_07.png,53,46,False,-7
blur,0.5,B4_erosion_watershed,touch00_07.png,53,46,False,-7
blur,0.5,Ours_ASW_SPC,touch00_07.png,53,53,False,0
blur,0.5,B1_components,touch20_00.png,94,63,False,-31
blur,0.5,B4_erosion_watershed,touch20_00.png,94,63,False,-31
blur,0.5,Ours_ASW_SPC,touch20_00.png,94,92,False,-2
blur,0.5,B1_components,touch20_01.png,58,42,False,-16
blur,0.5,B4_erosion_watershed,touch20_01.png,58,42,False,-16
blur,0.5,Ours_ASW_SPC,touch20_01.png,58,49,False,-9
blur,0.5,B1_components,touch20_02.png,67,52,False,-15
blur,0.5,B4_erosion_watershed,touch20_02.png,67,52,False,-15
blur,0.5,Ours_ASW_SPC,touch20_02.png,67,63,False,-4
blur,0.5,B1_components,touch20_03.png,49,37,False,-12
blur,0.5,B4_erosion_watershed,touch20_03.png,49,37,False,-12
blur,0.5,Ours_ASW_SPC,touch20_03.png,49,44,False,-5
blur,0.5,B1_components,touch20_04.png,44,35,False,-9
blur,0.5,B4_erosion_watershed,touch20_04.png,44,35,False,-9
blur,0.5,Ours_ASW_SPC,touch20_04.png,44,40,False,-4
blur,0.5,B1_components,touch20_05.png,75,52,False,-23
blur,0.5,B4_erosion_watershed,touch20_05.png,75,52,False,-23
blur,0.5,Ours_ASW_SPC,touch20_05.png,75,65,False,-10
blur,0.5,B1_components,touch20_06.png,44,30,False,-14
blur,0.5,B4_erosion_watershed,touch20_06.png,44,30,False,-14
blur,0.5,Ours_ASW_SPC,touch20_06.png,44,42,False,-2
blur,0.5,B1_components,touch20_07.png,79,59,False,-20
blur,0.5,B4_erosion_watershed,touch20_07.png,79,59,False,-20
blur,0.5,Ours_ASW_SPC,touch20_07.png,79,69,False,-10
blur,0.5,B1_components,touch40_00.png,62,38,False,-24
blur,0.5,B4_erosion_watershed,touch40_00.png,62,38,False,-24
blur,0.5,Ours_ASW_SPC,touch40_00.png,62,57,False,-5
blur,0.5,B1_components,touch40_01.png,81,44,False,-37
blur,0.5,B4_erosion_watershed,touch40_01.png,81,44,False,-37
blur,0.5,Ours_ASW_SPC,touch40_01.png,81,76,False,-5
blur,0.5,B1_components,touch40_02.png,98,59,False,-39
blur,0.5,B4_erosion_watershed,touch40_02.png,98,59,False,-39
blur,0.5,Ours_ASW_SPC,touch40_02.png,98,86,False,-12
blur,0.5,B1_components,touch40_03.png,59,39,False,-20
blur,0.5,B4_erosion_watershed,touch40_03.png,59,39,False,-20
blur,0.5,Ours_ASW_SPC,touch40_03.png,59,56,False,-3
blur,0.5,B1_components,touch40_04.png,93,52,False,-41
blur,0.5,B4_erosion_watershed,touch40_04.png,93,52,False,-41
blur,0.5,Ours_ASW_SPC,touch40_04.png,93,79,False,-14
blur,0.5,B1_components,touch40_05.png,49,26,False,-23
blur,0.5,B4_erosion_watershed,touch40_05.png,49,26,False,-23
blur,0.5,Ours_ASW_SPC,touch40_05.png,49,45,False,-4
blur,0.5,B1_components,touch40_06.png,80,47,False,-33
blur,0.5,B4_erosion_watershed,touch40_06.png,80,47,False,-33
blur,0.5,Ours_ASW_SPC,touch40_06.png,80,70,False,-10
blur,0.5,B1_components,touch40_07.png,69,37,False,-32
blur,0.5,B4_erosion_watershed,touch40_07.png,69,37,False,-32
blur,0.5,Ours_ASW_SPC,touch40_07.png,69,57,False,-12
blur,0.5,B1_components,touch60_00.png,77,38,False,-39
blur,0.5,B4_erosion_watershed,touch60_00.png,77,38,False,-39
blur,0.5,Ours_ASW_SPC,touch60_00.png,77,62,False,-15
blur,0.5,B1_components,touch60_01.png,88,46,False,-42
blur,0.5,B4_erosion_watershed,touch60_01.png,88,46,False,-42
blur,0.5,Ours_ASW_SPC,touch60_01.png,88,89,False,1
blur,0.5,B1_components,touch60_02.png,98,57,False,-41
blur,0.5,B4_erosion_watershed,touch60_02.png,98,57,False,-41
blur,0.5,Ours_ASW_SPC,touch60_02.png,98,89,False,-9
blur,0.5,B1_components,touch60_03.png,64,28,False,-36
blur,0.5,B4_erosion_watershed,touch60_03.png,64,28,False,-36
blur,0.5,Ours_ASW_SPC,touch60_03.png,64,58,False,-6
blur,0.5,B1_components,touch60_04.png,91,54,False,-37
blur,0.5,B4_erosion_watershed,touch60_04.png,91,54,False,-37
blur,0.5,Ours_ASW_SPC,touch60_04.png,91,88,False,-3
blur,0.5,B1_components,touch60_05.png,58,23,False,-35
blur,0.5,B4_erosion_watershed,touch60_05.png,58,23,False,-35
blur,0.5,Ours_ASW_SPC,touch60_05.png,58,57,False,-1
blur,0.5,B1_components,touch60_06.png,55,26,False,-29
blur,0.5,B4_erosion_watershed,touch60_06.png,55,26,False,-29
blur,0.5,Ours_ASW_SPC,touch60_06.png,55,47,False,-8
blur,0.5,B1_components,touch60_07.png,89,35,False,-54
blur,0.5,B4_erosion_watershed,touch60_07.png,89,35,False,-54
blur,0.5,Ours_ASW_SPC,touch60_07.png,89,81,False,-8
blur,0.5,B1_components,touch80_00.png,64,405,False,341
blur,0.5,B4_erosion_watershed,touch80_00.png,64,422,False,358
blur,0.5,Ours_ASW_SPC,touch80_00.png,64,642,False,578
blur,0.5,B1_components,touch80_01.png,90,36,False,-54
blur,0.5,B4_erosion_watershed,touch80_01.png,90,36,False,-54
blur,0.5,Ours_ASW_SPC,touch80_01.png,90,77,False,-13
blur,0.5,B1_components,touch80_02.png,67,29,False,-38
blur,0.5,B4_erosion_watershed,touch80_02.png,67,29,False,-38
blur,0.5,Ours_ASW_SPC,touch80_02.png,67,62,False,-5
blur,0.5,B1_components,touch80_03.png,52,24,False,-28
blur,0.5,B4_erosion_watershed,touch80_03.png,52,24,False,-28
blur,0.5,Ours_ASW_SPC,touch80_03.png,52,47,False,-5
blur,0.5,B1_components,touch80_04.png,69,424,False,355
blur,0.5,B4_erosion_watershed,touch80_04.png,69,439,False,370
blur,0.5,Ours_ASW_SPC,touch80_04.png,69,691,False,622
blur,0.5,B1_components,touch80_05.png,87,32,False,-55
blur,0.5,B4_erosion_watershed,touch80_05.png,87,32,False,-55
blur,0.5,Ours_ASW_SPC,touch80_05.png,87,64,False,-23
blur,0.5,B1_components,touch80_06.png,44,405,False,361
blur,0.5,B4_erosion_watershed,touch80_06.png,44,417,False,373
blur,0.5,Ours_ASW_SPC,touch80_06.png,44,626,False,582
blur,0.5,B1_components,touch80_07.png,89,40,False,-49
blur,0.5,B4_erosion_watershed,touch80_07.png,89,40,False,-49
blur,0.5,Ours_ASW_SPC,touch80_07.png,89,78,False,-11
blur,0.7,B1_components,touch00_00.png,91,0,True,-91
blur,0.7,B4_erosion_watershed,touch00_00.png,91,0,True,-91
blur,0.7,Ours_ASW_SPC,touch00_00.png,91,0,True,-91
blur,0.7,B1_components,touch00_01.png,63,132,False,69
blur,0.7,B4_erosion_watershed,touch00_01.png,63,135,False,72
blur,0.7,Ours_ASW_SPC,touch00_01.png,63,174,False,111
blur,0.7,B1_components,touch00_02.png,86,73,False,-13
blur,0.7,B4_erosion_watershed,touch00_02.png,86,73,False,-13
blur,0.7,Ours_ASW_SPC,touch00_02.png,86,85,False,-1
blur,0.7,B1_components,touch00_03.png,87,74,False,-13
blur,0.7,B4_erosion_watershed,touch00_03.png,87,74,False,-13
blur,0.7,Ours_ASW_SPC,touch00_03.png,87,87,False,0
blur,0.7,B1_components,touch00_04.png,70,61,False,-9
blur,0.7,B4_erosion_watershed,touch00_04.png,70,61,False,-9
blur,0.7,Ours_ASW_SPC,touch00_04.png,70,70,False,0
blur,0.7,B1_components,touch00_05.png,64,154,False,90
blur,0.7,B4_erosion_watershed,touch00_05.png,64,157,False,93
blur,0.7,Ours_ASW_SPC,touch00_05.png,64,218,False,154
blur,0.7,B1_components,touch00_06.png,89,77,False,-12
blur,0.7,B4_erosion_watershed,touch00_06.png,89,77,False,-12
blur,0.7,Ours_ASW_SPC,touch00_06.png,89,88,False,-1
blur,0.7,B1_components,touch00_07.png,53,47,False,-6
blur,0.7,B4_erosion_watershed,touch00_07.png,53,47,False,-6
blur,0.7,Ours_ASW_SPC,touch00_07.png,53,51,False,-2
blur,0.7,B1_components,touch20_00.png,94,66,False,-28
blur,0.7,B4_erosion_watershed,touch20_00.png,94,66,False,-28
blur,0.7,Ours_ASW_SPC,touch20_00.png,94,85,False,-9
blur,0.7,B1_components,touch20_01.png,58,42,False,-16
blur,0.7,B4_erosion_watershed,touch20_01.png,58,42,False,-16
blur,0.7,Ours_ASW_SPC,touch20_01.png,58,48,False,-10
blur,0.7,B1_components,touch20_02.png,67,53,False,-14
blur,0.7,B4_erosion_watershed,touch20_02.png,67,53,False,-14
blur,0.7,Ours_ASW_SPC,touch20_02.png,67,63,False,-4
blur,0.7,B1_components,touch20_03.png,49,39,False,-10
blur,0.7,B4_erosion_watershed,touch20_03.png,49,39,False,-10
blur,0.7,Ours_ASW_SPC,touch20_03.png,49,45,False,-4
blur,0.7,B1_components,touch20_04.png,44,35,False,-9
blur,0.7,B4_erosion_watershed,touch20_04.png,44,35,False,-9
blur,0.7,Ours_ASW_SPC,touch20_04.png,44,40,False,-4
blur,0.7,B1_components,touch20_05.png,75,54,False,-21
blur,0.7,B4_erosion_watershed,touch20_05.png,75,54,False,-21
blur,0.7,Ours_ASW_SPC,touch20_05.png,75,63,False,-12
blur,0.7,B1_components,touch20_06.png,44,200,False,156
blur,0.7,B4_erosion_watershed,touch20_06.png,44,205,False,161
blur,0.7,Ours_ASW_SPC,touch20_06.png,44,264,False,220
blur,0.7,B1_components,touch20_07.png,79,62,False,-17
blur,0.7,B4_erosion_watershed,touch20_07.png,79,62,False,-17
blur,0.7,Ours_ASW_SPC,touch20_07.png,79,65,False,-14
blur,0.7,B1_components,touch40_00.png,62,39,False,-23
blur,0.7,B4_erosion_watershed,touch40_00.png,62,39,False,-23
blur,0.7,Ours_ASW_SPC,touch40_00.png,62,62,False,0
blur,0.7,B1_components,touch40_01.png,81,45,False,-36
blur,0.7,B4_erosion_watershed,touch40_01.png,81,45,False,-36
blur,0.7,Ours_ASW_SPC,touch40_01.png,81,84,False,3
blur,0.7,B1_components,touch40_02.png,98,61,False,-37
blur,0.7,B4_erosion_watershed,touch40_02.png,98,61,False,-37
blur,0.7,Ours_ASW_SPC,touch40_02.png,98,79,False,-19
blur,0.7,B1_components,touch40_03.png,59,35,False,-24
blur,0.7,B4_erosion_watershed,touch40_03.png,59,35,False,-24
blur,0.7,Ours_ASW_SPC,touch40_03.png,59,52,False,-7
blur,0.7,B1_components,touch40_04.png,93,54,False,-39
blur,0.7,B4_erosion_watershed,touch40_04.png,93,54,False,-39
blur,0.7,Ours_ASW_SPC,touch40_04.png,93,76,False,-17
blur,0.7,B1_components,touch40_05.png,49,234,False,185
blur,0.7,B4_erosion_watershed,touch40_05.png,49,240,False,191
blur,0.7,Ours_ASW_SPC,touch40_05.png,49,355,False,306
blur,0.7,B1_components,touch40_06.png,80,46,False,-34
blur,0.7,B4_erosion_watershed,touch40_06.png,80,46,False,-34
blur,0.7,Ours_ASW_SPC,touch40_06.png,80,73,False,-7
blur,0.7,B1_components,touch40_07.png,69,37,False,-32
blur,0.7,B4_erosion_watershed,touch40_07.png,69,37,False,-32
blur,0.7,Ours_ASW_SPC,touch40_07.png,69,58,False,-11
blur,0.7,B1_components,touch60_00.png,77,40,False,-37
blur,0.7,B4_erosion_watershed,touch60_00.png,77,40,False,-37
blur,0.7,Ours_ASW_SPC,touch60_00.png,77,62,False,-15
blur,0.7,B1_components,touch60_01.png,88,49,False,-39
blur,0.7,B4_erosion_watershed,touch60_01.png,88,49,False,-39
blur,0.7,Ours_ASW_SPC,touch60_01.png,88,73,False,-15
blur,0.7,B1_components,touch60_02.png,98,58,False,-40
blur,0.7,B4_erosion_watershed,touch60_02.png,98,58,False,-40
blur,0.7,Ours_ASW_SPC,touch60_02.png,98,94,False,-4
blur,0.7,B1_components,touch60_03.png,64,190,False,126
blur,0.7,B4_erosion_watershed,touch60_03.png,64,194,False,130
blur,0.7,Ours_ASW_SPC,touch60_03.png,64,283,False,219
blur,0.7,B1_components,touch60_04.png,91,55,False,-36
blur,0.7,B4_erosion_watershed,touch60_04.png,91,55,False,-36
blur,0.7,Ours_ASW_SPC,touch60_04.png,91,92,False,1
blur,0.7,B1_components,touch60_05.png,58,190,False,132
blur,0.7,B4_erosion_watershed,touch60_05.png,58,196,False,138
blur,0.7,Ours_ASW_SPC,touch60_05.png,58,301,False,243
blur,0.7,B1_components,touch60_06.png,55,207,False,152
blur,0.7,B4_erosion_watershed,touch60_06.png,55,209,False,154
blur,0.7,Ours_ASW_SPC,touch60_06.png,55,277,False,222
blur,0.7,B1_components,touch60_07.png,89,158,False,69
blur,0.7,B4_erosion_watershed,touch60_07.png,89,168,False,79
blur,0.7,Ours_ASW_SPC,touch60_07.png,89,223,False,134
blur,0.7,B1_components,touch80_00.png,64,185,False,121
blur,0.7,B4_erosion_watershed,touch80_00.png,64,189,False,125
blur,0.7,Ours_ASW_SPC,touch80_00.png,64,252,False,188
blur,0.7,B1_components,touch80_01.png,90,147,False,57
blur,0.7,B4_erosion_watershed,touch80_01.png,90,156,False,66
blur,0.7,Ours_ASW_SPC,touch80_01.png,90,202,False,112
blur,0.7,B1_components,touch80_02.png,67,201,False,134
blur,0.7,B4_erosion_watershed,touch80_02.png,67,206,False,139
blur,0.7,Ours_ASW_SPC,touch80_02.png,67,268,False,201
blur,0.7,B1_components,touch80_03.png,52,193,False,141
blur,0.7,B4_erosion_watershed,touch80_03.png,52,200,False,148
blur,0.7,Ours_ASW_SPC,touch80_03.png,52,256,False,204
blur,0.7,B1_components,touch80_04.png,69,25,False,-44
blur,0.7,B4_erosion_watershed,touch80_04.png,69,25,False,-44
blur,0.7,Ours_ASW_SPC,touch80_04.png,69,49,False,-20
blur,0.7,B1_components,touch80_05.png,87,31,False,-56
blur,0.7,B4_erosion_watershed,touch80_05.png,87,31,False,-56
blur,0.7,Ours_ASW_SPC,touch80_05.png,87,57,False,-30
blur,0.7,B1_components,touch80_06.png,44,226,False,182
blur,0.7,B4_erosion_watershed,touch80_06.png,44,234,False,190
blur,0.7,Ours_ASW_SPC,touch80_06.png,44,409,False,365
blur,0.7,B1_components,touch80_07.png,89,41,False,-48
blur,0.7,B4_erosion_watershed,touch80_07.png,89,41,False,-48
blur,0.7,Ours_ASW_SPC,touch80_07.png,89,61,False,-28
noise,0.0,B1_components,touch00_00.png,91,91,False,0
noise,0.0,B4_erosion_watershed,touch00_00.png,91,91,False,0
noise,0.0,Ours_ASW_SPC,touch00_00.png,91,91,False,0
noise,0.0,B1_components,touch00_01.png,63,63,False,0
noise,0.0,B4_erosion_watershed,touch00_01.png,63,63,False,0
noise,0.0,Ours_ASW_SPC,touch00_01.png,63,63,False,0
noise,0.0,B1_components,touch00_02.png,86,86,False,0
noise,0.0,B4_erosion_watershed,touch00_02.png,86,86,False,0
noise,0.0,Ours_ASW_SPC,touch00_02.png,86,86,False,0
noise,0.0,B1_components,touch00_03.png,87,87,False,0
noise,0.0,B4_erosion_watershed,touch00_03.png,87,87,False,0
noise,0.0,Ours_ASW_SPC,touch00_03.png,87,87,False,0
noise,0.0,B1_components,touch00_04.png,70,69,False,-1
noise,0.0,B4_erosion_watershed,touch00_04.png,70,70,False,0
noise,0.0,Ours_ASW_SPC,touch00_04.png,70,70,False,0
noise,0.0,B1_components,touch00_05.png,64,64,False,0
noise,0.0,B4_erosion_watershed,touch00_05.png,64,64,False,0
noise,0.0,Ours_ASW_SPC,touch00_05.png,64,64,False,0
noise,0.0,B1_components,touch00_06.png,89,89,False,0
noise,0.0,B4_erosion_watershed,touch00_06.png,89,89,False,0
noise,0.0,Ours_ASW_SPC,touch00_06.png,89,89,False,0
noise,0.0,B1_components,touch00_07.png,53,52,False,-1
noise,0.0,B4_erosion_watershed,touch00_07.png,53,52,False,-1
noise,0.0,Ours_ASW_SPC,touch00_07.png,53,53,False,0
noise,0.0,B1_components,touch20_00.png,94,75,False,-19
noise,0.0,B4_erosion_watershed,touch20_00.png,94,75,False,-19
noise,0.0,Ours_ASW_SPC,touch20_00.png,94,93,False,-1
noise,0.0,B1_components,touch20_01.png,58,44,False,-14
noise,0.0,B4_erosion_watershed,touch20_01.png,58,44,False,-14
noise,0.0,Ours_ASW_SPC,touch20_01.png,58,58,False,0
noise,0.0,B1_components,touch20_02.png,67,57,False,-10
noise,0.0,B4_erosion_watershed,touch20_02.png,67,57,False,-10
noise,0.0,Ours_ASW_SPC,touch20_02.png,67,67,False,0
noise,0.0,B1_components,touch20_03.png,49,41,False,-8
noise,0.0,B4_erosion_watershed,touch20_03.png,49,41,False,-8
noise,0.0,Ours_ASW_SPC,touch20_03.png,49,49,False,0
noise,0.0,B1_components,touch20_04.png,44,36,False,-8
noise,0.0,B4_erosion_watershed,touch20_04.png,44,36,False,-8
noise,0.0,Ours_ASW_SPC,touch20_04.png,44,44,False,0
noise,0.0,B1_components,touch20_05.png,75,59,False,-16
noise,0.0,B4_erosion_watershed,touch20_05.png,75,59,False,-16
noise,0.0,Ours_ASW_SPC,touch20_05.png,75,75,False,0
noise,0.0,B1_components,touch20_06.png,44,32,False,-12
noise,0.0,B4_erosion_watershed,touch20_06.png,44,32,False,-12
noise,0.0,Ours_ASW_SPC,touch20_06.png,44,44,False,0
noise,0.0,B1_components,touch20_07.png,79,66,False,-13
noise,0.0,B4_erosion_watershed,touch20_07.png,79,66,False,-13
noise,0.0,Ours_ASW_SPC,touch20_07.png,79,79,False,0
noise,0.0,B1_components,touch40_00.png,62,40,False,-22
noise,0.0,B4_erosion_watershed,touch40_00.png,62,40,False,-22
noise,0.0,Ours_ASW_SPC,touch40_00.png,62,61,False,-1
noise,0.0,B1_components,touch40_01.png,81,51,False,-30
noise,0.0,B4_erosion_watershed,touch40_01.png,81,51,False,-30
noise,0.0,Ours_ASW_SPC,touch40_01.png,81,81,False,0
noise,0.0,B1_components,touch40_02.png,98,68,False,-30
noise,0.0,B4_erosion_watershed,touch40_02.png,98,68,False,-30
noise,0.0,Ours_ASW_SPC,touch40_02.png,98,98,False,0
noise,0.0,B1_components,touch40_03.png,59,39,False,-20
noise,0.0,B4_erosion_watershed,touch40_03.png,59,39,False,-20
noise,0.0,Ours_ASW_SPC,touch40_03.png,59,59,False,0
noise,0.0,B1_components,touch40_04.png,93,56,False,-37
noise,0.0,B4_erosion_watershed,touch40_04.png,93,56,False,-37
noise,0.0,Ours_ASW_SPC,touch40_04.png,93,93,False,0
noise,0.0,B1_components,touch40_05.png,49,26,False,-23
noise,0.0,B4_erosion_watershed,touch40_05.png,49,26,False,-23
noise,0.0,Ours_ASW_SPC,touch40_05.png,49,49,False,0
noise,0.0,B1_components,touch40_06.png,80,50,False,-30
noise,0.0,B4_erosion_watershed,touch40_06.png,80,50,False,-30
noise,0.0,Ours_ASW_SPC,touch40_06.png,80,80,False,0
noise,0.0,B1_components,touch40_07.png,69,40,False,-29
noise,0.0,B4_erosion_watershed,touch40_07.png,69,40,False,-29
noise,0.0,Ours_ASW_SPC,touch40_07.png,69,69,False,0
noise,0.0,B1_components,touch60_00.png,77,40,False,-37
noise,0.0,B4_erosion_watershed,touch60_00.png,77,40,False,-37
noise,0.0,Ours_ASW_SPC,touch60_00.png,77,77,False,0
noise,0.0,B1_components,touch60_01.png,88,52,False,-36
noise,0.0,B4_erosion_watershed,touch60_01.png,88,52,False,-36
noise,0.0,Ours_ASW_SPC,touch60_01.png,88,88,False,0
noise,0.0,B1_components,touch60_02.png,98,64,False,-34
noise,0.0,B4_erosion_watershed,touch60_02.png,98,64,False,-34
noise,0.0,Ours_ASW_SPC,touch60_02.png,98,98,False,0
noise,0.0,B1_components,touch60_03.png,64,30,False,-34
noise,0.0,B4_erosion_watershed,touch60_03.png,64,30,False,-34
noise,0.0,Ours_ASW_SPC,touch60_03.png,64,63,False,-1
noise,0.0,B1_components,touch60_04.png,91,60,False,-31
noise,0.0,B4_erosion_watershed,touch60_04.png,91,60,False,-31
noise,0.0,Ours_ASW_SPC,touch60_04.png,91,91,False,0
noise,0.0,B1_components,touch60_05.png,58,26,False,-32
noise,0.0,B4_erosion_watershed,touch60_05.png,58,26,False,-32
noise,0.0,Ours_ASW_SPC,touch60_05.png,58,58,False,0
noise,0.0,B1_components,touch60_06.png,55,26,False,-29
noise,0.0,B4_erosion_watershed,touch60_06.png,55,26,False,-29
noise,0.0,Ours_ASW_SPC,touch60_06.png,55,55,False,0
noise,0.0,B1_components,touch60_07.png,89,38,False,-51
noise,0.0,B4_erosion_watershed,touch60_07.png,89,38,False,-51
noise,0.0,Ours_ASW_SPC,touch60_07.png,89,89,False,0
noise,0.0,B1_components,touch80_00.png,64,25,False,-39
noise,0.0,B4_erosion_watershed,touch80_00.png,64,25,False,-39
noise,0.0,Ours_ASW_SPC,touch80_00.png,64,63,False,-1
noise,0.0,B1_components,touch80_01.png,90,39,False,-51
noise,0.0,B4_erosion_watershed,touch80_01.png,90,39,False,-51
noise,0.0,Ours_ASW_SPC,touch80_01.png,90,90,False,0
noise,0.0,B1_components,touch80_02.png,67,33,False,-34
noise,0.0,B4_erosion_watershed,touch80_02.png,67,33,False,-34
noise,0.0,Ours_ASW_SPC,touch80_02.png,67,67,False,0
noise,0.0,B1_components,touch80_03.png,52,24,False,-28
noise,0.0,B4_erosion_watershed,touch80_03.png,52,24,False,-28
noise,0.0,Ours_ASW_SPC,touch80_03.png,52,51,False,-1
noise,0.0,B1_components,touch80_04.png,69,27,False,-42
noise,0.0,B4_erosion_watershed,touch80_04.png,69,27,False,-42
noise,0.0,Ours_ASW_SPC,touch80_04.png,69,66,False,-3
noise,0.0,B1_components,touch80_05.png,87,38,False,-49
noise,0.0,B4_erosion_watershed,touch80_05.png,87,38,False,-49
noise,0.0,Ours_ASW_SPC,touch80_05.png,87,87,False,0
noise,0.0,B1_components,touch80_06.png,44,22,False,-22
noise,0.0,B4_erosion_watershed,touch80_06.png,44,22,False,-22
noise,0.0,Ours_ASW_SPC,touch80_06.png,44,43,False,-1
noise,0.0,B1_components,touch80_07.png,89,43,False,-46
noise,0.0,B4_erosion_watershed,touch80_07.png,89,43,False,-46
noise,0.0,Ours_ASW_SPC,touch80_07.png,89,88,False,-1
noise,5.0,B1_components,touch00_00.png,91,91,False,0
noise,5.0,B4_erosion_watershed,touch00_00.png,91,91,False,0
noise,5.0,Ours_ASW_SPC,touch00_00.png,91,91,False,0
noise,5.0,B1_components,touch00_01.png,63,63,False,0
noise,5.0,B4_erosion_watershed,touch00_01.png,63,63,False,0
noise,5.0,Ours_ASW_SPC,touch00_01.png,63,63,False,0
noise,5.0,B1_components,touch00_02.png,86,86,False,0
noise,5.0,B4_erosion_watershed,touch00_02.png,86,86,False,0
noise,5.0,Ours_ASW_SPC,touch00_02.png,86,86,False,0
noise,5.0,B1_components,touch00_03.png,87,87,False,0
noise,5.0,B4_erosion_watershed,touch00_03.png,87,87,False,0
noise,5.0,Ours_ASW_SPC,touch00_03.png,87,87,False,0
noise,5.0,B1_components,touch00_04.png,70,70,False,0
noise,5.0,B4_erosion_watershed,touch00_04.png,70,70,False,0
noise,5.0,Ours_ASW_SPC,touch00_04.png,70,70,False,0
noise,5.0,B1_components,touch00_05.png,64,64,False,0
noise,5.0,B4_erosion_watershed,touch00_05.png,64,64,False,0
noise,5.0,Ours_ASW_SPC,touch00_05.png,64,64,False,0
noise,5.0,B1_components,touch00_06.png,89,89,False,0
noise,5.0,B4_erosion_watershed,touch00_06.png,89,89,False,0
noise,5.0,Ours_ASW_SPC,touch00_06.png,89,89,False,0
noise,5.0,B1_components,touch00_07.png,53,52,False,-1
noise,5.0,B4_erosion_watershed,touch00_07.png,53,52,False,-1
noise,5.0,Ours_ASW_SPC,touch00_07.png,53,53,False,0
noise,5.0,B1_components,touch20_00.png,94,75,False,-19
noise,5.0,B4_erosion_watershed,touch20_00.png,94,75,False,-19
noise,5.0,Ours_ASW_SPC,touch20_00.png,94,93,False,-1
noise,5.0,B1_components,touch20_01.png,58,44,False,-14
noise,5.0,B4_erosion_watershed,touch20_01.png,58,44,False,-14
noise,5.0,Ours_ASW_SPC,touch20_01.png,58,58,False,0
noise,5.0,B1_components,touch20_02.png,67,57,False,-10
noise,5.0,B4_erosion_watershed,touch20_02.png,67,57,False,-10
noise,5.0,Ours_ASW_SPC,touch20_02.png,67,67,False,0
noise,5.0,B1_components,touch20_03.png,49,41,False,-8
noise,5.0,B4_erosion_watershed,touch20_03.png,49,41,False,-8
noise,5.0,Ours_ASW_SPC,touch20_03.png,49,49,False,0
noise,5.0,B1_components,touch20_04.png,44,36,False,-8
noise,5.0,B4_erosion_watershed,touch20_04.png,44,36,False,-8
noise,5.0,Ours_ASW_SPC,touch20_04.png,44,44,False,0
noise,5.0,B1_components,touch20_05.png,75,59,False,-16
noise,5.0,B4_erosion_watershed,touch20_05.png,75,59,False,-16
noise,5.0,Ours_ASW_SPC,touch20_05.png,75,75,False,0
noise,5.0,B1_components,touch20_06.png,44,32,False,-12
noise,5.0,B4_erosion_watershed,touch20_06.png,44,32,False,-12
noise,5.0,Ours_ASW_SPC,touch20_06.png,44,44,False,0
noise,5.0,B1_components,touch20_07.png,79,66,False,-13
noise,5.0,B4_erosion_watershed,touch20_07.png,79,66,False,-13
noise,5.0,Ours_ASW_SPC,touch20_07.png,79,79,False,0
noise,5.0,B1_components,touch40_00.png,62,40,False,-22
noise,5.0,B4_erosion_watershed,touch40_00.png,62,40,False,-22
noise,5.0,Ours_ASW_SPC,touch40_00.png,62,61,False,-1
noise,5.0,B1_components,touch40_01.png,81,51,False,-30
noise,5.0,B4_erosion_watershed,touch40_01.png,81,51,False,-30
noise,5.0,Ours_ASW_SPC,touch40_01.png,81,81,False,0
noise,5.0,B1_components,touch40_02.png,98,68,False,-30
noise,5.0,B4_erosion_watershed,touch40_02.png,98,68,False,-30
noise,5.0,Ours_ASW_SPC,touch40_02.png,98,98,False,0
noise,5.0,B1_components,touch40_03.png,59,39,False,-20
noise,5.0,B4_erosion_watershed,touch40_03.png,59,39,False,-20
noise,5.0,Ours_ASW_SPC,touch40_03.png,59,58,False,-1
noise,5.0,B1_components,touch40_04.png,93,56,False,-37
noise,5.0,B4_erosion_watershed,touch40_04.png,93,56,False,-37
noise,5.0,Ours_ASW_SPC,touch40_04.png,93,93,False,0
noise,5.0,B1_components,touch40_05.png,49,26,False,-23
noise,5.0,B4_erosion_watershed,touch40_05.png,49,26,False,-23
noise,5.0,Ours_ASW_SPC,touch40_05.png,49,49,False,0
noise,5.0,B1_components,touch40_06.png,80,50,False,-30
noise,5.0,B4_erosion_watershed,touch40_06.png,80,50,False,-30
noise,5.0,Ours_ASW_SPC,touch40_06.png,80,80,False,0
noise,5.0,B1_components,touch40_07.png,69,40,False,-29
noise,5.0,B4_erosion_watershed,touch40_07.png,69,40,False,-29
noise,5.0,Ours_ASW_SPC,touch40_07.png,69,69,False,0
noise,5.0,B1_components,touch60_00.png,77,40,False,-37
noise,5.0,B4_erosion_watershed,touch60_00.png,77,40,False,-37
noise,5.0,Ours_ASW_SPC,touch60_00.png,77,77,False,0
noise,5.0,B1_components,touch60_01.png,88,52,False,-36
noise,5.0,B4_erosion_watershed,touch60_01.png,88,52,False,-36
noise,5.0,Ours_ASW_SPC,touch60_01.png,88,88,False,0
noise,5.0,B1_components,touch60_02.png,98,64,False,-34
noise,5.0,B4_erosion_watershed,touch60_02.png,98,64,False,-34
noise,5.0,Ours_ASW_SPC,touch60_02.png,98,98,False,0
noise,5.0,B1_components,touch60_03.png,64,30,False,-34
noise,5.0,B4_erosion_watershed,touch60_03.png,64,30,False,-34
noise,5.0,Ours_ASW_SPC,touch60_03.png,64,63,False,-1
noise,5.0,B1_components,touch60_04.png,91,60,False,-31
noise,5.0,B4_erosion_watershed,touch60_04.png,91,60,False,-31
noise,5.0,Ours_ASW_SPC,touch60_04.png,91,91,False,0
noise,5.0,B1_components,touch60_05.png,58,26,False,-32
noise,5.0,B4_erosion_watershed,touch60_05.png,58,26,False,-32
noise,5.0,Ours_ASW_SPC,touch60_05.png,58,58,False,0
noise,5.0,B1_components,touch60_06.png,55,26,False,-29
noise,5.0,B4_erosion_watershed,touch60_06.png,55,26,False,-29
noise,5.0,Ours_ASW_SPC,touch60_06.png,55,55,False,0
noise,5.0,B1_components,touch60_07.png,89,38,False,-51
noise,5.0,B4_erosion_watershed,touch60_07.png,89,38,False,-51
noise,5.0,Ours_ASW_SPC,touch60_07.png,89,89,False,0
noise,5.0,B1_components,touch80_00.png,64,25,False,-39
noise,5.0,B4_erosion_watershed,touch80_00.png,64,25,False,-39
noise,5.0,Ours_ASW_SPC,touch80_00.png,64,63,False,-1
noise,5.0,B1_components,touch80_01.png,90,39,False,-51
noise,5.0,B4_erosion_watershed,touch80_01.png,90,39,False,-51
noise,5.0,Ours_ASW_SPC,touch80_01.png,90,90,False,0
noise,5.0,B1_components,touch80_02.png,67,33,False,-34
noise,5.0,B4_erosion_watershed,touch80_02.png,67,33,False,-34
noise,5.0,Ours_ASW_SPC,touch80_02.png,67,67,False,0
noise,5.0,B1_components,touch80_03.png,52,24,False,-28
noise,5.0,B4_erosion_watershed,touch80_03.png,52,24,False,-28
noise,5.0,Ours_ASW_SPC,touch80_03.png,52,51,False,-1
noise,5.0,B1_components,touch80_04.png,69,27,False,-42
noise,5.0,B4_erosion_watershed,touch80_04.png,69,27,False,-42
noise,5.0,Ours_ASW_SPC,touch80_04.png,69,67,False,-2
noise,5.0,B1_components,touch80_05.png,87,38,False,-49
noise,5.0,B4_erosion_watershed,touch80_05.png,87,38,False,-49
noise,5.0,Ours_ASW_SPC,touch80_05.png,87,87,False,0
noise,5.0,B1_components,touch80_06.png,44,22,False,-22
noise,5.0,B4_erosion_watershed,touch80_06.png,44,22,False,-22
noise,5.0,Ours_ASW_SPC,touch80_06.png,44,43,False,-1
noise,5.0,B1_components,touch80_07.png,89,43,False,-46
noise,5.0,B4_erosion_watershed,touch80_07.png,89,43,False,-46
noise,5.0,Ours_ASW_SPC,touch80_07.png,89,88,False,-1
noise,10.0,B1_components,touch00_00.png,91,91,False,0
noise,10.0,B4_erosion_watershed,touch00_00.png,91,91,False,0
noise,10.0,Ours_ASW_SPC,touch00_00.png,91,91,False,0
noise,10.0,B1_components,touch00_01.png,63,63,False,0
noise,10.0,B4_erosion_watershed,touch00_01.png,63,63,False,0
noise,10.0,Ours_ASW_SPC,touch00_01.png,63,63,False,0
noise,10.0,B1_components,touch00_02.png,86,86,False,0
noise,10.0,B4_erosion_watershed,touch00_02.png,86,86,False,0
noise,10.0,Ours_ASW_SPC,touch00_02.png,86,86,False,0
noise,10.0,B1_components,touch00_03.png,87,87,False,0
noise,10.0,B4_erosion_watershed,touch00_03.png,87,87,False,0
noise,10.0,Ours_ASW_SPC,touch00_03.png,87,87,False,0
noise,10.0,B1_components,touch00_04.png,70,69,False,-1
noise,10.0,B4_erosion_watershed,touch00_04.png,70,70,False,0
noise,10.0,Ours_ASW_SPC,touch00_04.png,70,70,False,0
noise,10.0,B1_components,touch00_05.png,64,64,False,0
noise,10.0,B4_erosion_watershed,touch00_05.png,64,64,False,0
noise,10.0,Ours_ASW_SPC,touch00_05.png,64,64,False,0
noise,10.0,B1_components,touch00_06.png,89,89,False,0
noise,10.0,B4_erosion_watershed,touch00_06.png,89,89,False,0
noise,10.0,Ours_ASW_SPC,touch00_06.png,89,89,False,0
noise,10.0,B1_components,touch00_07.png,53,52,False,-1
noise,10.0,B4_erosion_watershed,touch00_07.png,53,52,False,-1
noise,10.0,Ours_ASW_SPC,touch00_07.png,53,53,False,0
noise,10.0,B1_components,touch20_00.png,94,75,False,-19
noise,10.0,B4_erosion_watershed,touch20_00.png,94,75,False,-19
noise,10.0,Ours_ASW_SPC,touch20_00.png,94,93,False,-1
noise,10.0,B1_components,touch20_01.png,58,44,False,-14
noise,10.0,B4_erosion_watershed,touch20_01.png,58,44,False,-14
noise,10.0,Ours_ASW_SPC,touch20_01.png,58,58,False,0
noise,10.0,B1_components,touch20_02.png,67,57,False,-10
noise,10.0,B4_erosion_watershed,touch20_02.png,67,57,False,-10
noise,10.0,Ours_ASW_SPC,touch20_02.png,67,67,False,0
noise,10.0,B1_components,touch20_03.png,49,41,False,-8
noise,10.0,B4_erosion_watershed,touch20_03.png,49,41,False,-8
noise,10.0,Ours_ASW_SPC,touch20_03.png,49,49,False,0
noise,10.0,B1_components,touch20_04.png,44,36,False,-8
noise,10.0,B4_erosion_watershed,touch20_04.png,44,36,False,-8
noise,10.0,Ours_ASW_SPC,touch20_04.png,44,44,False,0
noise,10.0,B1_components,touch20_05.png,75,59,False,-16
noise,10.0,B4_erosion_watershed,touch20_05.png,75,59,False,-16
noise,10.0,Ours_ASW_SPC,touch20_05.png,75,75,False,0
noise,10.0,B1_components,touch20_06.png,44,32,False,-12
noise,10.0,B4_erosion_watershed,touch20_06.png,44,32,False,-12
noise,10.0,Ours_ASW_SPC,touch20_06.png,44,44,False,0
noise,10.0,B1_components,touch20_07.png,79,66,False,-13
noise,10.0,B4_erosion_watershed,touch20_07.png,79,66,False,-13
noise,10.0,Ours_ASW_SPC,touch20_07.png,79,79,False,0
noise,10.0,B1_components,touch40_00.png,62,40,False,-22
noise,10.0,B4_erosion_watershed,touch40_00.png,62,40,False,-22
noise,10.0,Ours_ASW_SPC,touch40_00.png,62,62,False,0
noise,10.0,B1_components,touch40_01.png,81,51,False,-30
noise,10.0,B4_erosion_watershed,touch40_01.png,81,51,False,-30
noise,10.0,Ours_ASW_SPC,touch40_01.png,81,81,False,0
noise,10.0,B1_components,touch40_02.png,98,68,False,-30
noise,10.0,B4_erosion_watershed,touch40_02.png,98,68,False,-30
noise,10.0,Ours_ASW_SPC,touch40_02.png,98,98,False,0
noise,10.0,B1_components,touch40_03.png,59,39,False,-20
noise,10.0,B4_erosion_watershed,touch40_03.png,59,39,False,-20
noise,10.0,Ours_ASW_SPC,touch40_03.png,59,58,False,-1
noise,10.0,B1_components,touch40_04.png,93,56,False,-37
noise,10.0,B4_erosion_watershed,touch40_04.png,93,56,False,-37
noise,10.0,Ours_ASW_SPC,touch40_04.png,93,93,False,0
noise,10.0,B1_components,touch40_05.png,49,26,False,-23
noise,10.0,B4_erosion_watershed,touch40_05.png,49,26,False,-23
noise,10.0,Ours_ASW_SPC,touch40_05.png,49,49,False,0
noise,10.0,B1_components,touch40_06.png,80,50,False,-30
noise,10.0,B4_erosion_watershed,touch40_06.png,80,50,False,-30
noise,10.0,Ours_ASW_SPC,touch40_06.png,80,80,False,0
noise,10.0,B1_components,touch40_07.png,69,40,False,-29
noise,10.0,B4_erosion_watershed,touch40_07.png,69,40,False,-29
noise,10.0,Ours_ASW_SPC,touch40_07.png,69,69,False,0
noise,10.0,B1_components,touch60_00.png,77,40,False,-37
noise,10.0,B4_erosion_watershed,touch60_00.png,77,40,False,-37
noise,10.0,Ours_ASW_SPC,touch60_00.png,77,77,False,0
noise,10.0,B1_components,touch60_01.png,88,52,False,-36
noise,10.0,B4_erosion_watershed,touch60_01.png,88,52,False,-36
noise,10.0,Ours_ASW_SPC,touch60_01.png,88,88,False,0
noise,10.0,B1_components,touch60_02.png,98,64,False,-34
noise,10.0,B4_erosion_watershed,touch60_02.png,98,64,False,-34
noise,10.0,Ours_ASW_SPC,touch60_02.png,98,98,False,0
noise,10.0,B1_components,touch60_03.png,64,30,False,-34
noise,10.0,B4_erosion_watershed,touch60_03.png,64,30,False,-34
noise,10.0,Ours_ASW_SPC,touch60_03.png,64,63,False,-1
noise,10.0,B1_components,touch60_04.png,91,60,False,-31
noise,10.0,B4_erosion_watershed,touch60_04.png,91,60,False,-31
noise,10.0,Ours_ASW_SPC,touch60_04.png,91,91,False,0
noise,10.0,B1_components,touch60_05.png,58,26,False,-32
noise,10.0,B4_erosion_watershed,touch60_05.png,58,26,False,-32
noise,10.0,Ours_ASW_SPC,touch60_05.png,58,58,False,0
noise,10.0,B1_components,touch60_06.png,55,26,False,-29
noise,10.0,B4_erosion_watershed,touch60_06.png,55,26,False,-29
noise,10.0,Ours_ASW_SPC,touch60_06.png,55,55,False,0
noise,10.0,B1_components,touch60_07.png,89,38,False,-51
noise,10.0,B4_erosion_watershed,touch60_07.png,89,38,False,-51
noise,10.0,Ours_ASW_SPC,touch60_07.png,89,89,False,0
noise,10.0,B1_components,touch80_00.png,64,25,False,-39
noise,10.0,B4_erosion_watershed,touch80_00.png,64,25,False,-39
noise,10.0,Ours_ASW_SPC,touch80_00.png,64,63,False,-1
noise,10.0,B1_components,touch80_01.png,90,39,False,-51
noise,10.0,B4_erosion_watershed,touch80_01.png,90,39,False,-51
noise,10.0,Ours_ASW_SPC,touch80_01.png,90,90,False,0
noise,10.0,B1_components,touch80_02.png,67,32,False,-35
noise,10.0,B4_erosion_watershed,touch80_02.png,67,32,False,-35
noise,10.0,Ours_ASW_SPC,touch80_02.png,67,67,False,0
noise,10.0,B1_components,touch80_03.png,52,24,False,-28
noise,10.0,B4_erosion_watershed,touch80_03.png,52,24,False,-28
noise,10.0,Ours_ASW_SPC,touch80_03.png,52,51,False,-1
noise,10.0,B1_components,touch80_04.png,69,27,False,-42
noise,10.0,B4_erosion_watershed,touch80_04.png,69,27,False,-42
noise,10.0,Ours_ASW_SPC,touch80_04.png,69,65,False,-4
noise,10.0,B1_components,touch80_05.png,87,38,False,-49
noise,10.0,B4_erosion_watershed,touch80_05.png,87,38,False,-49
noise,10.0,Ours_ASW_SPC,touch80_05.png,87,87,False,0
noise,10.0,B1_components,touch80_06.png,44,22,False,-22
noise,10.0,B4_erosion_watershed,touch80_06.png,44,22,False,-22
noise,10.0,Ours_ASW_SPC,touch80_06.png,44,43,False,-1
noise,10.0,B1_components,touch80_07.png,89,43,False,-46
noise,10.0,B4_erosion_watershed,touch80_07.png,89,43,False,-46
noise,10.0,Ours_ASW_SPC,touch80_07.png,89,88,False,-1
noise,20.0,B1_components,touch00_00.png,91,91,False,0
noise,20.0,B4_erosion_watershed,touch00_00.png,91,91,False,0
noise,20.0,Ours_ASW_SPC,touch00_00.png,91,91,False,0
noise,20.0,B1_components,touch00_01.png,63,63,False,0
noise,20.0,B4_erosion_watershed,touch00_01.png,63,63,False,0
noise,20.0,Ours_ASW_SPC,touch00_01.png,63,63,False,0
noise,20.0,B1_components,touch00_02.png,86,86,False,0
noise,20.0,B4_erosion_watershed,touch00_02.png,86,86,False,0
noise,20.0,Ours_ASW_SPC,touch00_02.png,86,86,False,0
noise,20.0,B1_components,touch00_03.png,87,87,False,0
noise,20.0,B4_erosion_watershed,touch00_03.png,87,87,False,0
noise,20.0,Ours_ASW_SPC,touch00_03.png,87,87,False,0
noise,20.0,B1_components,touch00_04.png,70,69,False,-1
noise,20.0,B4_erosion_watershed,touch00_04.png,70,69,False,-1
noise,20.0,Ours_ASW_SPC,touch00_04.png,70,70,False,0
noise,20.0,B1_components,touch00_05.png,64,64,False,0
noise,20.0,B4_erosion_watershed,touch00_05.png,64,64,False,0
noise,20.0,Ours_ASW_SPC,touch00_05.png,64,64,False,0
noise,20.0,B1_components,touch00_06.png,89,89,False,0
noise,20.0,B4_erosion_watershed,touch00_06.png,89,89,False,0
noise,20.0,Ours_ASW_SPC,touch00_06.png,89,89,False,0
noise,20.0,B1_components,touch00_07.png,53,52,False,-1
noise,20.0,B4_erosion_watershed,touch00_07.png,53,52,False,-1
noise,20.0,Ours_ASW_SPC,touch00_07.png,53,53,False,0
noise,20.0,B1_components,touch20_00.png,94,75,False,-19
noise,20.0,B4_erosion_watershed,touch20_00.png,94,75,False,-19
noise,20.0,Ours_ASW_SPC,touch20_00.png,94,93,False,-1
noise,20.0,B1_components,touch20_01.png,58,44,False,-14
noise,20.0,B4_erosion_watershed,touch20_01.png,58,44,False,-14
noise,20.0,Ours_ASW_SPC,touch20_01.png,58,58,False,0
noise,20.0,B1_components,touch20_02.png,67,57,False,-10
noise,20.0,B4_erosion_watershed,touch20_02.png,67,57,False,-10
noise,20.0,Ours_ASW_SPC,touch20_02.png,67,67,False,0
noise,20.0,B1_components,touch20_03.png,49,41,False,-8
noise,20.0,B4_erosion_watershed,touch20_03.png,49,41,False,-8
noise,20.0,Ours_ASW_SPC,touch20_03.png,49,49,False,0
noise,20.0,B1_components,touch20_04.png,44,36,False,-8
noise,20.0,B4_erosion_watershed,touch20_04.png,44,36,False,-8
noise,20.0,Ours_ASW_SPC,touch20_04.png,44,44,False,0
noise,20.0,B1_components,touch20_05.png,75,59,False,-16
noise,20.0,B4_erosion_watershed,touch20_05.png,75,59,False,-16
noise,20.0,Ours_ASW_SPC,touch20_05.png,75,75,False,0
noise,20.0,B1_components,touch20_06.png,44,32,False,-12
noise,20.0,B4_erosion_watershed,touch20_06.png,44,32,False,-12
noise,20.0,Ours_ASW_SPC,touch20_06.png,44,44,False,0
noise,20.0,B1_components,touch20_07.png,79,66,False,-13
noise,20.0,B4_erosion_watershed,touch20_07.png,79,66,False,-13
noise,20.0,Ours_ASW_SPC,touch20_07.png,79,79,False,0
noise,20.0,B1_components,touch40_00.png,62,40,False,-22
noise,20.0,B4_erosion_watershed,touch40_00.png,62,40,False,-22
noise,20.0,Ours_ASW_SPC,touch40_00.png,62,62,False,0
noise,20.0,B1_components,touch40_01.png,81,51,False,-30
noise,20.0,B4_erosion_watershed,touch40_01.png,81,51,False,-30
noise,20.0,Ours_ASW_SPC,touch40_01.png,81,81,False,0
noise,20.0,B1_components,touch40_02.png,98,68,False,-30
noise,20.0,B4_erosion_watershed,touch40_02.png,98,68,False,-30
noise,20.0,Ours_ASW_SPC,touch40_02.png,98,98,False,0
noise,20.0,B1_components,touch40_03.png,59,39,False,-20
noise,20.0,B4_erosion_watershed,touch40_03.png,59,39,False,-20
noise,20.0,Ours_ASW_SPC,touch40_03.png,59,58,False,-1
noise,20.0,B1_components,touch40_04.png,93,56,False,-37
noise,20.0,B4_erosion_watershed,touch40_04.png,93,56,False,-37
noise,20.0,Ours_ASW_SPC,touch40_04.png,93,93,False,0
noise,20.0,B1_components,touch40_05.png,49,26,False,-23
noise,20.0,B4_erosion_watershed,touch40_05.png,49,26,False,-23
noise,20.0,Ours_ASW_SPC,touch40_05.png,49,49,False,0
noise,20.0,B1_components,touch40_06.png,80,50,False,-30
noise,20.0,B4_erosion_watershed,touch40_06.png,80,50,False,-30
noise,20.0,Ours_ASW_SPC,touch40_06.png,80,80,False,0
noise,20.0,B1_components,touch40_07.png,69,40,False,-29
noise,20.0,B4_erosion_watershed,touch40_07.png,69,40,False,-29
noise,20.0,Ours_ASW_SPC,touch40_07.png,69,69,False,0
noise,20.0,B1_components,touch60_00.png,77,40,False,-37
noise,20.0,B4_erosion_watershed,touch60_00.png,77,40,False,-37
noise,20.0,Ours_ASW_SPC,touch60_00.png,77,77,False,0
noise,20.0,B1_components,touch60_01.png,88,52,False,-36
noise,20.0,B4_erosion_watershed,touch60_01.png,88,52,False,-36
noise,20.0,Ours_ASW_SPC,touch60_01.png,88,88,False,0
noise,20.0,B1_components,touch60_02.png,98,64,False,-34
noise,20.0,B4_erosion_watershed,touch60_02.png,98,64,False,-34
noise,20.0,Ours_ASW_SPC,touch60_02.png,98,98,False,0
noise,20.0,B1_components,touch60_03.png,64,30,False,-34
noise,20.0,B4_erosion_watershed,touch60_03.png,64,30,False,-34
noise,20.0,Ours_ASW_SPC,touch60_03.png,64,63,False,-1
noise,20.0,B1_components,touch60_04.png,91,60,False,-31
noise,20.0,B4_erosion_watershed,touch60_04.png,91,60,False,-31
noise,20.0,Ours_ASW_SPC,touch60_04.png,91,91,False,0
noise,20.0,B1_components,touch60_05.png,58,26,False,-32
noise,20.0,B4_erosion_watershed,touch60_05.png,58,26,False,-32
noise,20.0,Ours_ASW_SPC,touch60_05.png,58,58,False,0
noise,20.0,B1_components,touch60_06.png,55,26,False,-29
noise,20.0,B4_erosion_watershed,touch60_06.png,55,26,False,-29
noise,20.0,Ours_ASW_SPC,touch60_06.png,55,55,False,0
noise,20.0,B1_components,touch60_07.png,89,38,False,-51
noise,20.0,B4_erosion_watershed,touch60_07.png,89,38,False,-51
noise,20.0,Ours_ASW_SPC,touch60_07.png,89,89,False,0
noise,20.0,B1_components,touch80_00.png,64,25,False,-39
noise,20.0,B4_erosion_watershed,touch80_00.png,64,25,False,-39
noise,20.0,Ours_ASW_SPC,touch80_00.png,64,63,False,-1
noise,20.0,B1_components,touch80_01.png,90,39,False,-51
noise,20.0,B4_erosion_watershed,touch80_01.png,90,39,False,-51
noise,20.0,Ours_ASW_SPC,touch80_01.png,90,90,False,0
noise,20.0,B1_components,touch80_02.png,67,32,False,-35
noise,20.0,B4_erosion_watershed,touch80_02.png,67,32,False,-35
noise,20.0,Ours_ASW_SPC,touch80_02.png,67,67,False,0
noise,20.0,B1_components,touch80_03.png,52,24,False,-28
noise,20.0,B4_erosion_watershed,touch80_03.png,52,24,False,-28
noise,20.0,Ours_ASW_SPC,touch80_03.png,52,51,False,-1
noise,20.0,B1_components,touch80_04.png,69,27,False,-42
noise,20.0,B4_erosion_watershed,touch80_04.png,69,27,False,-42
noise,20.0,Ours_ASW_SPC,touch80_04.png,69,67,False,-2
noise,20.0,B1_components,touch80_05.png,87,38,False,-49
noise,20.0,B4_erosion_watershed,touch80_05.png,87,38,False,-49
noise,20.0,Ours_ASW_SPC,touch80_05.png,87,87,False,0
noise,20.0,B1_components,touch80_06.png,44,22,False,-22
noise,20.0,B4_erosion_watershed,touch80_06.png,44,22,False,-22
noise,20.0,Ours_ASW_SPC,touch80_06.png,44,43,False,-1
noise,20.0,B1_components,touch80_07.png,89,43,False,-46
noise,20.0,B4_erosion_watershed,touch80_07.png,89,43,False,-46
noise,20.0,Ours_ASW_SPC,touch80_07.png,89,88,False,-1
noise,30.0,B1_components,touch00_00.png,91,91,False,0
noise,30.0,B4_erosion_watershed,touch00_00.png,91,91,False,0
noise,30.0,Ours_ASW_SPC,touch00_00.png,91,91,False,0
noise,30.0,B1_components,touch00_01.png,63,63,False,0
noise,30.0,B4_erosion_watershed,touch00_01.png,63,63,False,0
noise,30.0,Ours_ASW_SPC,touch00_01.png,63,63,False,0
noise,30.0,B1_components,touch00_02.png,86,86,False,0
noise,30.0,B4_erosion_watershed,touch00_02.png,86,86,False,0
noise,30.0,Ours_ASW_SPC,touch00_02.png,86,86,False,0
noise,30.0,B1_components,touch00_03.png,87,87,False,0
noise,30.0,B4_erosion_watershed,touch00_03.png,87,87,False,0
noise,30.0,Ours_ASW_SPC,touch00_03.png,87,87,False,0
noise,30.0,B1_components,touch00_04.png,70,69,False,-1
noise,30.0,B4_erosion_watershed,touch00_04.png,70,70,False,0
noise,30.0,Ours_ASW_SPC,touch00_04.png,70,70,False,0
noise,30.0,B1_components,touch00_05.png,64,64,False,0
noise,30.0,B4_erosion_watershed,touch00_05.png,64,64,False,0
noise,30.0,Ours_ASW_SPC,touch00_05.png,64,64,False,0
noise,30.0,B1_components,touch00_06.png,89,89,False,0
noise,30.0,B4_erosion_watershed,touch00_06.png,89,89,False,0
noise,30.0,Ours_ASW_SPC,touch00_06.png,89,89,False,0
noise,30.0,B1_components,touch00_07.png,53,52,False,-1
noise,30.0,B4_erosion_watershed,touch00_07.png,53,52,False,-1
noise,30.0,Ours_ASW_SPC,touch00_07.png,53,53,False,0
noise,30.0,B1_components,touch20_00.png,94,75,False,-19
noise,30.0,B4_erosion_watershed,touch20_00.png,94,75,False,-19
noise,30.0,Ours_ASW_SPC,touch20_00.png,94,93,False,-1
noise,30.0,B1_components,touch20_01.png,58,44,False,-14
noise,30.0,B4_erosion_watershed,touch20_01.png,58,44,False,-14
noise,30.0,Ours_ASW_SPC,touch20_01.png,58,58,False,0
noise,30.0,B1_components,touch20_02.png,67,57,False,-10
noise,30.0,B4_erosion_watershed,touch20_02.png,67,57,False,-10
noise,30.0,Ours_ASW_SPC,touch20_02.png,67,67,False,0
noise,30.0,B1_components,touch20_03.png,49,41,False,-8
noise,30.0,B4_erosion_watershed,touch20_03.png,49,41,False,-8
noise,30.0,Ours_ASW_SPC,touch20_03.png,49,49,False,0
noise,30.0,B1_components,touch20_04.png,44,36,False,-8
noise,30.0,B4_erosion_watershed,touch20_04.png,44,36,False,-8
noise,30.0,Ours_ASW_SPC,touch20_04.png,44,44,False,0
noise,30.0,B1_components,touch20_05.png,75,59,False,-16
noise,30.0,B4_erosion_watershed,touch20_05.png,75,59,False,-16
noise,30.0,Ours_ASW_SPC,touch20_05.png,75,75,False,0
noise,30.0,B1_components,touch20_06.png,44,32,False,-12
noise,30.0,B4_erosion_watershed,touch20_06.png,44,32,False,-12
noise,30.0,Ours_ASW_SPC,touch20_06.png,44,44,False,0
noise,30.0,B1_components,touch20_07.png,79,66,False,-13
noise,30.0,B4_erosion_watershed,touch20_07.png,79,66,False,-13
noise,30.0,Ours_ASW_SPC,touch20_07.png,79,79,False,0
noise,30.0,B1_components,touch40_00.png,62,40,False,-22
noise,30.0,B4_erosion_watershed,touch40_00.png,62,40,False,-22
noise,30.0,Ours_ASW_SPC,touch40_00.png,62,62,False,0
noise,30.0,B1_components,touch40_01.png,81,51,False,-30
noise,30.0,B4_erosion_watershed,touch40_01.png,81,51,False,-30
noise,30.0,Ours_ASW_SPC,touch40_01.png,81,80,False,-1
noise,30.0,B1_components,touch40_02.png,98,68,False,-30
noise,30.0,B4_erosion_watershed,touch40_02.png,98,68,False,-30
noise,30.0,Ours_ASW_SPC,touch40_02.png,98,98,False,0
noise,30.0,B1_components,touch40_03.png,59,39,False,-20
noise,30.0,B4_erosion_watershed,touch40_03.png,59,39,False,-20
noise,30.0,Ours_ASW_SPC,touch40_03.png,59,58,False,-1
noise,30.0,B1_components,touch40_04.png,93,56,False,-37
noise,30.0,B4_erosion_watershed,touch40_04.png,93,56,False,-37
noise,30.0,Ours_ASW_SPC,touch40_04.png,93,93,False,0
noise,30.0,B1_components,touch40_05.png,49,26,False,-23
noise,30.0,B4_erosion_watershed,touch40_05.png,49,26,False,-23
noise,30.0,Ours_ASW_SPC,touch40_05.png,49,49,False,0
noise,30.0,B1_components,touch40_06.png,80,50,False,-30
noise,30.0,B4_erosion_watershed,touch40_06.png,80,50,False,-30
noise,30.0,Ours_ASW_SPC,touch40_06.png,80,80,False,0
noise,30.0,B1_components,touch40_07.png,69,40,False,-29
noise,30.0,B4_erosion_watershed,touch40_07.png,69,40,False,-29
noise,30.0,Ours_ASW_SPC,touch40_07.png,69,69,False,0
noise,30.0,B1_components,touch60_00.png,77,40,False,-37
noise,30.0,B4_erosion_watershed,touch60_00.png,77,40,False,-37
noise,30.0,Ours_ASW_SPC,touch60_00.png,77,77,False,0
noise,30.0,B1_components,touch60_01.png,88,52,False,-36
noise,30.0,B4_erosion_watershed,touch60_01.png,88,52,False,-36
noise,30.0,Ours_ASW_SPC,touch60_01.png,88,88,False,0
noise,30.0,B1_components,touch60_02.png,98,64,False,-34
noise,30.0,B4_erosion_watershed,touch60_02.png,98,64,False,-34
noise,30.0,Ours_ASW_SPC,touch60_02.png,98,98,False,0
noise,30.0,B1_components,touch60_03.png,64,30,False,-34
noise,30.0,B4_erosion_watershed,touch60_03.png,64,30,False,-34
noise,30.0,Ours_ASW_SPC,touch60_03.png,64,63,False,-1
noise,30.0,B1_components,touch60_04.png,91,60,False,-31
noise,30.0,B4_erosion_watershed,touch60_04.png,91,60,False,-31
noise,30.0,Ours_ASW_SPC,touch60_04.png,91,91,False,0
noise,30.0,B1_components,touch60_05.png,58,26,False,-32
noise,30.0,B4_erosion_watershed,touch60_05.png,58,26,False,-32
noise,30.0,Ours_ASW_SPC,touch60_05.png,58,58,False,0
noise,30.0,B1_components,touch60_06.png,55,26,False,-29
noise,30.0,B4_erosion_watershed,touch60_06.png,55,26,False,-29
noise,30.0,Ours_ASW_SPC,touch60_06.png,55,55,False,0
noise,30.0,B1_components,touch60_07.png,89,38,False,-51
noise,30.0,B4_erosion_watershed,touch60_07.png,89,38,False,-51
noise,30.0,Ours_ASW_SPC,touch60_07.png,89,89,False,0
noise,30.0,B1_components,touch80_00.png,64,25,False,-39
noise,30.0,B4_erosion_watershed,touch80_00.png,64,25,False,-39
noise,30.0,Ours_ASW_SPC,touch80_00.png,64,63,False,-1
noise,30.0,B1_components,touch80_01.png,90,39,False,-51
noise,30.0,B4_erosion_watershed,touch80_01.png,90,39,False,-51
noise,30.0,Ours_ASW_SPC,touch80_01.png,90,90,False,0
noise,30.0,B1_components,touch80_02.png,67,32,False,-35
noise,30.0,B4_erosion_watershed,touch80_02.png,67,32,False,-35
noise,30.0,Ours_ASW_SPC,touch80_02.png,67,67,False,0
noise,30.0,B1_components,touch80_03.png,52,24,False,-28
noise,30.0,B4_erosion_watershed,touch80_03.png,52,24,False,-28
noise,30.0,Ours_ASW_SPC,touch80_03.png,52,51,False,-1
noise,30.0,B1_components,touch80_04.png,69,27,False,-42
noise,30.0,B4_erosion_watershed,touch80_04.png,69,27,False,-42
noise,30.0,Ours_ASW_SPC,touch80_04.png,69,66,False,-3
noise,30.0,B1_components,touch80_05.png,87,38,False,-49
noise,30.0,B4_erosion_watershed,touch80_05.png,87,38,False,-49
noise,30.0,Ours_ASW_SPC,touch80_05.png,87,87,False,0
noise,30.0,B1_components,touch80_06.png,44,22,False,-22
noise,30.0,B4_erosion_watershed,touch80_06.png,44,22,False,-22
noise,30.0,Ours_ASW_SPC,touch80_06.png,44,43,False,-1
noise,30.0,B1_components,touch80_07.png,89,44,False,-45
noise,30.0,B4_erosion_watershed,touch80_07.png,89,44,False,-45
noise,30.0,Ours_ASW_SPC,touch80_07.png,89,88,False,-1
noise,45.0,B1_components,touch00_00.png,91,91,False,0
noise,45.0,B4_erosion_watershed,touch00_00.png,91,91,False,0
noise,45.0,Ours_ASW_SPC,touch00_00.png,91,91,False,0
noise,45.0,B1_components,touch00_01.png,63,63,False,0
noise,45.0,B4_erosion_watershed,touch00_01.png,63,63,False,0
noise,45.0,Ours_ASW_SPC,touch00_01.png,63,63,False,0
noise,45.0,B1_components,touch00_02.png,86,86,False,0
noise,45.0,B4_erosion_watershed,touch00_02.png,86,86,False,0
noise,45.0,Ours_ASW_SPC,touch00_02.png,86,86,False,0
noise,45.0,B1_components,touch00_03.png,87,87,False,0
noise,45.0,B4_erosion_watershed,touch00_03.png,87,87,False,0
noise,45.0,Ours_ASW_SPC,touch00_03.png,87,87,False,0
noise,45.0,B1_components,touch00_04.png,70,70,False,0
noise,45.0,B4_erosion_watershed,touch00_04.png,70,70,False,0
noise,45.0,Ours_ASW_SPC,touch00_04.png,70,70,False,0
noise,45.0,B1_components,touch00_05.png,64,64,False,0
noise,45.0,B4_erosion_watershed,touch00_05.png,64,64,False,0
noise,45.0,Ours_ASW_SPC,touch00_05.png,64,64,False,0
noise,45.0,B1_components,touch00_06.png,89,89,False,0
noise,45.0,B4_erosion_watershed,touch00_06.png,89,89,False,0
noise,45.0,Ours_ASW_SPC,touch00_06.png,89,89,False,0
noise,45.0,B1_components,touch00_07.png,53,52,False,-1
noise,45.0,B4_erosion_watershed,touch00_07.png,53,52,False,-1
noise,45.0,Ours_ASW_SPC,touch00_07.png,53,53,False,0
noise,45.0,B1_components,touch20_00.png,94,75,False,-19
noise,45.0,B4_erosion_watershed,touch20_00.png,94,75,False,-19
noise,45.0,Ours_ASW_SPC,touch20_00.png,94,93,False,-1
noise,45.0,B1_components,touch20_01.png,58,44,False,-14
noise,45.0,B4_erosion_watershed,touch20_01.png,58,44,False,-14
noise,45.0,Ours_ASW_SPC,touch20_01.png,58,58,False,0
noise,45.0,B1_components,touch20_02.png,67,57,False,-10
noise,45.0,B4_erosion_watershed,touch20_02.png,67,57,False,-10
noise,45.0,Ours_ASW_SPC,touch20_02.png,67,67,False,0
noise,45.0,B1_components,touch20_03.png,49,41,False,-8
noise,45.0,B4_erosion_watershed,touch20_03.png,49,41,False,-8
noise,45.0,Ours_ASW_SPC,touch20_03.png,49,49,False,0
noise,45.0,B1_components,touch20_04.png,44,36,False,-8
noise,45.0,B4_erosion_watershed,touch20_04.png,44,36,False,-8
noise,45.0,Ours_ASW_SPC,touch20_04.png,44,44,False,0
noise,45.0,B1_components,touch20_05.png,75,59,False,-16
noise,45.0,B4_erosion_watershed,touch20_05.png,75,59,False,-16
noise,45.0,Ours_ASW_SPC,touch20_05.png,75,75,False,0
noise,45.0,B1_components,touch20_06.png,44,32,False,-12
noise,45.0,B4_erosion_watershed,touch20_06.png,44,32,False,-12
noise,45.0,Ours_ASW_SPC,touch20_06.png,44,44,False,0
noise,45.0,B1_components,touch20_07.png,79,66,False,-13
noise,45.0,B4_erosion_watershed,touch20_07.png,79,66,False,-13
noise,45.0,Ours_ASW_SPC,touch20_07.png,79,79,False,0
noise,45.0,B1_components,touch40_00.png,62,40,False,-22
noise,45.0,B4_erosion_watershed,touch40_00.png,62,40,False,-22
noise,45.0,Ours_ASW_SPC,touch40_00.png,62,61,False,-1
noise,45.0,B1_components,touch40_01.png,81,51,False,-30
noise,45.0,B4_erosion_watershed,touch40_01.png,81,51,False,-30
noise,45.0,Ours_ASW_SPC,touch40_01.png,81,81,False,0
noise,45.0,B1_components,touch40_02.png,98,68,False,-30
noise,45.0,B4_erosion_watershed,touch40_02.png,98,68,False,-30
noise,45.0,Ours_ASW_SPC,touch40_02.png,98,98,False,0
noise,45.0,B1_components,touch40_03.png,59,39,False,-20
noise,45.0,B4_erosion_watershed,touch40_03.png,59,39,False,-20
noise,45.0,Ours_ASW_SPC,touch40_03.png,59,58,False,-1
noise,45.0,B1_components,touch40_04.png,93,56,False,-37
noise,45.0,B4_erosion_watershed,touch40_04.png,93,56,False,-37
noise,45.0,Ours_ASW_SPC,touch40_04.png,93,93,False,0
noise,45.0,B1_components,touch40_05.png,49,26,False,-23
noise,45.0,B4_erosion_watershed,touch40_05.png,49,26,False,-23
noise,45.0,Ours_ASW_SPC,touch40_05.png,49,49,False,0
noise,45.0,B1_components,touch40_06.png,80,50,False,-30
noise,45.0,B4_erosion_watershed,touch40_06.png,80,50,False,-30
noise,45.0,Ours_ASW_SPC,touch40_06.png,80,80,False,0
noise,45.0,B1_components,touch40_07.png,69,40,False,-29
noise,45.0,B4_erosion_watershed,touch40_07.png,69,40,False,-29
noise,45.0,Ours_ASW_SPC,touch40_07.png,69,69,False,0
noise,45.0,B1_components,touch60_00.png,77,40,False,-37
noise,45.0,B4_erosion_watershed,touch60_00.png,77,40,False,-37
noise,45.0,Ours_ASW_SPC,touch60_00.png,77,76,False,-1
noise,45.0,B1_components,touch60_01.png,88,52,False,-36
noise,45.0,B4_erosion_watershed,touch60_01.png,88,52,False,-36
noise,45.0,Ours_ASW_SPC,touch60_01.png,88,88,False,0
noise,45.0,B1_components,touch60_02.png,98,64,False,-34
noise,45.0,B4_erosion_watershed,touch60_02.png,98,64,False,-34
noise,45.0,Ours_ASW_SPC,touch60_02.png,98,98,False,0
noise,45.0,B1_components,touch60_03.png,64,30,False,-34
noise,45.0,B4_erosion_watershed,touch60_03.png,64,30,False,-34
noise,45.0,Ours_ASW_SPC,touch60_03.png,64,63,False,-1
noise,45.0,B1_components,touch60_04.png,91,60,False,-31
noise,45.0,B4_erosion_watershed,touch60_04.png,91,60,False,-31
noise,45.0,Ours_ASW_SPC,touch60_04.png,91,91,False,0
noise,45.0,B1_components,touch60_05.png,58,26,False,-32
noise,45.0,B4_erosion_watershed,touch60_05.png,58,26,False,-32
noise,45.0,Ours_ASW_SPC,touch60_05.png,58,58,False,0
noise,45.0,B1_components,touch60_06.png,55,26,False,-29
noise,45.0,B4_erosion_watershed,touch60_06.png,55,26,False,-29
noise,45.0,Ours_ASW_SPC,touch60_06.png,55,55,False,0
noise,45.0,B1_components,touch60_07.png,89,38,False,-51
noise,45.0,B4_erosion_watershed,touch60_07.png,89,38,False,-51
noise,45.0,Ours_ASW_SPC,touch60_07.png,89,89,False,0
noise,45.0,B1_components,touch80_00.png,64,25,False,-39
noise,45.0,B4_erosion_watershed,touch80_00.png,64,25,False,-39
noise,45.0,Ours_ASW_SPC,touch80_00.png,64,63,False,-1
noise,45.0,B1_components,touch80_01.png,90,39,False,-51
noise,45.0,B4_erosion_watershed,touch80_01.png,90,39,False,-51
noise,45.0,Ours_ASW_SPC,touch80_01.png,90,90,False,0
noise,45.0,B1_components,touch80_02.png,67,32,False,-35
noise,45.0,B4_erosion_watershed,touch80_02.png,67,32,False,-35
noise,45.0,Ours_ASW_SPC,touch80_02.png,67,67,False,0
noise,45.0,B1_components,touch80_03.png,52,24,False,-28
noise,45.0,B4_erosion_watershed,touch80_03.png,52,24,False,-28
noise,45.0,Ours_ASW_SPC,touch80_03.png,52,51,False,-1
noise,45.0,B1_components,touch80_04.png,69,27,False,-42
noise,45.0,B4_erosion_watershed,touch80_04.png,69,27,False,-42
noise,45.0,Ours_ASW_SPC,touch80_04.png,69,67,False,-2
noise,45.0,B1_components,touch80_05.png,87,38,False,-49
noise,45.0,B4_erosion_watershed,touch80_05.png,87,38,False,-49
noise,45.0,Ours_ASW_SPC,touch80_05.png,87,87,False,0
noise,45.0,B1_components,touch80_06.png,44,22,False,-22
noise,45.0,B4_erosion_watershed,touch80_06.png,44,22,False,-22
noise,45.0,Ours_ASW_SPC,touch80_06.png,44,43,False,-1
noise,45.0,B1_components,touch80_07.png,89,43,False,-46
noise,45.0,B4_erosion_watershed,touch80_07.png,89,43,False,-46
noise,45.0,Ours_ASW_SPC,touch80_07.png,89,88,False,-1
contrast,1.0,B1_components,touch00_00.png,91,91,False,0
contrast,1.0,B4_erosion_watershed,touch00_00.png,91,91,False,0
contrast,1.0,Ours_ASW_SPC,touch00_00.png,91,91,False,0
contrast,1.0,B1_components,touch00_01.png,63,63,False,0
contrast,1.0,B4_erosion_watershed,touch00_01.png,63,63,False,0
contrast,1.0,Ours_ASW_SPC,touch00_01.png,63,63,False,0
contrast,1.0,B1_components,touch00_02.png,86,86,False,0
contrast,1.0,B4_erosion_watershed,touch00_02.png,86,86,False,0
contrast,1.0,Ours_ASW_SPC,touch00_02.png,86,86,False,0
contrast,1.0,B1_components,touch00_03.png,87,87,False,0
contrast,1.0,B4_erosion_watershed,touch00_03.png,87,87,False,0
contrast,1.0,Ours_ASW_SPC,touch00_03.png,87,87,False,0
contrast,1.0,B1_components,touch00_04.png,70,69,False,-1
contrast,1.0,B4_erosion_watershed,touch00_04.png,70,70,False,0
contrast,1.0,Ours_ASW_SPC,touch00_04.png,70,70,False,0
contrast,1.0,B1_components,touch00_05.png,64,64,False,0
contrast,1.0,B4_erosion_watershed,touch00_05.png,64,64,False,0
contrast,1.0,Ours_ASW_SPC,touch00_05.png,64,64,False,0
contrast,1.0,B1_components,touch00_06.png,89,89,False,0
contrast,1.0,B4_erosion_watershed,touch00_06.png,89,89,False,0
contrast,1.0,Ours_ASW_SPC,touch00_06.png,89,89,False,0
contrast,1.0,B1_components,touch00_07.png,53,52,False,-1
contrast,1.0,B4_erosion_watershed,touch00_07.png,53,52,False,-1
contrast,1.0,Ours_ASW_SPC,touch00_07.png,53,53,False,0
contrast,1.0,B1_components,touch20_00.png,94,75,False,-19
contrast,1.0,B4_erosion_watershed,touch20_00.png,94,75,False,-19
contrast,1.0,Ours_ASW_SPC,touch20_00.png,94,93,False,-1
contrast,1.0,B1_components,touch20_01.png,58,44,False,-14
contrast,1.0,B4_erosion_watershed,touch20_01.png,58,44,False,-14
contrast,1.0,Ours_ASW_SPC,touch20_01.png,58,58,False,0
contrast,1.0,B1_components,touch20_02.png,67,57,False,-10
contrast,1.0,B4_erosion_watershed,touch20_02.png,67,57,False,-10
contrast,1.0,Ours_ASW_SPC,touch20_02.png,67,67,False,0
contrast,1.0,B1_components,touch20_03.png,49,41,False,-8
contrast,1.0,B4_erosion_watershed,touch20_03.png,49,41,False,-8
contrast,1.0,Ours_ASW_SPC,touch20_03.png,49,49,False,0
contrast,1.0,B1_components,touch20_04.png,44,36,False,-8
contrast,1.0,B4_erosion_watershed,touch20_04.png,44,36,False,-8
contrast,1.0,Ours_ASW_SPC,touch20_04.png,44,44,False,0
contrast,1.0,B1_components,touch20_05.png,75,59,False,-16
contrast,1.0,B4_erosion_watershed,touch20_05.png,75,59,False,-16
contrast,1.0,Ours_ASW_SPC,touch20_05.png,75,75,False,0
contrast,1.0,B1_components,touch20_06.png,44,32,False,-12
contrast,1.0,B4_erosion_watershed,touch20_06.png,44,32,False,-12
contrast,1.0,Ours_ASW_SPC,touch20_06.png,44,44,False,0
contrast,1.0,B1_components,touch20_07.png,79,66,False,-13
contrast,1.0,B4_erosion_watershed,touch20_07.png,79,66,False,-13
contrast,1.0,Ours_ASW_SPC,touch20_07.png,79,79,False,0
contrast,1.0,B1_components,touch40_00.png,62,40,False,-22
contrast,1.0,B4_erosion_watershed,touch40_00.png,62,40,False,-22
contrast,1.0,Ours_ASW_SPC,touch40_00.png,62,61,False,-1
contrast,1.0,B1_components,touch40_01.png,81,51,False,-30
contrast,1.0,B4_erosion_watershed,touch40_01.png,81,51,False,-30
contrast,1.0,Ours_ASW_SPC,touch40_01.png,81,81,False,0
contrast,1.0,B1_components,touch40_02.png,98,68,False,-30
contrast,1.0,B4_erosion_watershed,touch40_02.png,98,68,False,-30
contrast,1.0,Ours_ASW_SPC,touch40_02.png,98,98,False,0
contrast,1.0,B1_components,touch40_03.png,59,39,False,-20
contrast,1.0,B4_erosion_watershed,touch40_03.png,59,39,False,-20
contrast,1.0,Ours_ASW_SPC,touch40_03.png,59,59,False,0
contrast,1.0,B1_components,touch40_04.png,93,56,False,-37
contrast,1.0,B4_erosion_watershed,touch40_04.png,93,56,False,-37
contrast,1.0,Ours_ASW_SPC,touch40_04.png,93,93,False,0
contrast,1.0,B1_components,touch40_05.png,49,26,False,-23
contrast,1.0,B4_erosion_watershed,touch40_05.png,49,26,False,-23
contrast,1.0,Ours_ASW_SPC,touch40_05.png,49,49,False,0
contrast,1.0,B1_components,touch40_06.png,80,50,False,-30
contrast,1.0,B4_erosion_watershed,touch40_06.png,80,50,False,-30
contrast,1.0,Ours_ASW_SPC,touch40_06.png,80,80,False,0
contrast,1.0,B1_components,touch40_07.png,69,40,False,-29
contrast,1.0,B4_erosion_watershed,touch40_07.png,69,40,False,-29
contrast,1.0,Ours_ASW_SPC,touch40_07.png,69,69,False,0
contrast,1.0,B1_components,touch60_00.png,77,40,False,-37
contrast,1.0,B4_erosion_watershed,touch60_00.png,77,40,False,-37
contrast,1.0,Ours_ASW_SPC,touch60_00.png,77,77,False,0
contrast,1.0,B1_components,touch60_01.png,88,52,False,-36
contrast,1.0,B4_erosion_watershed,touch60_01.png,88,52,False,-36
contrast,1.0,Ours_ASW_SPC,touch60_01.png,88,88,False,0
contrast,1.0,B1_components,touch60_02.png,98,64,False,-34
contrast,1.0,B4_erosion_watershed,touch60_02.png,98,64,False,-34
contrast,1.0,Ours_ASW_SPC,touch60_02.png,98,98,False,0
contrast,1.0,B1_components,touch60_03.png,64,30,False,-34
contrast,1.0,B4_erosion_watershed,touch60_03.png,64,30,False,-34
contrast,1.0,Ours_ASW_SPC,touch60_03.png,64,63,False,-1
contrast,1.0,B1_components,touch60_04.png,91,60,False,-31
contrast,1.0,B4_erosion_watershed,touch60_04.png,91,60,False,-31
contrast,1.0,Ours_ASW_SPC,touch60_04.png,91,91,False,0
contrast,1.0,B1_components,touch60_05.png,58,26,False,-32
contrast,1.0,B4_erosion_watershed,touch60_05.png,58,26,False,-32
contrast,1.0,Ours_ASW_SPC,touch60_05.png,58,58,False,0
contrast,1.0,B1_components,touch60_06.png,55,26,False,-29
contrast,1.0,B4_erosion_watershed,touch60_06.png,55,26,False,-29
contrast,1.0,Ours_ASW_SPC,touch60_06.png,55,55,False,0
contrast,1.0,B1_components,touch60_07.png,89,38,False,-51
contrast,1.0,B4_erosion_watershed,touch60_07.png,89,38,False,-51
contrast,1.0,Ours_ASW_SPC,touch60_07.png,89,89,False,0
contrast,1.0,B1_components,touch80_00.png,64,25,False,-39
contrast,1.0,B4_erosion_watershed,touch80_00.png,64,25,False,-39
contrast,1.0,Ours_ASW_SPC,touch80_00.png,64,63,False,-1
contrast,1.0,B1_components,touch80_01.png,90,39,False,-51
contrast,1.0,B4_erosion_watershed,touch80_01.png,90,39,False,-51
contrast,1.0,Ours_ASW_SPC,touch80_01.png,90,90,False,0
contrast,1.0,B1_components,touch80_02.png,67,33,False,-34
contrast,1.0,B4_erosion_watershed,touch80_02.png,67,33,False,-34
contrast,1.0,Ours_ASW_SPC,touch80_02.png,67,67,False,0
contrast,1.0,B1_components,touch80_03.png,52,24,False,-28
contrast,1.0,B4_erosion_watershed,touch80_03.png,52,24,False,-28
contrast,1.0,Ours_ASW_SPC,touch80_03.png,52,51,False,-1
contrast,1.0,B1_components,touch80_04.png,69,27,False,-42
contrast,1.0,B4_erosion_watershed,touch80_04.png,69,27,False,-42
contrast,1.0,Ours_ASW_SPC,touch80_04.png,69,66,False,-3
contrast,1.0,B1_components,touch80_05.png,87,38,False,-49
contrast,1.0,B4_erosion_watershed,touch80_05.png,87,38,False,-49
contrast,1.0,Ours_ASW_SPC,touch80_05.png,87,87,False,0
contrast,1.0,B1_components,touch80_06.png,44,22,False,-22
contrast,1.0,B4_erosion_watershed,touch80_06.png,44,22,False,-22
contrast,1.0,Ours_ASW_SPC,touch80_06.png,44,43,False,-1
contrast,1.0,B1_components,touch80_07.png,89,43,False,-46
contrast,1.0,B4_erosion_watershed,touch80_07.png,89,43,False,-46
contrast,1.0,Ours_ASW_SPC,touch80_07.png,89,88,False,-1
contrast,0.7,B1_components,touch00_00.png,91,91,False,0
contrast,0.7,B4_erosion_watershed,touch00_00.png,91,91,False,0
contrast,0.7,Ours_ASW_SPC,touch00_00.png,91,91,False,0
contrast,0.7,B1_components,touch00_01.png,63,63,False,0
contrast,0.7,B4_erosion_watershed,touch00_01.png,63,63,False,0
contrast,0.7,Ours_ASW_SPC,touch00_01.png,63,63,False,0
contrast,0.7,B1_components,touch00_02.png,86,86,False,0
contrast,0.7,B4_erosion_watershed,touch00_02.png,86,86,False,0
contrast,0.7,Ours_ASW_SPC,touch00_02.png,86,86,False,0
contrast,0.7,B1_components,touch00_03.png,87,87,False,0
contrast,0.7,B4_erosion_watershed,touch00_03.png,87,87,False,0
contrast,0.7,Ours_ASW_SPC,touch00_03.png,87,87,False,0
contrast,0.7,B1_components,touch00_04.png,70,69,False,-1
contrast,0.7,B4_erosion_watershed,touch00_04.png,70,70,False,0
contrast,0.7,Ours_ASW_SPC,touch00_04.png,70,70,False,0
contrast,0.7,B1_components,touch00_05.png,64,64,False,0
contrast,0.7,B4_erosion_watershed,touch00_05.png,64,64,False,0
contrast,0.7,Ours_ASW_SPC,touch00_05.png,64,64,False,0
contrast,0.7,B1_components,touch00_06.png,89,89,False,0
contrast,0.7,B4_erosion_watershed,touch00_06.png,89,89,False,0
contrast,0.7,Ours_ASW_SPC,touch00_06.png,89,89,False,0
contrast,0.7,B1_components,touch00_07.png,53,52,False,-1
contrast,0.7,B4_erosion_watershed,touch00_07.png,53,52,False,-1
contrast,0.7,Ours_ASW_SPC,touch00_07.png,53,53,False,0
contrast,0.7,B1_components,touch20_00.png,94,75,False,-19
contrast,0.7,B4_erosion_watershed,touch20_00.png,94,75,False,-19
contrast,0.7,Ours_ASW_SPC,touch20_00.png,94,93,False,-1
contrast,0.7,B1_components,touch20_01.png,58,44,False,-14
contrast,0.7,B4_erosion_watershed,touch20_01.png,58,44,False,-14
contrast,0.7,Ours_ASW_SPC,touch20_01.png,58,58,False,0
contrast,0.7,B1_components,touch20_02.png,67,57,False,-10
contrast,0.7,B4_erosion_watershed,touch20_02.png,67,57,False,-10
contrast,0.7,Ours_ASW_SPC,touch20_02.png,67,67,False,0
contrast,0.7,B1_components,touch20_03.png,49,41,False,-8
contrast,0.7,B4_erosion_watershed,touch20_03.png,49,41,False,-8
contrast,0.7,Ours_ASW_SPC,touch20_03.png,49,49,False,0
contrast,0.7,B1_components,touch20_04.png,44,36,False,-8
contrast,0.7,B4_erosion_watershed,touch20_04.png,44,36,False,-8
contrast,0.7,Ours_ASW_SPC,touch20_04.png,44,44,False,0
contrast,0.7,B1_components,touch20_05.png,75,59,False,-16
contrast,0.7,B4_erosion_watershed,touch20_05.png,75,59,False,-16
contrast,0.7,Ours_ASW_SPC,touch20_05.png,75,75,False,0
contrast,0.7,B1_components,touch20_06.png,44,32,False,-12
contrast,0.7,B4_erosion_watershed,touch20_06.png,44,32,False,-12
contrast,0.7,Ours_ASW_SPC,touch20_06.png,44,44,False,0
contrast,0.7,B1_components,touch20_07.png,79,66,False,-13
contrast,0.7,B4_erosion_watershed,touch20_07.png,79,66,False,-13
contrast,0.7,Ours_ASW_SPC,touch20_07.png,79,79,False,0
contrast,0.7,B1_components,touch40_00.png,62,40,False,-22
contrast,0.7,B4_erosion_watershed,touch40_00.png,62,40,False,-22
contrast,0.7,Ours_ASW_SPC,touch40_00.png,62,61,False,-1
contrast,0.7,B1_components,touch40_01.png,81,51,False,-30
contrast,0.7,B4_erosion_watershed,touch40_01.png,81,51,False,-30
contrast,0.7,Ours_ASW_SPC,touch40_01.png,81,81,False,0
contrast,0.7,B1_components,touch40_02.png,98,68,False,-30
contrast,0.7,B4_erosion_watershed,touch40_02.png,98,68,False,-30
contrast,0.7,Ours_ASW_SPC,touch40_02.png,98,98,False,0
contrast,0.7,B1_components,touch40_03.png,59,39,False,-20
contrast,0.7,B4_erosion_watershed,touch40_03.png,59,39,False,-20
contrast,0.7,Ours_ASW_SPC,touch40_03.png,59,59,False,0
contrast,0.7,B1_components,touch40_04.png,93,56,False,-37
contrast,0.7,B4_erosion_watershed,touch40_04.png,93,56,False,-37
contrast,0.7,Ours_ASW_SPC,touch40_04.png,93,93,False,0
contrast,0.7,B1_components,touch40_05.png,49,26,False,-23
contrast,0.7,B4_erosion_watershed,touch40_05.png,49,26,False,-23
contrast,0.7,Ours_ASW_SPC,touch40_05.png,49,49,False,0
contrast,0.7,B1_components,touch40_06.png,80,50,False,-30
contrast,0.7,B4_erosion_watershed,touch40_06.png,80,50,False,-30
contrast,0.7,Ours_ASW_SPC,touch40_06.png,80,80,False,0
contrast,0.7,B1_components,touch40_07.png,69,40,False,-29
contrast,0.7,B4_erosion_watershed,touch40_07.png,69,40,False,-29
contrast,0.7,Ours_ASW_SPC,touch40_07.png,69,69,False,0
contrast,0.7,B1_components,touch60_00.png,77,40,False,-37
contrast,0.7,B4_erosion_watershed,touch60_00.png,77,40,False,-37
contrast,0.7,Ours_ASW_SPC,touch60_00.png,77,77,False,0
contrast,0.7,B1_components,touch60_01.png,88,52,False,-36
contrast,0.7,B4_erosion_watershed,touch60_01.png,88,52,False,-36
contrast,0.7,Ours_ASW_SPC,touch60_01.png,88,88,False,0
contrast,0.7,B1_components,touch60_02.png,98,64,False,-34
contrast,0.7,B4_erosion_watershed,touch60_02.png,98,64,False,-34
contrast,0.7,Ours_ASW_SPC,touch60_02.png,98,98,False,0
contrast,0.7,B1_components,touch60_03.png,64,30,False,-34
contrast,0.7,B4_erosion_watershed,touch60_03.png,64,30,False,-34
contrast,0.7,Ours_ASW_SPC,touch60_03.png,64,63,False,-1
contrast,0.7,B1_components,touch60_04.png,91,60,False,-31
contrast,0.7,B4_erosion_watershed,touch60_04.png,91,60,False,-31
contrast,0.7,Ours_ASW_SPC,touch60_04.png,91,91,False,0
contrast,0.7,B1_components,touch60_05.png,58,26,False,-32
contrast,0.7,B4_erosion_watershed,touch60_05.png,58,26,False,-32
contrast,0.7,Ours_ASW_SPC,touch60_05.png,58,58,False,0
contrast,0.7,B1_components,touch60_06.png,55,26,False,-29
contrast,0.7,B4_erosion_watershed,touch60_06.png,55,26,False,-29
contrast,0.7,Ours_ASW_SPC,touch60_06.png,55,55,False,0
contrast,0.7,B1_components,touch60_07.png,89,38,False,-51
contrast,0.7,B4_erosion_watershed,touch60_07.png,89,38,False,-51
contrast,0.7,Ours_ASW_SPC,touch60_07.png,89,89,False,0
contrast,0.7,B1_components,touch80_00.png,64,25,False,-39
contrast,0.7,B4_erosion_watershed,touch80_00.png,64,25,False,-39
contrast,0.7,Ours_ASW_SPC,touch80_00.png,64,63,False,-1
contrast,0.7,B1_components,touch80_01.png,90,39,False,-51
contrast,0.7,B4_erosion_watershed,touch80_01.png,90,39,False,-51
contrast,0.7,Ours_ASW_SPC,touch80_01.png,90,90,False,0
contrast,0.7,B1_components,touch80_02.png,67,33,False,-34
contrast,0.7,B4_erosion_watershed,touch80_02.png,67,33,False,-34
contrast,0.7,Ours_ASW_SPC,touch80_02.png,67,67,False,0
contrast,0.7,B1_components,touch80_03.png,52,24,False,-28
contrast,0.7,B4_erosion_watershed,touch80_03.png,52,24,False,-28
contrast,0.7,Ours_ASW_SPC,touch80_03.png,52,51,False,-1
contrast,0.7,B1_components,touch80_04.png,69,27,False,-42
contrast,0.7,B4_erosion_watershed,touch80_04.png,69,27,False,-42
contrast,0.7,Ours_ASW_SPC,touch80_04.png,69,66,False,-3
contrast,0.7,B1_components,touch80_05.png,87,38,False,-49
contrast,0.7,B4_erosion_watershed,touch80_05.png,87,38,False,-49
contrast,0.7,Ours_ASW_SPC,touch80_05.png,87,87,False,0
contrast,0.7,B1_components,touch80_06.png,44,22,False,-22
contrast,0.7,B4_erosion_watershed,touch80_06.png,44,22,False,-22
contrast,0.7,Ours_ASW_SPC,touch80_06.png,44,43,False,-1
contrast,0.7,B1_components,touch80_07.png,89,43,False,-46
contrast,0.7,B4_erosion_watershed,touch80_07.png,89,43,False,-46
contrast,0.7,Ours_ASW_SPC,touch80_07.png,89,88,False,-1
contrast,0.5,B1_components,touch00_00.png,91,91,False,0
contrast,0.5,B4_erosion_watershed,touch00_00.png,91,91,False,0
contrast,0.5,Ours_ASW_SPC,touch00_00.png,91,91,False,0
contrast,0.5,B1_components,touch00_01.png,63,63,False,0
contrast,0.5,B4_erosion_watershed,touch00_01.png,63,63,False,0
contrast,0.5,Ours_ASW_SPC,touch00_01.png,63,63,False,0
contrast,0.5,B1_components,touch00_02.png,86,86,False,0
contrast,0.5,B4_erosion_watershed,touch00_02.png,86,86,False,0
contrast,0.5,Ours_ASW_SPC,touch00_02.png,86,86,False,0
contrast,0.5,B1_components,touch00_03.png,87,87,False,0
contrast,0.5,B4_erosion_watershed,touch00_03.png,87,87,False,0
contrast,0.5,Ours_ASW_SPC,touch00_03.png,87,87,False,0
contrast,0.5,B1_components,touch00_04.png,70,70,False,0
contrast,0.5,B4_erosion_watershed,touch00_04.png,70,70,False,0
contrast,0.5,Ours_ASW_SPC,touch00_04.png,70,70,False,0
contrast,0.5,B1_components,touch00_05.png,64,64,False,0
contrast,0.5,B4_erosion_watershed,touch00_05.png,64,64,False,0
contrast,0.5,Ours_ASW_SPC,touch00_05.png,64,64,False,0
contrast,0.5,B1_components,touch00_06.png,89,89,False,0
contrast,0.5,B4_erosion_watershed,touch00_06.png,89,89,False,0
contrast,0.5,Ours_ASW_SPC,touch00_06.png,89,89,False,0
contrast,0.5,B1_components,touch00_07.png,53,52,False,-1
contrast,0.5,B4_erosion_watershed,touch00_07.png,53,52,False,-1
contrast,0.5,Ours_ASW_SPC,touch00_07.png,53,53,False,0
contrast,0.5,B1_components,touch20_00.png,94,75,False,-19
contrast,0.5,B4_erosion_watershed,touch20_00.png,94,75,False,-19
contrast,0.5,Ours_ASW_SPC,touch20_00.png,94,93,False,-1
contrast,0.5,B1_components,touch20_01.png,58,44,False,-14
contrast,0.5,B4_erosion_watershed,touch20_01.png,58,44,False,-14
contrast,0.5,Ours_ASW_SPC,touch20_01.png,58,58,False,0
contrast,0.5,B1_components,touch20_02.png,67,57,False,-10
contrast,0.5,B4_erosion_watershed,touch20_02.png,67,57,False,-10
contrast,0.5,Ours_ASW_SPC,touch20_02.png,67,67,False,0
contrast,0.5,B1_components,touch20_03.png,49,41,False,-8
contrast,0.5,B4_erosion_watershed,touch20_03.png,49,41,False,-8
contrast,0.5,Ours_ASW_SPC,touch20_03.png,49,49,False,0
contrast,0.5,B1_components,touch20_04.png,44,36,False,-8
contrast,0.5,B4_erosion_watershed,touch20_04.png,44,36,False,-8
contrast,0.5,Ours_ASW_SPC,touch20_04.png,44,44,False,0
contrast,0.5,B1_components,touch20_05.png,75,59,False,-16
contrast,0.5,B4_erosion_watershed,touch20_05.png,75,59,False,-16
contrast,0.5,Ours_ASW_SPC,touch20_05.png,75,75,False,0
contrast,0.5,B1_components,touch20_06.png,44,32,False,-12
contrast,0.5,B4_erosion_watershed,touch20_06.png,44,32,False,-12
contrast,0.5,Ours_ASW_SPC,touch20_06.png,44,44,False,0
contrast,0.5,B1_components,touch20_07.png,79,66,False,-13
contrast,0.5,B4_erosion_watershed,touch20_07.png,79,66,False,-13
contrast,0.5,Ours_ASW_SPC,touch20_07.png,79,79,False,0
contrast,0.5,B1_components,touch40_00.png,62,40,False,-22
contrast,0.5,B4_erosion_watershed,touch40_00.png,62,40,False,-22
contrast,0.5,Ours_ASW_SPC,touch40_00.png,62,61,False,-1
contrast,0.5,B1_components,touch40_01.png,81,51,False,-30
contrast,0.5,B4_erosion_watershed,touch40_01.png,81,51,False,-30
contrast,0.5,Ours_ASW_SPC,touch40_01.png,81,81,False,0
contrast,0.5,B1_components,touch40_02.png,98,68,False,-30
contrast,0.5,B4_erosion_watershed,touch40_02.png,98,68,False,-30
contrast,0.5,Ours_ASW_SPC,touch40_02.png,98,98,False,0
contrast,0.5,B1_components,touch40_03.png,59,39,False,-20
contrast,0.5,B4_erosion_watershed,touch40_03.png,59,39,False,-20
contrast,0.5,Ours_ASW_SPC,touch40_03.png,59,59,False,0
contrast,0.5,B1_components,touch40_04.png,93,56,False,-37
contrast,0.5,B4_erosion_watershed,touch40_04.png,93,56,False,-37
contrast,0.5,Ours_ASW_SPC,touch40_04.png,93,93,False,0
contrast,0.5,B1_components,touch40_05.png,49,26,False,-23
contrast,0.5,B4_erosion_watershed,touch40_05.png,49,26,False,-23
contrast,0.5,Ours_ASW_SPC,touch40_05.png,49,49,False,0
contrast,0.5,B1_components,touch40_06.png,80,50,False,-30
contrast,0.5,B4_erosion_watershed,touch40_06.png,80,50,False,-30
contrast,0.5,Ours_ASW_SPC,touch40_06.png,80,80,False,0
contrast,0.5,B1_components,touch40_07.png,69,40,False,-29
contrast,0.5,B4_erosion_watershed,touch40_07.png,69,40,False,-29
contrast,0.5,Ours_ASW_SPC,touch40_07.png,69,69,False,0
contrast,0.5,B1_components,touch60_00.png,77,40,False,-37
contrast,0.5,B4_erosion_watershed,touch60_00.png,77,40,False,-37
contrast,0.5,Ours_ASW_SPC,touch60_00.png,77,77,False,0
contrast,0.5,B1_components,touch60_01.png,88,52,False,-36
contrast,0.5,B4_erosion_watershed,touch60_01.png,88,52,False,-36
contrast,0.5,Ours_ASW_SPC,touch60_01.png,88,88,False,0
contrast,0.5,B1_components,touch60_02.png,98,64,False,-34
contrast,0.5,B4_erosion_watershed,touch60_02.png,98,64,False,-34
contrast,0.5,Ours_ASW_SPC,touch60_02.png,98,98,False,0
contrast,0.5,B1_components,touch60_03.png,64,30,False,-34
contrast,0.5,B4_erosion_watershed,touch60_03.png,64,30,False,-34
contrast,0.5,Ours_ASW_SPC,touch60_03.png,64,63,False,-1
contrast,0.5,B1_components,touch60_04.png,91,60,False,-31
contrast,0.5,B4_erosion_watershed,touch60_04.png,91,60,False,-31
contrast,0.5,Ours_ASW_SPC,touch60_04.png,91,91,False,0
contrast,0.5,B1_components,touch60_05.png,58,26,False,-32
contrast,0.5,B4_erosion_watershed,touch60_05.png,58,26,False,-32
contrast,0.5,Ours_ASW_SPC,touch60_05.png,58,58,False,0
contrast,0.5,B1_components,touch60_06.png,55,26,False,-29
contrast,0.5,B4_erosion_watershed,touch60_06.png,55,26,False,-29
contrast,0.5,Ours_ASW_SPC,touch60_06.png,55,55,False,0
contrast,0.5,B1_components,touch60_07.png,89,38,False,-51
contrast,0.5,B4_erosion_watershed,touch60_07.png,89,38,False,-51
contrast,0.5,Ours_ASW_SPC,touch60_07.png,89,89,False,0
contrast,0.5,B1_components,touch80_00.png,64,25,False,-39
contrast,0.5,B4_erosion_watershed,touch80_00.png,64,25,False,-39
contrast,0.5,Ours_ASW_SPC,touch80_00.png,64,63,False,-1
contrast,0.5,B1_components,touch80_01.png,90,39,False,-51
contrast,0.5,B4_erosion_watershed,touch80_01.png,90,39,False,-51
contrast,0.5,Ours_ASW_SPC,touch80_01.png,90,90,False,0
contrast,0.5,B1_components,touch80_02.png,67,33,False,-34
contrast,0.5,B4_erosion_watershed,touch80_02.png,67,33,False,-34
contrast,0.5,Ours_ASW_SPC,touch80_02.png,67,67,False,0
contrast,0.5,B1_components,touch80_03.png,52,24,False,-28
contrast,0.5,B4_erosion_watershed,touch80_03.png,52,24,False,-28
contrast,0.5,Ours_ASW_SPC,touch80_03.png,52,51,False,-1
contrast,0.5,B1_components,touch80_04.png,69,27,False,-42
contrast,0.5,B4_erosion_watershed,touch80_04.png,69,27,False,-42
contrast,0.5,Ours_ASW_SPC,touch80_04.png,69,66,False,-3
contrast,0.5,B1_components,touch80_05.png,87,38,False,-49
contrast,0.5,B4_erosion_watershed,touch80_05.png,87,38,False,-49
contrast,0.5,Ours_ASW_SPC,touch80_05.png,87,87,False,0
contrast,0.5,B1_components,touch80_06.png,44,22,False,-22
contrast,0.5,B4_erosion_watershed,touch80_06.png,44,22,False,-22
contrast,0.5,Ours_ASW_SPC,touch80_06.png,44,43,False,-1
contrast,0.5,B1_components,touch80_07.png,89,43,False,-46
contrast,0.5,B4_erosion_watershed,touch80_07.png,89,43,False,-46
contrast,0.5,Ours_ASW_SPC,touch80_07.png,89,88,False,-1
contrast,0.3,B1_components,touch00_00.png,91,91,False,0
contrast,0.3,B4_erosion_watershed,touch00_00.png,91,91,False,0
contrast,0.3,Ours_ASW_SPC,touch00_00.png,91,91,False,0
contrast,0.3,B1_components,touch00_01.png,63,63,False,0
contrast,0.3,B4_erosion_watershed,touch00_01.png,63,63,False,0
contrast,0.3,Ours_ASW_SPC,touch00_01.png,63,63,False,0
contrast,0.3,B1_components,touch00_02.png,86,86,False,0
contrast,0.3,B4_erosion_watershed,touch00_02.png,86,86,False,0
contrast,0.3,Ours_ASW_SPC,touch00_02.png,86,86,False,0
contrast,0.3,B1_components,touch00_03.png,87,87,False,0
contrast,0.3,B4_erosion_watershed,touch00_03.png,87,87,False,0
contrast,0.3,Ours_ASW_SPC,touch00_03.png,87,87,False,0
contrast,0.3,B1_components,touch00_04.png,70,69,False,-1
contrast,0.3,B4_erosion_watershed,touch00_04.png,70,70,False,0
contrast,0.3,Ours_ASW_SPC,touch00_04.png,70,70,False,0
contrast,0.3,B1_components,touch00_05.png,64,64,False,0
contrast,0.3,B4_erosion_watershed,touch00_05.png,64,64,False,0
contrast,0.3,Ours_ASW_SPC,touch00_05.png,64,64,False,0
contrast,0.3,B1_components,touch00_06.png,89,89,False,0
contrast,0.3,B4_erosion_watershed,touch00_06.png,89,89,False,0
contrast,0.3,Ours_ASW_SPC,touch00_06.png,89,89,False,0
contrast,0.3,B1_components,touch00_07.png,53,52,False,-1
contrast,0.3,B4_erosion_watershed,touch00_07.png,53,52,False,-1
contrast,0.3,Ours_ASW_SPC,touch00_07.png,53,53,False,0
contrast,0.3,B1_components,touch20_00.png,94,75,False,-19
contrast,0.3,B4_erosion_watershed,touch20_00.png,94,75,False,-19
contrast,0.3,Ours_ASW_SPC,touch20_00.png,94,93,False,-1
contrast,0.3,B1_components,touch20_01.png,58,44,False,-14
contrast,0.3,B4_erosion_watershed,touch20_01.png,58,44,False,-14
contrast,0.3,Ours_ASW_SPC,touch20_01.png,58,58,False,0
contrast,0.3,B1_components,touch20_02.png,67,57,False,-10
contrast,0.3,B4_erosion_watershed,touch20_02.png,67,57,False,-10
contrast,0.3,Ours_ASW_SPC,touch20_02.png,67,67,False,0
contrast,0.3,B1_components,touch20_03.png,49,41,False,-8
contrast,0.3,B4_erosion_watershed,touch20_03.png,49,41,False,-8
contrast,0.3,Ours_ASW_SPC,touch20_03.png,49,49,False,0
contrast,0.3,B1_components,touch20_04.png,44,36,False,-8
contrast,0.3,B4_erosion_watershed,touch20_04.png,44,36,False,-8
contrast,0.3,Ours_ASW_SPC,touch20_04.png,44,44,False,0
contrast,0.3,B1_components,touch20_05.png,75,59,False,-16
contrast,0.3,B4_erosion_watershed,touch20_05.png,75,59,False,-16
contrast,0.3,Ours_ASW_SPC,touch20_05.png,75,75,False,0
contrast,0.3,B1_components,touch20_06.png,44,32,False,-12
contrast,0.3,B4_erosion_watershed,touch20_06.png,44,32,False,-12
contrast,0.3,Ours_ASW_SPC,touch20_06.png,44,44,False,0
contrast,0.3,B1_components,touch20_07.png,79,66,False,-13
contrast,0.3,B4_erosion_watershed,touch20_07.png,79,66,False,-13
contrast,0.3,Ours_ASW_SPC,touch20_07.png,79,79,False,0
contrast,0.3,B1_components,touch40_00.png,62,40,False,-22
contrast,0.3,B4_erosion_watershed,touch40_00.png,62,40,False,-22
contrast,0.3,Ours_ASW_SPC,touch40_00.png,62,61,False,-1
contrast,0.3,B1_components,touch40_01.png,81,51,False,-30
contrast,0.3,B4_erosion_watershed,touch40_01.png,81,51,False,-30
contrast,0.3,Ours_ASW_SPC,touch40_01.png,81,81,False,0
contrast,0.3,B1_components,touch40_02.png,98,68,False,-30
contrast,0.3,B4_erosion_watershed,touch40_02.png,98,68,False,-30
contrast,0.3,Ours_ASW_SPC,touch40_02.png,98,98,False,0
contrast,0.3,B1_components,touch40_03.png,59,39,False,-20
contrast,0.3,B4_erosion_watershed,touch40_03.png,59,39,False,-20
contrast,0.3,Ours_ASW_SPC,touch40_03.png,59,59,False,0
contrast,0.3,B1_components,touch40_04.png,93,56,False,-37
contrast,0.3,B4_erosion_watershed,touch40_04.png,93,56,False,-37
contrast,0.3,Ours_ASW_SPC,touch40_04.png,93,93,False,0
contrast,0.3,B1_components,touch40_05.png,49,26,False,-23
contrast,0.3,B4_erosion_watershed,touch40_05.png,49,26,False,-23
contrast,0.3,Ours_ASW_SPC,touch40_05.png,49,49,False,0
contrast,0.3,B1_components,touch40_06.png,80,50,False,-30
contrast,0.3,B4_erosion_watershed,touch40_06.png,80,50,False,-30
contrast,0.3,Ours_ASW_SPC,touch40_06.png,80,80,False,0
contrast,0.3,B1_components,touch40_07.png,69,40,False,-29
contrast,0.3,B4_erosion_watershed,touch40_07.png,69,40,False,-29
contrast,0.3,Ours_ASW_SPC,touch40_07.png,69,69,False,0
contrast,0.3,B1_components,touch60_00.png,77,40,False,-37
contrast,0.3,B4_erosion_watershed,touch60_00.png,77,40,False,-37
contrast,0.3,Ours_ASW_SPC,touch60_00.png,77,77,False,0
contrast,0.3,B1_components,touch60_01.png,88,52,False,-36
contrast,0.3,B4_erosion_watershed,touch60_01.png,88,52,False,-36
contrast,0.3,Ours_ASW_SPC,touch60_01.png,88,88,False,0
contrast,0.3,B1_components,touch60_02.png,98,64,False,-34
contrast,0.3,B4_erosion_watershed,touch60_02.png,98,64,False,-34
contrast,0.3,Ours_ASW_SPC,touch60_02.png,98,98,False,0
contrast,0.3,B1_components,touch60_03.png,64,30,False,-34
contrast,0.3,B4_erosion_watershed,touch60_03.png,64,30,False,-34
contrast,0.3,Ours_ASW_SPC,touch60_03.png,64,63,False,-1
contrast,0.3,B1_components,touch60_04.png,91,60,False,-31
contrast,0.3,B4_erosion_watershed,touch60_04.png,91,60,False,-31
contrast,0.3,Ours_ASW_SPC,touch60_04.png,91,91,False,0
contrast,0.3,B1_components,touch60_05.png,58,26,False,-32
contrast,0.3,B4_erosion_watershed,touch60_05.png,58,26,False,-32
contrast,0.3,Ours_ASW_SPC,touch60_05.png,58,58,False,0
contrast,0.3,B1_components,touch60_06.png,55,26,False,-29
contrast,0.3,B4_erosion_watershed,touch60_06.png,55,26,False,-29
contrast,0.3,Ours_ASW_SPC,touch60_06.png,55,55,False,0
contrast,0.3,B1_components,touch60_07.png,89,38,False,-51
contrast,0.3,B4_erosion_watershed,touch60_07.png,89,38,False,-51
contrast,0.3,Ours_ASW_SPC,touch60_07.png,89,89,False,0
contrast,0.3,B1_components,touch80_00.png,64,25,False,-39
contrast,0.3,B4_erosion_watershed,touch80_00.png,64,25,False,-39
contrast,0.3,Ours_ASW_SPC,touch80_00.png,64,63,False,-1
contrast,0.3,B1_components,touch80_01.png,90,39,False,-51
contrast,0.3,B4_erosion_watershed,touch80_01.png,90,39,False,-51
contrast,0.3,Ours_ASW_SPC,touch80_01.png,90,90,False,0
contrast,0.3,B1_components,touch80_02.png,67,33,False,-34
contrast,0.3,B4_erosion_watershed,touch80_02.png,67,33,False,-34
contrast,0.3,Ours_ASW_SPC,touch80_02.png,67,67,False,0
contrast,0.3,B1_components,touch80_03.png,52,24,False,-28
contrast,0.3,B4_erosion_watershed,touch80_03.png,52,24,False,-28
contrast,0.3,Ours_ASW_SPC,touch80_03.png,52,51,False,-1
contrast,0.3,B1_components,touch80_04.png,69,27,False,-42
contrast,0.3,B4_erosion_watershed,touch80_04.png,69,27,False,-42
contrast,0.3,Ours_ASW_SPC,touch80_04.png,69,67,False,-2
contrast,0.3,B1_components,touch80_05.png,87,38,False,-49
contrast,0.3,B4_erosion_watershed,touch80_05.png,87,38,False,-49
contrast,0.3,Ours_ASW_SPC,touch80_05.png,87,87,False,0
contrast,0.3,B1_components,touch80_06.png,44,22,False,-22
contrast,0.3,B4_erosion_watershed,touch80_06.png,44,22,False,-22
contrast,0.3,Ours_ASW_SPC,touch80_06.png,44,43,False,-1
contrast,0.3,B1_components,touch80_07.png,89,43,False,-46
contrast,0.3,B4_erosion_watershed,touch80_07.png,89,43,False,-46
contrast,0.3,Ours_ASW_SPC,touch80_07.png,89,88,False,-1
contrast,0.15,B1_components,touch00_00.png,91,91,False,0
contrast,0.15,B4_erosion_watershed,touch00_00.png,91,91,False,0
contrast,0.15,Ours_ASW_SPC,touch00_00.png,91,91,False,0
contrast,0.15,B1_components,touch00_01.png,63,63,False,0
contrast,0.15,B4_erosion_watershed,touch00_01.png,63,63,False,0
contrast,0.15,Ours_ASW_SPC,touch00_01.png,63,63,False,0
contrast,0.15,B1_components,touch00_02.png,86,86,False,0
contrast,0.15,B4_erosion_watershed,touch00_02.png,86,86,False,0
contrast,0.15,Ours_ASW_SPC,touch00_02.png,86,86,False,0
contrast,0.15,B1_components,touch00_03.png,87,87,False,0
contrast,0.15,B4_erosion_watershed,touch00_03.png,87,87,False,0
contrast,0.15,Ours_ASW_SPC,touch00_03.png,87,87,False,0
contrast,0.15,B1_components,touch00_04.png,70,70,False,0
contrast,0.15,B4_erosion_watershed,touch00_04.png,70,70,False,0
contrast,0.15,Ours_ASW_SPC,touch00_04.png,70,70,False,0
contrast,0.15,B1_components,touch00_05.png,64,64,False,0
contrast,0.15,B4_erosion_watershed,touch00_05.png,64,64,False,0
contrast,0.15,Ours_ASW_SPC,touch00_05.png,64,64,False,0
contrast,0.15,B1_components,touch00_06.png,89,89,False,0
contrast,0.15,B4_erosion_watershed,touch00_06.png,89,89,False,0
contrast,0.15,Ours_ASW_SPC,touch00_06.png,89,89,False,0
contrast,0.15,B1_components,touch00_07.png,53,52,False,-1
contrast,0.15,B4_erosion_watershed,touch00_07.png,53,52,False,-1
contrast,0.15,Ours_ASW_SPC,touch00_07.png,53,53,False,0
contrast,0.15,B1_components,touch20_00.png,94,75,False,-19
contrast,0.15,B4_erosion_watershed,touch20_00.png,94,75,False,-19
contrast,0.15,Ours_ASW_SPC,touch20_00.png,94,93,False,-1
contrast,0.15,B1_components,touch20_01.png,58,44,False,-14
contrast,0.15,B4_erosion_watershed,touch20_01.png,58,44,False,-14
contrast,0.15,Ours_ASW_SPC,touch20_01.png,58,58,False,0
contrast,0.15,B1_components,touch20_02.png,67,57,False,-10
contrast,0.15,B4_erosion_watershed,touch20_02.png,67,57,False,-10
contrast,0.15,Ours_ASW_SPC,touch20_02.png,67,67,False,0
contrast,0.15,B1_components,touch20_03.png,49,41,False,-8
contrast,0.15,B4_erosion_watershed,touch20_03.png,49,41,False,-8
contrast,0.15,Ours_ASW_SPC,touch20_03.png,49,49,False,0
contrast,0.15,B1_components,touch20_04.png,44,36,False,-8
contrast,0.15,B4_erosion_watershed,touch20_04.png,44,36,False,-8
contrast,0.15,Ours_ASW_SPC,touch20_04.png,44,44,False,0
contrast,0.15,B1_components,touch20_05.png,75,59,False,-16
contrast,0.15,B4_erosion_watershed,touch20_05.png,75,59,False,-16
contrast,0.15,Ours_ASW_SPC,touch20_05.png,75,75,False,0
contrast,0.15,B1_components,touch20_06.png,44,32,False,-12
contrast,0.15,B4_erosion_watershed,touch20_06.png,44,32,False,-12
contrast,0.15,Ours_ASW_SPC,touch20_06.png,44,44,False,0
contrast,0.15,B1_components,touch20_07.png,79,66,False,-13
contrast,0.15,B4_erosion_watershed,touch20_07.png,79,66,False,-13
contrast,0.15,Ours_ASW_SPC,touch20_07.png,79,79,False,0
contrast,0.15,B1_components,touch40_00.png,62,40,False,-22
contrast,0.15,B4_erosion_watershed,touch40_00.png,62,40,False,-22
contrast,0.15,Ours_ASW_SPC,touch40_00.png,62,61,False,-1
contrast,0.15,B1_components,touch40_01.png,81,51,False,-30
contrast,0.15,B4_erosion_watershed,touch40_01.png,81,51,False,-30
contrast,0.15,Ours_ASW_SPC,touch40_01.png,81,81,False,0
contrast,0.15,B1_components,touch40_02.png,98,68,False,-30
contrast,0.15,B4_erosion_watershed,touch40_02.png,98,68,False,-30
contrast,0.15,Ours_ASW_SPC,touch40_02.png,98,98,False,0
contrast,0.15,B1_components,touch40_03.png,59,39,False,-20
contrast,0.15,B4_erosion_watershed,touch40_03.png,59,39,False,-20
contrast,0.15,Ours_ASW_SPC,touch40_03.png,59,59,False,0
contrast,0.15,B1_components,touch40_04.png,93,56,False,-37
contrast,0.15,B4_erosion_watershed,touch40_04.png,93,56,False,-37
contrast,0.15,Ours_ASW_SPC,touch40_04.png,93,93,False,0
contrast,0.15,B1_components,touch40_05.png,49,26,False,-23
contrast,0.15,B4_erosion_watershed,touch40_05.png,49,26,False,-23
contrast,0.15,Ours_ASW_SPC,touch40_05.png,49,49,False,0
contrast,0.15,B1_components,touch40_06.png,80,50,False,-30
contrast,0.15,B4_erosion_watershed,touch40_06.png,80,50,False,-30
contrast,0.15,Ours_ASW_SPC,touch40_06.png,80,80,False,0
contrast,0.15,B1_components,touch40_07.png,69,40,False,-29
contrast,0.15,B4_erosion_watershed,touch40_07.png,69,40,False,-29
contrast,0.15,Ours_ASW_SPC,touch40_07.png,69,69,False,0
contrast,0.15,B1_components,touch60_00.png,77,40,False,-37
contrast,0.15,B4_erosion_watershed,touch60_00.png,77,40,False,-37
contrast,0.15,Ours_ASW_SPC,touch60_00.png,77,77,False,0
contrast,0.15,B1_components,touch60_01.png,88,52,False,-36
contrast,0.15,B4_erosion_watershed,touch60_01.png,88,52,False,-36
contrast,0.15,Ours_ASW_SPC,touch60_01.png,88,88,False,0
contrast,0.15,B1_components,touch60_02.png,98,64,False,-34
contrast,0.15,B4_erosion_watershed,touch60_02.png,98,64,False,-34
contrast,0.15,Ours_ASW_SPC,touch60_02.png,98,98,False,0
contrast,0.15,B1_components,touch60_03.png,64,30,False,-34
contrast,0.15,B4_erosion_watershed,touch60_03.png,64,30,False,-34
contrast,0.15,Ours_ASW_SPC,touch60_03.png,64,63,False,-1
contrast,0.15,B1_components,touch60_04.png,91,60,False,-31
contrast,0.15,B4_erosion_watershed,touch60_04.png,91,60,False,-31
contrast,0.15,Ours_ASW_SPC,touch60_04.png,91,91,False,0
contrast,0.15,B1_components,touch60_05.png,58,26,False,-32
contrast,0.15,B4_erosion_watershed,touch60_05.png,58,26,False,-32
contrast,0.15,Ours_ASW_SPC,touch60_05.png,58,58,False,0
contrast,0.15,B1_components,touch60_06.png,55,26,False,-29
contrast,0.15,B4_erosion_watershed,touch60_06.png,55,26,False,-29
contrast,0.15,Ours_ASW_SPC,touch60_06.png,55,55,False,0
contrast,0.15,B1_components,touch60_07.png,89,38,False,-51
contrast,0.15,B4_erosion_watershed,touch60_07.png,89,38,False,-51
contrast,0.15,Ours_ASW_SPC,touch60_07.png,89,89,False,0
contrast,0.15,B1_components,touch80_00.png,64,25,False,-39
contrast,0.15,B4_erosion_watershed,touch80_00.png,64,25,False,-39
contrast,0.15,Ours_ASW_SPC,touch80_00.png,64,63,False,-1
contrast,0.15,B1_components,touch80_01.png,90,39,False,-51
contrast,0.15,B4_erosion_watershed,touch80_01.png,90,39,False,-51
contrast,0.15,Ours_ASW_SPC,touch80_01.png,90,90,False,0
contrast,0.15,B1_components,touch80_02.png,67,33,False,-34
contrast,0.15,B4_erosion_watershed,touch80_02.png,67,33,False,-34
contrast,0.15,Ours_ASW_SPC,touch80_02.png,67,67,False,0
contrast,0.15,B1_components,touch80_03.png,52,24,False,-28
contrast,0.15,B4_erosion_watershed,touch80_03.png,52,24,False,-28
contrast,0.15,Ours_ASW_SPC,touch80_03.png,52,51,False,-1
contrast,0.15,B1_components,touch80_04.png,69,27,False,-42
contrast,0.15,B4_erosion_watershed,touch80_04.png,69,27,False,-42
contrast,0.15,Ours_ASW_SPC,touch80_04.png,69,67,False,-2
contrast,0.15,B1_components,touch80_05.png,87,38,False,-49
contrast,0.15,B4_erosion_watershed,touch80_05.png,87,38,False,-49
contrast,0.15,Ours_ASW_SPC,touch80_05.png,87,87,False,0
contrast,0.15,B1_components,touch80_06.png,44,22,False,-22
contrast,0.15,B4_erosion_watershed,touch80_06.png,44,22,False,-22
contrast,0.15,Ours_ASW_SPC,touch80_06.png,44,43,False,-1
contrast,0.15,B1_components,touch80_07.png,89,43,False,-46
contrast,0.15,B4_erosion_watershed,touch80_07.png,89,43,False,-46
contrast,0.15,Ours_ASW_SPC,touch80_07.png,89,88,False,-1
contrast,0.08,B1_components,touch00_00.png,91,91,False,0
contrast,0.08,B4_erosion_watershed,touch00_00.png,91,91,False,0
contrast,0.08,Ours_ASW_SPC,touch00_00.png,91,91,False,0
contrast,0.08,B1_components,touch00_01.png,63,63,False,0
contrast,0.08,B4_erosion_watershed,touch00_01.png,63,63,False,0
contrast,0.08,Ours_ASW_SPC,touch00_01.png,63,63,False,0
contrast,0.08,B1_components,touch00_02.png,86,86,False,0
contrast,0.08,B4_erosion_watershed,touch00_02.png,86,86,False,0
contrast,0.08,Ours_ASW_SPC,touch00_02.png,86,86,False,0
contrast,0.08,B1_components,touch00_03.png,87,87,False,0
contrast,0.08,B4_erosion_watershed,touch00_03.png,87,87,False,0
contrast,0.08,Ours_ASW_SPC,touch00_03.png,87,87,False,0
contrast,0.08,B1_components,touch00_04.png,70,69,False,-1
contrast,0.08,B4_erosion_watershed,touch00_04.png,70,70,False,0
contrast,0.08,Ours_ASW_SPC,touch00_04.png,70,70,False,0
contrast,0.08,B1_components,touch00_05.png,64,64,False,0
contrast,0.08,B4_erosion_watershed,touch00_05.png,64,64,False,0
contrast,0.08,Ours_ASW_SPC,touch00_05.png,64,64,False,0
contrast,0.08,B1_components,touch00_06.png,89,89,False,0
contrast,0.08,B4_erosion_watershed,touch00_06.png,89,89,False,0
contrast,0.08,Ours_ASW_SPC,touch00_06.png,89,89,False,0
contrast,0.08,B1_components,touch00_07.png,53,52,False,-1
contrast,0.08,B4_erosion_watershed,touch00_07.png,53,52,False,-1
contrast,0.08,Ours_ASW_SPC,touch00_07.png,53,53,False,0
contrast,0.08,B1_components,touch20_00.png,94,75,False,-19
contrast,0.08,B4_erosion_watershed,touch20_00.png,94,75,False,-19
contrast,0.08,Ours_ASW_SPC,touch20_00.png,94,93,False,-1
contrast,0.08,B1_components,touch20_01.png,58,44,False,-14
contrast,0.08,B4_erosion_watershed,touch20_01.png,58,44,False,-14
contrast,0.08,Ours_ASW_SPC,touch20_01.png,58,58,False,0
contrast,0.08,B1_components,touch20_02.png,67,57,False,-10
contrast,0.08,B4_erosion_watershed,touch20_02.png,67,57,False,-10
contrast,0.08,Ours_ASW_SPC,touch20_02.png,67,67,False,0
contrast,0.08,B1_components,touch20_03.png,49,41,False,-8
contrast,0.08,B4_erosion_watershed,touch20_03.png,49,41,False,-8
contrast,0.08,Ours_ASW_SPC,touch20_03.png,49,49,False,0
contrast,0.08,B1_components,touch20_04.png,44,36,False,-8
contrast,0.08,B4_erosion_watershed,touch20_04.png,44,36,False,-8
contrast,0.08,Ours_ASW_SPC,touch20_04.png,44,44,False,0
contrast,0.08,B1_components,touch20_05.png,75,59,False,-16
contrast,0.08,B4_erosion_watershed,touch20_05.png,75,59,False,-16
contrast,0.08,Ours_ASW_SPC,touch20_05.png,75,75,False,0
contrast,0.08,B1_components,touch20_06.png,44,32,False,-12
contrast,0.08,B4_erosion_watershed,touch20_06.png,44,32,False,-12
contrast,0.08,Ours_ASW_SPC,touch20_06.png,44,44,False,0
contrast,0.08,B1_components,touch20_07.png,79,66,False,-13
contrast,0.08,B4_erosion_watershed,touch20_07.png,79,66,False,-13
contrast,0.08,Ours_ASW_SPC,touch20_07.png,79,79,False,0
contrast,0.08,B1_components,touch40_00.png,62,40,False,-22
contrast,0.08,B4_erosion_watershed,touch40_00.png,62,40,False,-22
contrast,0.08,Ours_ASW_SPC,touch40_00.png,62,62,False,0
contrast,0.08,B1_components,touch40_01.png,81,51,False,-30
contrast,0.08,B4_erosion_watershed,touch40_01.png,81,51,False,-30
contrast,0.08,Ours_ASW_SPC,touch40_01.png,81,80,False,-1
contrast,0.08,B1_components,touch40_02.png,98,68,False,-30
contrast,0.08,B4_erosion_watershed,touch40_02.png,98,68,False,-30
contrast,0.08,Ours_ASW_SPC,touch40_02.png,98,98,False,0
contrast,0.08,B1_components,touch40_03.png,59,39,False,-20
contrast,0.08,B4_erosion_watershed,touch40_03.png,59,39,False,-20
contrast,0.08,Ours_ASW_SPC,touch40_03.png,59,59,False,0
contrast,0.08,B1_components,touch40_04.png,93,56,False,-37
contrast,0.08,B4_erosion_watershed,touch40_04.png,93,56,False,-37
contrast,0.08,Ours_ASW_SPC,touch40_04.png,93,93,False,0
contrast,0.08,B1_components,touch40_05.png,49,26,False,-23
contrast,0.08,B4_erosion_watershed,touch40_05.png,49,26,False,-23
contrast,0.08,Ours_ASW_SPC,touch40_05.png,49,49,False,0
contrast,0.08,B1_components,touch40_06.png,80,50,False,-30
contrast,0.08,B4_erosion_watershed,touch40_06.png,80,50,False,-30
contrast,0.08,Ours_ASW_SPC,touch40_06.png,80,80,False,0
contrast,0.08,B1_components,touch40_07.png,69,40,False,-29
contrast,0.08,B4_erosion_watershed,touch40_07.png,69,40,False,-29
contrast,0.08,Ours_ASW_SPC,touch40_07.png,69,69,False,0
contrast,0.08,B1_components,touch60_00.png,77,40,False,-37
contrast,0.08,B4_erosion_watershed,touch60_00.png,77,40,False,-37
contrast,0.08,Ours_ASW_SPC,touch60_00.png,77,77,False,0
contrast,0.08,B1_components,touch60_01.png,88,52,False,-36
contrast,0.08,B4_erosion_watershed,touch60_01.png,88,52,False,-36
contrast,0.08,Ours_ASW_SPC,touch60_01.png,88,88,False,0
contrast,0.08,B1_components,touch60_02.png,98,64,False,-34
contrast,0.08,B4_erosion_watershed,touch60_02.png,98,64,False,-34
contrast,0.08,Ours_ASW_SPC,touch60_02.png,98,98,False,0
contrast,0.08,B1_components,touch60_03.png,64,30,False,-34
contrast,0.08,B4_erosion_watershed,touch60_03.png,64,30,False,-34
contrast,0.08,Ours_ASW_SPC,touch60_03.png,64,63,False,-1
contrast,0.08,B1_components,touch60_04.png,91,60,False,-31
contrast,0.08,B4_erosion_watershed,touch60_04.png,91,60,False,-31
contrast,0.08,Ours_ASW_SPC,touch60_04.png,91,91,False,0
contrast,0.08,B1_components,touch60_05.png,58,26,False,-32
contrast,0.08,B4_erosion_watershed,touch60_05.png,58,26,False,-32
contrast,0.08,Ours_ASW_SPC,touch60_05.png,58,58,False,0
contrast,0.08,B1_components,touch60_06.png,55,26,False,-29
contrast,0.08,B4_erosion_watershed,touch60_06.png,55,26,False,-29
contrast,0.08,Ours_ASW_SPC,touch60_06.png,55,55,False,0
contrast,0.08,B1_components,touch60_07.png,89,38,False,-51
contrast,0.08,B4_erosion_watershed,touch60_07.png,89,38,False,-51
contrast,0.08,Ours_ASW_SPC,touch60_07.png,89,89,False,0
contrast,0.08,B1_components,touch80_00.png,64,25,False,-39
contrast,0.08,B4_erosion_watershed,touch80_00.png,64,25,False,-39
contrast,0.08,Ours_ASW_SPC,touch80_00.png,64,63,False,-1
contrast,0.08,B1_components,touch80_01.png,90,39,False,-51
contrast,0.08,B4_erosion_watershed,touch80_01.png,90,39,False,-51
contrast,0.08,Ours_ASW_SPC,touch80_01.png,90,90,False,0
contrast,0.08,B1_components,touch80_02.png,67,32,False,-35
contrast,0.08,B4_erosion_watershed,touch80_02.png,67,32,False,-35
contrast,0.08,Ours_ASW_SPC,touch80_02.png,67,67,False,0
contrast,0.08,B1_components,touch80_03.png,52,24,False,-28
contrast,0.08,B4_erosion_watershed,touch80_03.png,52,24,False,-28
contrast,0.08,Ours_ASW_SPC,touch80_03.png,52,51,False,-1
contrast,0.08,B1_components,touch80_04.png,69,27,False,-42
contrast,0.08,B4_erosion_watershed,touch80_04.png,69,27,False,-42
contrast,0.08,Ours_ASW_SPC,touch80_04.png,69,67,False,-2
contrast,0.08,B1_components,touch80_05.png,87,38,False,-49
contrast,0.08,B4_erosion_watershed,touch80_05.png,87,38,False,-49
contrast,0.08,Ours_ASW_SPC,touch80_05.png,87,87,False,0
contrast,0.08,B1_components,touch80_06.png,44,22,False,-22
contrast,0.08,B4_erosion_watershed,touch80_06.png,44,22,False,-22
contrast,0.08,Ours_ASW_SPC,touch80_06.png,44,43,False,-1
contrast,0.08,B1_components,touch80_07.png,89,43,False,-46
contrast,0.08,B4_erosion_watershed,touch80_07.png,89,43,False,-46
contrast,0.08,Ours_ASW_SPC,touch80_07.png,89,88,False,-1
resolution,1.0,B1_components,touch00_00.png,91,91,False,0
resolution,1.0,B4_erosion_watershed,touch00_00.png,91,91,False,0
resolution,1.0,Ours_ASW_SPC,touch00_00.png,91,91,False,0
resolution,1.0,B1_components,touch00_01.png,63,63,False,0
resolution,1.0,B4_erosion_watershed,touch00_01.png,63,63,False,0
resolution,1.0,Ours_ASW_SPC,touch00_01.png,63,63,False,0
resolution,1.0,B1_components,touch00_02.png,86,86,False,0
resolution,1.0,B4_erosion_watershed,touch00_02.png,86,86,False,0
resolution,1.0,Ours_ASW_SPC,touch00_02.png,86,86,False,0
resolution,1.0,B1_components,touch00_03.png,87,87,False,0
resolution,1.0,B4_erosion_watershed,touch00_03.png,87,87,False,0
resolution,1.0,Ours_ASW_SPC,touch00_03.png,87,87,False,0
resolution,1.0,B1_components,touch00_04.png,70,69,False,-1
resolution,1.0,B4_erosion_watershed,touch00_04.png,70,70,False,0
resolution,1.0,Ours_ASW_SPC,touch00_04.png,70,70,False,0
resolution,1.0,B1_components,touch00_05.png,64,64,False,0
resolution,1.0,B4_erosion_watershed,touch00_05.png,64,64,False,0
resolution,1.0,Ours_ASW_SPC,touch00_05.png,64,64,False,0
resolution,1.0,B1_components,touch00_06.png,89,89,False,0
resolution,1.0,B4_erosion_watershed,touch00_06.png,89,89,False,0
resolution,1.0,Ours_ASW_SPC,touch00_06.png,89,89,False,0
resolution,1.0,B1_components,touch00_07.png,53,52,False,-1
resolution,1.0,B4_erosion_watershed,touch00_07.png,53,52,False,-1
resolution,1.0,Ours_ASW_SPC,touch00_07.png,53,53,False,0
resolution,1.0,B1_components,touch20_00.png,94,75,False,-19
resolution,1.0,B4_erosion_watershed,touch20_00.png,94,75,False,-19
resolution,1.0,Ours_ASW_SPC,touch20_00.png,94,93,False,-1
resolution,1.0,B1_components,touch20_01.png,58,44,False,-14
resolution,1.0,B4_erosion_watershed,touch20_01.png,58,44,False,-14
resolution,1.0,Ours_ASW_SPC,touch20_01.png,58,58,False,0
resolution,1.0,B1_components,touch20_02.png,67,57,False,-10
resolution,1.0,B4_erosion_watershed,touch20_02.png,67,57,False,-10
resolution,1.0,Ours_ASW_SPC,touch20_02.png,67,67,False,0
resolution,1.0,B1_components,touch20_03.png,49,41,False,-8
resolution,1.0,B4_erosion_watershed,touch20_03.png,49,41,False,-8
resolution,1.0,Ours_ASW_SPC,touch20_03.png,49,49,False,0
resolution,1.0,B1_components,touch20_04.png,44,36,False,-8
resolution,1.0,B4_erosion_watershed,touch20_04.png,44,36,False,-8
resolution,1.0,Ours_ASW_SPC,touch20_04.png,44,44,False,0
resolution,1.0,B1_components,touch20_05.png,75,59,False,-16
resolution,1.0,B4_erosion_watershed,touch20_05.png,75,59,False,-16
resolution,1.0,Ours_ASW_SPC,touch20_05.png,75,75,False,0
resolution,1.0,B1_components,touch20_06.png,44,32,False,-12
resolution,1.0,B4_erosion_watershed,touch20_06.png,44,32,False,-12
resolution,1.0,Ours_ASW_SPC,touch20_06.png,44,44,False,0
resolution,1.0,B1_components,touch20_07.png,79,66,False,-13
resolution,1.0,B4_erosion_watershed,touch20_07.png,79,66,False,-13
resolution,1.0,Ours_ASW_SPC,touch20_07.png,79,79,False,0
resolution,1.0,B1_components,touch40_00.png,62,40,False,-22
resolution,1.0,B4_erosion_watershed,touch40_00.png,62,40,False,-22
resolution,1.0,Ours_ASW_SPC,touch40_00.png,62,61,False,-1
resolution,1.0,B1_components,touch40_01.png,81,51,False,-30
resolution,1.0,B4_erosion_watershed,touch40_01.png,81,51,False,-30
resolution,1.0,Ours_ASW_SPC,touch40_01.png,81,81,False,0
resolution,1.0,B1_components,touch40_02.png,98,68,False,-30
resolution,1.0,B4_erosion_watershed,touch40_02.png,98,68,False,-30
resolution,1.0,Ours_ASW_SPC,touch40_02.png,98,98,False,0
resolution,1.0,B1_components,touch40_03.png,59,39,False,-20
resolution,1.0,B4_erosion_watershed,touch40_03.png,59,39,False,-20
resolution,1.0,Ours_ASW_SPC,touch40_03.png,59,59,False,0
resolution,1.0,B1_components,touch40_04.png,93,56,False,-37
resolution,1.0,B4_erosion_watershed,touch40_04.png,93,56,False,-37
resolution,1.0,Ours_ASW_SPC,touch40_04.png,93,93,False,0
resolution,1.0,B1_components,touch40_05.png,49,26,False,-23
resolution,1.0,B4_erosion_watershed,touch40_05.png,49,26,False,-23
resolution,1.0,Ours_ASW_SPC,touch40_05.png,49,49,False,0
resolution,1.0,B1_components,touch40_06.png,80,50,False,-30
resolution,1.0,B4_erosion_watershed,touch40_06.png,80,50,False,-30
resolution,1.0,Ours_ASW_SPC,touch40_06.png,80,80,False,0
resolution,1.0,B1_components,touch40_07.png,69,40,False,-29
resolution,1.0,B4_erosion_watershed,touch40_07.png,69,40,False,-29
resolution,1.0,Ours_ASW_SPC,touch40_07.png,69,69,False,0
resolution,1.0,B1_components,touch60_00.png,77,40,False,-37
resolution,1.0,B4_erosion_watershed,touch60_00.png,77,40,False,-37
resolution,1.0,Ours_ASW_SPC,touch60_00.png,77,77,False,0
resolution,1.0,B1_components,touch60_01.png,88,52,False,-36
resolution,1.0,B4_erosion_watershed,touch60_01.png,88,52,False,-36
resolution,1.0,Ours_ASW_SPC,touch60_01.png,88,88,False,0
resolution,1.0,B1_components,touch60_02.png,98,64,False,-34
resolution,1.0,B4_erosion_watershed,touch60_02.png,98,64,False,-34
resolution,1.0,Ours_ASW_SPC,touch60_02.png,98,98,False,0
resolution,1.0,B1_components,touch60_03.png,64,30,False,-34
resolution,1.0,B4_erosion_watershed,touch60_03.png,64,30,False,-34
resolution,1.0,Ours_ASW_SPC,touch60_03.png,64,63,False,-1
resolution,1.0,B1_components,touch60_04.png,91,60,False,-31
resolution,1.0,B4_erosion_watershed,touch60_04.png,91,60,False,-31
resolution,1.0,Ours_ASW_SPC,touch60_04.png,91,91,False,0
resolution,1.0,B1_components,touch60_05.png,58,26,False,-32
resolution,1.0,B4_erosion_watershed,touch60_05.png,58,26,False,-32
resolution,1.0,Ours_ASW_SPC,touch60_05.png,58,58,False,0
resolution,1.0,B1_components,touch60_06.png,55,26,False,-29
resolution,1.0,B4_erosion_watershed,touch60_06.png,55,26,False,-29
resolution,1.0,Ours_ASW_SPC,touch60_06.png,55,55,False,0
resolution,1.0,B1_components,touch60_07.png,89,38,False,-51
resolution,1.0,B4_erosion_watershed,touch60_07.png,89,38,False,-51
resolution,1.0,Ours_ASW_SPC,touch60_07.png,89,89,False,0
resolution,1.0,B1_components,touch80_00.png,64,25,False,-39
resolution,1.0,B4_erosion_watershed,touch80_00.png,64,25,False,-39
resolution,1.0,Ours_ASW_SPC,touch80_00.png,64,63,False,-1
resolution,1.0,B1_components,touch80_01.png,90,39,False,-51
resolution,1.0,B4_erosion_watershed,touch80_01.png,90,39,False,-51
resolution,1.0,Ours_ASW_SPC,touch80_01.png,90,90,False,0
resolution,1.0,B1_components,touch80_02.png,67,33,False,-34
resolution,1.0,B4_erosion_watershed,touch80_02.png,67,33,False,-34
resolution,1.0,Ours_ASW_SPC,touch80_02.png,67,67,False,0
resolution,1.0,B1_components,touch80_03.png,52,24,False,-28
resolution,1.0,B4_erosion_watershed,touch80_03.png,52,24,False,-28
resolution,1.0,Ours_ASW_SPC,touch80_03.png,52,51,False,-1
resolution,1.0,B1_components,touch80_04.png,69,27,False,-42
resolution,1.0,B4_erosion_watershed,touch80_04.png,69,27,False,-42
resolution,1.0,Ours_ASW_SPC,touch80_04.png,69,66,False,-3
resolution,1.0,B1_components,touch80_05.png,87,38,False,-49
resolution,1.0,B4_erosion_watershed,touch80_05.png,87,38,False,-49
resolution,1.0,Ours_ASW_SPC,touch80_05.png,87,87,False,0
resolution,1.0,B1_components,touch80_06.png,44,22,False,-22
resolution,1.0,B4_erosion_watershed,touch80_06.png,44,22,False,-22
resolution,1.0,Ours_ASW_SPC,touch80_06.png,44,43,False,-1
resolution,1.0,B1_components,touch80_07.png,89,43,False,-46
resolution,1.0,B4_erosion_watershed,touch80_07.png,89,43,False,-46
resolution,1.0,Ours_ASW_SPC,touch80_07.png,89,88,False,-1
resolution,1.5,B1_components,touch00_00.png,91,90,False,-1
resolution,1.5,B4_erosion_watershed,touch00_00.png,91,91,False,0
resolution,1.5,Ours_ASW_SPC,touch00_00.png,91,91,False,0
resolution,1.5,B1_components,touch00_01.png,63,63,False,0
resolution,1.5,B4_erosion_watershed,touch00_01.png,63,63,False,0
resolution,1.5,Ours_ASW_SPC,touch00_01.png,63,63,False,0
resolution,1.5,B1_components,touch00_02.png,86,86,False,0
resolution,1.5,B4_erosion_watershed,touch00_02.png,86,86,False,0
resolution,1.5,Ours_ASW_SPC,touch00_02.png,86,86,False,0
resolution,1.5,B1_components,touch00_03.png,87,87,False,0
resolution,1.5,B4_erosion_watershed,touch00_03.png,87,87,False,0
resolution,1.5,Ours_ASW_SPC,touch00_03.png,87,87,False,0
resolution,1.5,B1_components,touch00_04.png,70,69,False,-1
resolution,1.5,B4_erosion_watershed,touch00_04.png,70,69,False,-1
resolution,1.5,Ours_ASW_SPC,touch00_04.png,70,70,False,0
resolution,1.5,B1_components,touch00_05.png,64,63,False,-1
resolution,1.5,B4_erosion_watershed,touch00_05.png,64,64,False,0
resolution,1.5,Ours_ASW_SPC,touch00_05.png,64,64,False,0
resolution,1.5,B1_components,touch00_06.png,89,89,False,0
resolution,1.5,B4_erosion_watershed,touch00_06.png,89,89,False,0
resolution,1.5,Ours_ASW_SPC,touch00_06.png,89,89,False,0
resolution,1.5,B1_components,touch00_07.png,53,52,False,-1
resolution,1.5,B4_erosion_watershed,touch00_07.png,53,52,False,-1
resolution,1.5,Ours_ASW_SPC,touch00_07.png,53,53,False,0
resolution,1.5,B1_components,touch20_00.png,94,74,False,-20
resolution,1.5,B4_erosion_watershed,touch20_00.png,94,74,False,-20
resolution,1.5,Ours_ASW_SPC,touch20_00.png,94,92,False,-2
resolution,1.5,B1_components,touch20_01.png,58,44,False,-14
resolution,1.5,B4_erosion_watershed,touch20_01.png,58,44,False,-14
resolution,1.5,Ours_ASW_SPC,touch20_01.png,58,58,False,0
resolution,1.5,B1_components,touch20_02.png,67,57,False,-10
resolution,1.5,B4_erosion_watershed,touch20_02.png,67,57,False,-10
resolution,1.5,Ours_ASW_SPC,touch20_02.png,67,67,False,0
resolution,1.5,B1_components,touch20_03.png,49,41,False,-8
resolution,1.5,B4_erosion_watershed,touch20_03.png,49,41,False,-8
resolution,1.5,Ours_ASW_SPC,touch20_03.png,49,49,False,0
resolution,1.5,B1_components,touch20_04.png,44,36,False,-8
resolution,1.5,B4_erosion_watershed,touch20_04.png,44,36,False,-8
resolution,1.5,Ours_ASW_SPC,touch20_04.png,44,44,False,0
resolution,1.5,B1_components,touch20_05.png,75,59,False,-16
resolution,1.5,B4_erosion_watershed,touch20_05.png,75,59,False,-16
resolution,1.5,Ours_ASW_SPC,touch20_05.png,75,75,False,0
resolution,1.5,B1_components,touch20_06.png,44,32,False,-12
resolution,1.5,B4_erosion_watershed,touch20_06.png,44,32,False,-12
resolution,1.5,Ours_ASW_SPC,touch20_06.png,44,44,False,0
resolution,1.5,B1_components,touch20_07.png,79,66,False,-13
resolution,1.5,B4_erosion_watershed,touch20_07.png,79,66,False,-13
resolution,1.5,Ours_ASW_SPC,touch20_07.png,79,79,False,0
resolution,1.5,B1_components,touch40_00.png,62,40,False,-22
resolution,1.5,B4_erosion_watershed,touch40_00.png,62,40,False,-22
resolution,1.5,Ours_ASW_SPC,touch40_00.png,62,62,False,0
resolution,1.5,B1_components,touch40_01.png,81,51,False,-30
resolution,1.5,B4_erosion_watershed,touch40_01.png,81,51,False,-30
resolution,1.5,Ours_ASW_SPC,touch40_01.png,81,80,False,-1
resolution,1.5,B1_components,touch40_02.png,98,68,False,-30
resolution,1.5,B4_erosion_watershed,touch40_02.png,98,68,False,-30
resolution,1.5,Ours_ASW_SPC,touch40_02.png,98,98,False,0
resolution,1.5,B1_components,touch40_03.png,59,39,False,-20
resolution,1.5,B4_erosion_watershed,touch40_03.png,59,39,False,-20
resolution,1.5,Ours_ASW_SPC,touch40_03.png,59,58,False,-1
resolution,1.5,B1_components,touch40_04.png,93,56,False,-37
resolution,1.5,B4_erosion_watershed,touch40_04.png,93,56,False,-37
resolution,1.5,Ours_ASW_SPC,touch40_04.png,93,92,False,-1
resolution,1.5,B1_components,touch40_05.png,49,26,False,-23
resolution,1.5,B4_erosion_watershed,touch40_05.png,49,26,False,-23
resolution,1.5,Ours_ASW_SPC,touch40_05.png,49,49,False,0
resolution,1.5,B1_components,touch40_06.png,80,50,False,-30
resolution,1.5,B4_erosion_watershed,touch40_06.png,80,50,False,-30
resolution,1.5,Ours_ASW_SPC,touch40_06.png,80,80,False,0
resolution,1.5,B1_components,touch40_07.png,69,40,False,-29
resolution,1.5,B4_erosion_watershed,touch40_07.png,69,40,False,-29
resolution,1.5,Ours_ASW_SPC,touch40_07.png,69,68,False,-1
resolution,1.5,B1_components,touch60_00.png,77,40,False,-37
resolution,1.5,B4_erosion_watershed,touch60_00.png,77,40,False,-37
resolution,1.5,Ours_ASW_SPC,touch60_00.png,77,76,False,-1
resolution,1.5,B1_components,touch60_01.png,88,52,False,-36
resolution,1.5,B4_erosion_watershed,touch60_01.png,88,52,False,-36
resolution,1.5,Ours_ASW_SPC,touch60_01.png,88,87,False,-1
resolution,1.5,B1_components,touch60_02.png,98,64,False,-34
resolution,1.5,B4_erosion_watershed,touch60_02.png,98,64,False,-34
resolution,1.5,Ours_ASW_SPC,touch60_02.png,98,98,False,0
resolution,1.5,B1_components,touch60_03.png,64,30,False,-34
resolution,1.5,B4_erosion_watershed,touch60_03.png,64,30,False,-34
resolution,1.5,Ours_ASW_SPC,touch60_03.png,64,63,False,-1
resolution,1.5,B1_components,touch60_04.png,91,59,False,-32
resolution,1.5,B4_erosion_watershed,touch60_04.png,91,60,False,-31
resolution,1.5,Ours_ASW_SPC,touch60_04.png,91,91,False,0
resolution,1.5,B1_components,touch60_05.png,58,26,False,-32
resolution,1.5,B4_erosion_watershed,touch60_05.png,58,26,False,-32
resolution,1.5,Ours_ASW_SPC,touch60_05.png,58,57,False,-1
resolution,1.5,B1_components,touch60_06.png,55,26,False,-29
resolution,1.5,B4_erosion_watershed,touch60_06.png,55,26,False,-29
resolution,1.5,Ours_ASW_SPC,touch60_06.png,55,55,False,0
resolution,1.5,B1_components,touch60_07.png,89,38,False,-51
resolution,1.5,B4_erosion_watershed,touch60_07.png,89,38,False,-51
resolution,1.5,Ours_ASW_SPC,touch60_07.png,89,88,False,-1
resolution,1.5,B1_components,touch80_00.png,64,25,False,-39
resolution,1.5,B4_erosion_watershed,touch80_00.png,64,25,False,-39
resolution,1.5,Ours_ASW_SPC,touch80_00.png,64,63,False,-1
resolution,1.5,B1_components,touch80_01.png,90,38,False,-52
resolution,1.5,B4_erosion_watershed,touch80_01.png,90,39,False,-51
resolution,1.5,Ours_ASW_SPC,touch80_01.png,90,90,False,0
resolution,1.5,B1_components,touch80_02.png,67,32,False,-35
resolution,1.5,B4_erosion_watershed,touch80_02.png,67,32,False,-35
resolution,1.5,Ours_ASW_SPC,touch80_02.png,67,67,False,0
resolution,1.5,B1_components,touch80_03.png,52,24,False,-28
resolution,1.5,B4_erosion_watershed,touch80_03.png,52,24,False,-28
resolution,1.5,Ours_ASW_SPC,touch80_03.png,52,53,False,1
resolution,1.5,B1_components,touch80_04.png,69,27,False,-42
resolution,1.5,B4_erosion_watershed,touch80_04.png,69,27,False,-42
resolution,1.5,Ours_ASW_SPC,touch80_04.png,69,66,False,-3
resolution,1.5,B1_components,touch80_05.png,87,38,False,-49
resolution,1.5,B4_erosion_watershed,touch80_05.png,87,38,False,-49
resolution,1.5,Ours_ASW_SPC,touch80_05.png,87,86,False,-1
resolution,1.5,B1_components,touch80_06.png,44,22,False,-22
resolution,1.5,B4_erosion_watershed,touch80_06.png,44,22,False,-22
resolution,1.5,Ours_ASW_SPC,touch80_06.png,44,43,False,-1
resolution,1.5,B1_components,touch80_07.png,89,43,False,-46
resolution,1.5,B4_erosion_watershed,touch80_07.png,89,43,False,-46
resolution,1.5,Ours_ASW_SPC,touch80_07.png,89,87,False,-2
resolution,2.0,B1_components,touch00_00.png,91,91,False,0
resolution,2.0,B4_erosion_watershed,touch00_00.png,91,91,False,0
resolution,2.0,Ours_ASW_SPC,touch00_00.png,91,91,False,0
resolution,2.0,B1_components,touch00_01.png,63,62,False,-1
resolution,2.0,B4_erosion_watershed,touch00_01.png,63,63,False,0
resolution,2.0,Ours_ASW_SPC,touch00_01.png,63,63,False,0
resolution,2.0,B1_components,touch00_02.png,86,85,False,-1
resolution,2.0,B4_erosion_watershed,touch00_02.png,86,86,False,0
resolution,2.0,Ours_ASW_SPC,touch00_02.png,86,86,False,0
resolution,2.0,B1_components,touch00_03.png,87,86,False,-1
resolution,2.0,B4_erosion_watershed,touch00_03.png,87,86,False,-1
resolution,2.0,Ours_ASW_SPC,touch00_03.png,87,87,False,0
resolution,2.0,B1_components,touch00_04.png,70,69,False,-1
resolution,2.0,B4_erosion_watershed,touch00_04.png,70,69,False,-1
resolution,2.0,Ours_ASW_SPC,touch00_04.png,70,70,False,0
resolution,2.0,B1_components,touch00_05.png,64,63,False,-1
resolution,2.0,B4_erosion_watershed,touch00_05.png,64,64,False,0
resolution,2.0,Ours_ASW_SPC,touch00_05.png,64,64,False,0
resolution,2.0,B1_components,touch00_06.png,89,89,False,0
resolution,2.0,B4_erosion_watershed,touch00_06.png,89,89,False,0
resolution,2.0,Ours_ASW_SPC,touch00_06.png,89,89,False,0
resolution,2.0,B1_components,touch00_07.png,53,52,False,-1
resolution,2.0,B4_erosion_watershed,touch00_07.png,53,52,False,-1
resolution,2.0,Ours_ASW_SPC,touch00_07.png,53,53,False,0
resolution,2.0,B1_components,touch20_00.png,94,74,False,-20
resolution,2.0,B4_erosion_watershed,touch20_00.png,94,74,False,-20
resolution,2.0,Ours_ASW_SPC,touch20_00.png,94,93,False,-1
resolution,2.0,B1_components,touch20_01.png,58,44,False,-14
resolution,2.0,B4_erosion_watershed,touch20_01.png,58,44,False,-14
resolution,2.0,Ours_ASW_SPC,touch20_01.png,58,57,False,-1
resolution,2.0,B1_components,touch20_02.png,67,57,False,-10
resolution,2.0,B4_erosion_watershed,touch20_02.png,67,57,False,-10
resolution,2.0,Ours_ASW_SPC,touch20_02.png,67,66,False,-1
resolution,2.0,B1_components,touch20_03.png,49,41,False,-8
resolution,2.0,B4_erosion_watershed,touch20_03.png,49,41,False,-8
resolution,2.0,Ours_ASW_SPC,touch20_03.png,49,49,False,0
resolution,2.0,B1_components,touch20_04.png,44,36,False,-8
resolution,2.0,B4_erosion_watershed,touch20_04.png,44,36,False,-8
resolution,2.0,Ours_ASW_SPC,touch20_04.png,44,44,False,0
resolution,2.0,B1_components,touch20_05.png,75,59,False,-16
resolution,2.0,B4_erosion_watershed,touch20_05.png,75,59,False,-16
resolution,2.0,Ours_ASW_SPC,touch20_05.png,75,75,False,0
resolution,2.0,B1_components,touch20_06.png,44,31,False,-13
resolution,2.0,B4_erosion_watershed,touch20_06.png,44,32,False,-12
resolution,2.0,Ours_ASW_SPC,touch20_06.png,44,44,False,0
resolution,2.0,B1_components,touch20_07.png,79,66,False,-13
resolution,2.0,B4_erosion_watershed,touch20_07.png,79,66,False,-13
resolution,2.0,Ours_ASW_SPC,touch20_07.png,79,79,False,0
resolution,2.0,B1_components,touch40_00.png,62,40,False,-22
resolution,2.0,B4_erosion_watershed,touch40_00.png,62,40,False,-22
resolution,2.0,Ours_ASW_SPC,touch40_00.png,62,62,False,0
resolution,2.0,B1_components,touch40_01.png,81,51,False,-30
resolution,2.0,B4_erosion_watershed,touch40_01.png,81,52,False,-29
resolution,2.0,Ours_ASW_SPC,touch40_01.png,81,80,False,-1
resolution,2.0,B1_components,touch40_02.png,98,68,False,-30
resolution,2.0,B4_erosion_watershed,touch40_02.png,98,68,False,-30
resolution,2.0,Ours_ASW_SPC,touch40_02.png,98,98,False,0
resolution,2.0,B1_components,touch40_03.png,59,39,False,-20
resolution,2.0,B4_erosion_watershed,touch40_03.png,59,39,False,-20
resolution,2.0,Ours_ASW_SPC,touch40_03.png,59,58,False,-1
resolution,2.0,B1_components,touch40_04.png,93,56,False,-37
resolution,2.0,B4_erosion_watershed,touch40_04.png,93,56,False,-37
resolution,2.0,Ours_ASW_SPC,touch40_04.png,93,90,False,-3
resolution,2.0,B1_components,touch40_05.png,49,26,False,-23
resolution,2.0,B4_erosion_watershed,touch40_05.png,49,26,False,-23
resolution,2.0,Ours_ASW_SPC,touch40_05.png,49,49,False,0
resolution,2.0,B1_components,touch40_06.png,80,50,False,-30
resolution,2.0,B4_erosion_watershed,touch40_06.png,80,50,False,-30
resolution,2.0,Ours_ASW_SPC,touch40_06.png,80,80,False,0
resolution,2.0,B1_components,touch40_07.png,69,40,False,-29
resolution,2.0,B4_erosion_watershed,touch40_07.png,69,40,False,-29
resolution,2.0,Ours_ASW_SPC,touch40_07.png,69,67,False,-2
resolution,2.0,B1_components,touch60_00.png,77,40,False,-37
resolution,2.0,B4_erosion_watershed,touch60_00.png,77,40,False,-37
resolution,2.0,Ours_ASW_SPC,touch60_00.png,77,74,False,-3
resolution,2.0,B1_components,touch60_01.png,88,52,False,-36
resolution,2.0,B4_erosion_watershed,touch60_01.png,88,52,False,-36
resolution,2.0,Ours_ASW_SPC,touch60_01.png,88,87,False,-1
resolution,2.0,B1_components,touch60_02.png,98,63,False,-35
resolution,2.0,B4_erosion_watershed,touch60_02.png,98,64,False,-34
resolution,2.0,Ours_ASW_SPC,touch60_02.png,98,98,False,0
resolution,2.0,B1_components,touch60_03.png,64,30,False,-34
resolution,2.0,B4_erosion_watershed,touch60_03.png,64,30,False,-34
resolution,2.0,Ours_ASW_SPC,touch60_03.png,64,62,False,-2
resolution,2.0,B1_components,touch60_04.png,91,59,False,-32
resolution,2.0,B4_erosion_watershed,touch60_04.png,91,59,False,-32
resolution,2.0,Ours_ASW_SPC,touch60_04.png,91,91,False,0
resolution,2.0,B1_components,touch60_05.png,58,26,False,-32
resolution,2.0,B4_erosion_watershed,touch60_05.png,58,26,False,-32
resolution,2.0,Ours_ASW_SPC,touch60_05.png,58,57,False,-1
resolution,2.0,B1_components,touch60_06.png,55,26,False,-29
resolution,2.0,B4_erosion_watershed,touch60_06.png,55,26,False,-29
resolution,2.0,Ours_ASW_SPC,touch60_06.png,55,54,False,-1
resolution,2.0,B1_components,touch60_07.png,89,38,False,-51
resolution,2.0,B4_erosion_watershed,touch60_07.png,89,38,False,-51
resolution,2.0,Ours_ASW_SPC,touch60_07.png,89,87,False,-2
resolution,2.0,B1_components,touch80_00.png,64,25,False,-39
resolution,2.0,B4_erosion_watershed,touch80_00.png,64,25,False,-39
resolution,2.0,Ours_ASW_SPC,touch80_00.png,64,63,False,-1
resolution,2.0,B1_components,touch80_01.png,90,38,False,-52
resolution,2.0,B4_erosion_watershed,touch80_01.png,90,38,False,-52
resolution,2.0,Ours_ASW_SPC,touch80_01.png,90,90,False,0
resolution,2.0,B1_components,touch80_02.png,67,32,False,-35
resolution,2.0,B4_erosion_watershed,touch80_02.png,67,32,False,-35
resolution,2.0,Ours_ASW_SPC,touch80_02.png,67,67,False,0
resolution,2.0,B1_components,touch80_03.png,52,24,False,-28
resolution,2.0,B4_erosion_watershed,touch80_03.png,52,24,False,-28
resolution,2.0,Ours_ASW_SPC,touch80_03.png,52,53,False,1
resolution,2.0,B1_components,touch80_04.png,69,27,False,-42
resolution,2.0,B4_erosion_watershed,touch80_04.png,69,27,False,-42
resolution,2.0,Ours_ASW_SPC,touch80_04.png,69,61,False,-8
resolution,2.0,B1_components,touch80_05.png,87,38,False,-49
resolution,2.0,B4_erosion_watershed,touch80_05.png,87,38,False,-49
resolution,2.0,Ours_ASW_SPC,touch80_05.png,87,86,False,-1
resolution,2.0,B1_components,touch80_06.png,44,22,False,-22
resolution,2.0,B4_erosion_watershed,touch80_06.png,44,22,False,-22
resolution,2.0,Ours_ASW_SPC,touch80_06.png,44,44,False,0
resolution,2.0,B1_components,touch80_07.png,89,43,False,-46
resolution,2.0,B4_erosion_watershed,touch80_07.png,89,43,False,-46
resolution,2.0,Ours_ASW_SPC,touch80_07.png,89,87,False,-2
resolution,3.0,B1_components,touch00_00.png,91,88,False,-3
resolution,3.0,B4_erosion_watershed,touch00_00.png,91,90,False,-1
resolution,3.0,Ours_ASW_SPC,touch00_00.png,91,91,False,0
resolution,3.0,B1_components,touch00_01.png,63,61,False,-2
resolution,3.0,B4_erosion_watershed,touch00_01.png,63,62,False,-1
resolution,3.0,Ours_ASW_SPC,touch00_01.png,63,63,False,0
resolution,3.0,B1_components,touch00_02.png,86,83,False,-3
resolution,3.0,B4_erosion_watershed,touch00_02.png,86,84,False,-2
resolution,3.0,Ours_ASW_SPC,touch00_02.png,86,86,False,0
resolution,3.0,B1_components,touch00_03.png,87,86,False,-1
resolution,3.0,B4_erosion_watershed,touch00_03.png,87,86,False,-1
resolution,3.0,Ours_ASW_SPC,touch00_03.png,87,87,False,0
resolution,3.0,B1_components,touch00_04.png,70,68,False,-2
resolution,3.0,B4_erosion_watershed,touch00_04.png,70,69,False,-1
resolution,3.0,Ours_ASW_SPC,touch00_04.png,70,70,False,0
resolution,3.0,B1_components,touch00_05.png,64,63,False,-1
resolution,3.0,B4_erosion_watershed,touch00_05.png,64,63,False,-1
resolution,3.0,Ours_ASW_SPC,touch00_05.png,64,64,False,0
resolution,3.0,B1_components,touch00_06.png,89,86,False,-3
resolution,3.0,B4_erosion_watershed,touch00_06.png,89,88,False,-1
resolution,3.0,Ours_ASW_SPC,touch00_06.png,89,89,False,0
resolution,3.0,B1_components,touch00_07.png,53,51,False,-2
resolution,3.0,B4_erosion_watershed,touch00_07.png,53,52,False,-1
resolution,3.0,Ours_ASW_SPC,touch00_07.png,53,53,False,0
resolution,3.0,B1_components,touch20_00.png,94,71,False,-23
resolution,3.0,B4_erosion_watershed,touch20_00.png,94,72,False,-22
resolution,3.0,Ours_ASW_SPC,touch20_00.png,94,93,False,-1
resolution,3.0,B1_components,touch20_01.png,58,43,False,-15
resolution,3.0,B4_erosion_watershed,touch20_01.png,58,43,False,-15
resolution,3.0,Ours_ASW_SPC,touch20_01.png,58,57,False,-1
resolution,3.0,B1_components,touch20_02.png,67,56,False,-11
resolution,3.0,B4_erosion_watershed,touch20_02.png,67,57,False,-10
resolution,3.0,Ours_ASW_SPC,touch20_02.png,67,66,False,-1
resolution,3.0,B1_components,touch20_03.png,49,40,False,-9
resolution,3.0,B4_erosion_watershed,touch20_03.png,49,40,False,-9
resolution,3.0,Ours_ASW_SPC,touch20_03.png,49,49,False,0
resolution,3.0,B1_components,touch20_04.png,44,36,False,-8
resolution,3.0,B4_erosion_watershed,touch20_04.png,44,36,False,-8
resolution,3.0,Ours_ASW_SPC,touch20_04.png,44,44,False,0
resolution,3.0,B1_components,touch20_05.png,75,59,False,-16
resolution,3.0,B4_erosion_watershed,touch20_05.png,75,59,False,-16
resolution,3.0,Ours_ASW_SPC,touch20_05.png,75,74,False,-1
resolution,3.0,B1_components,touch20_06.png,44,31,False,-13
resolution,3.0,B4_erosion_watershed,touch20_06.png,44,31,False,-13
resolution,3.0,Ours_ASW_SPC,touch20_06.png,44,45,False,1
resolution,3.0,B1_components,touch20_07.png,79,64,False,-15
resolution,3.0,B4_erosion_watershed,touch20_07.png,79,65,False,-14
resolution,3.0,Ours_ASW_SPC,touch20_07.png,79,79,False,0
resolution,3.0,B1_components,touch40_00.png,62,40,False,-22
resolution,3.0,B4_erosion_watershed,touch40_00.png,62,40,False,-22
resolution,3.0,Ours_ASW_SPC,touch40_00.png,62,61,False,-1
resolution,3.0,B1_components,touch40_01.png,81,50,False,-31
resolution,3.0,B4_erosion_watershed,touch40_01.png,81,50,False,-31
resolution,3.0,Ours_ASW_SPC,touch40_01.png,81,78,False,-3
resolution,3.0,B1_components,touch40_02.png,98,66,False,-32
resolution,3.0,B4_erosion_watershed,touch40_02.png,98,66,False,-32
resolution,3.0,Ours_ASW_SPC,touch40_02.png,98,97,False,-1
resolution,3.0,B1_components,touch40_03.png,59,39,False,-20
resolution,3.0,B4_erosion_watershed,touch40_03.png,59,39,False,-20
resolution,3.0,Ours_ASW_SPC,touch40_03.png,59,59,False,0
resolution,3.0,B1_components,touch40_04.png,93,56,False,-37
resolution,3.0,B4_erosion_watershed,touch40_04.png,93,56,False,-37
resolution,3.0,Ours_ASW_SPC,touch40_04.png,93,88,False,-5
resolution,3.0,B1_components,touch40_05.png,49,26,False,-23
resolution,3.0,B4_erosion_watershed,touch40_05.png,49,26,False,-23
resolution,3.0,Ours_ASW_SPC,touch40_05.png,49,50,False,1
resolution,3.0,B1_components,touch40_06.png,80,49,False,-31
resolution,3.0,B4_erosion_watershed,touch40_06.png,80,49,False,-31
resolution,3.0,Ours_ASW_SPC,touch40_06.png,80,79,False,-1
resolution,3.0,B1_components,touch40_07.png,69,39,False,-30
resolution,3.0,B4_erosion_watershed,touch40_07.png,69,39,False,-30
resolution,3.0,Ours_ASW_SPC,touch40_07.png,69,67,False,-2
resolution,3.0,B1_components,touch60_00.png,77,40,False,-37
resolution,3.0,B4_erosion_watershed,touch60_00.png,77,40,False,-37
resolution,3.0,Ours_ASW_SPC,touch60_00.png,77,72,False,-5
resolution,3.0,B1_components,touch60_01.png,88,52,False,-36
resolution,3.0,B4_erosion_watershed,touch60_01.png,88,52,False,-36
resolution,3.0,Ours_ASW_SPC,touch60_01.png,88,89,False,1
resolution,3.0,B1_components,touch60_02.png,98,63,False,-35
resolution,3.0,B4_erosion_watershed,touch60_02.png,98,63,False,-35
resolution,3.0,Ours_ASW_SPC,touch60_02.png,98,97,False,-1
resolution,3.0,B1_components,touch60_03.png,64,30,False,-34
resolution,3.0,B4_erosion_watershed,touch60_03.png,64,30,False,-34
resolution,3.0,Ours_ASW_SPC,touch60_03.png,64,63,False,-1
resolution,3.0,B1_components,touch60_04.png,91,59,False,-32
resolution,3.0,B4_erosion_watershed,touch60_04.png,91,59,False,-32
resolution,3.0,Ours_ASW_SPC,touch60_04.png,91,92,False,1
resolution,3.0,B1_components,touch60_05.png,58,25,False,-33
resolution,3.0,B4_erosion_watershed,touch60_05.png,58,26,False,-32
resolution,3.0,Ours_ASW_SPC,touch60_05.png,58,57,False,-1
resolution,3.0,B1_components,touch60_06.png,55,26,False,-29
resolution,3.0,B4_erosion_watershed,touch60_06.png,55,26,False,-29
resolution,3.0,Ours_ASW_SPC,touch60_06.png,55,55,False,0
resolution,3.0,B1_components,touch60_07.png,89,38,False,-51
resolution,3.0,B4_erosion_watershed,touch60_07.png,89,39,False,-50
resolution,3.0,Ours_ASW_SPC,touch60_07.png,89,88,False,-1
resolution,3.0,B1_components,touch80_00.png,64,25,False,-39
resolution,3.0,B4_erosion_watershed,touch80_00.png,64,25,False,-39
resolution,3.0,Ours_ASW_SPC,touch80_00.png,64,62,False,-2
resolution,3.0,B1_components,touch80_01.png,90,38,False,-52
resolution,3.0,B4_erosion_watershed,touch80_01.png,90,39,False,-51
resolution,3.0,Ours_ASW_SPC,touch80_01.png,90,91,False,1
resolution,3.0,B1_components,touch80_02.png,67,32,False,-35
resolution,3.0,B4_erosion_watershed,touch80_02.png,67,32,False,-35
resolution,3.0,Ours_ASW_SPC,touch80_02.png,67,69,False,2
resolution,3.0,B1_components,touch80_03.png,52,24,False,-28
resolution,3.0,B4_erosion_watershed,touch80_03.png,52,24,False,-28
resolution,3.0,Ours_ASW_SPC,touch80_03.png,52,53,False,1
resolution,3.0,B1_components,touch80_04.png,69,27,False,-42
resolution,3.0,B4_erosion_watershed,touch80_04.png,69,27,False,-42
resolution,3.0,Ours_ASW_SPC,touch80_04.png,69,60,False,-9
resolution,3.0,B1_components,touch80_05.png,87,37,False,-50
resolution,3.0,B4_erosion_watershed,touch80_05.png,87,38,False,-49
resolution,3.0,Ours_ASW_SPC,touch80_05.png,87,61,False,-26
resolution,3.0,B1_components,touch80_06.png,44,22,False,-22
resolution,3.0,B4_erosion_watershed,touch80_06.png,44,22,False,-22
resolution,3.0,Ours_ASW_SPC,touch80_06.png,44,42,False,-2
resolution,3.0,B1_components,touch80_07.png,89,42,False,-47
resolution,3.0,B4_erosion_watershed,touch80_07.png,89,42,False,-47
resolution,3.0,Ours_ASW_SPC,touch80_07.png,89,89,False,0
resolution,4.5,B1_components,touch00_00.png,91,80,False,-11
resolution,4.5,B4_erosion_watershed,touch00_00.png,91,85,False,-6
resolution,4.5,Ours_ASW_SPC,touch00_00.png,91,92,False,1
resolution,4.5,B1_components,touch00_01.png,63,60,False,-3
resolution,4.5,B4_erosion_watershed,touch00_01.png,63,63,False,0
resolution,4.5,Ours_ASW_SPC,touch00_01.png,63,63,False,0
resolution,4.5,B1_components,touch00_02.png,86,80,False,-6
resolution,4.5,B4_erosion_watershed,touch00_02.png,86,84,False,-2
resolution,4.5,Ours_ASW_SPC,touch00_02.png,86,86,False,0
resolution,4.5,B1_components,touch00_03.png,87,86,False,-1
resolution,4.5,B4_erosion_watershed,touch00_03.png,87,86,False,-1
resolution,4.5,Ours_ASW_SPC,touch00_03.png,87,87,False,0
resolution,4.5,B1_components,touch00_04.png,70,68,False,-2
resolution,4.5,B4_erosion_watershed,touch00_04.png,70,69,False,-1
resolution,4.5,Ours_ASW_SPC,touch00_04.png,70,70,False,0
resolution,4.5,B1_components,touch00_05.png,64,62,False,-2
resolution,4.5,B4_erosion_watershed,touch00_05.png,64,64,False,0
resolution,4.5,Ours_ASW_SPC,touch00_05.png,64,64,False,0
resolution,4.5,B1_components,touch00_06.png,89,86,False,-3
resolution,4.5,B4_erosion_watershed,touch00_06.png,89,87,False,-2
resolution,4.5,Ours_ASW_SPC,touch00_06.png,89,89,False,0
resolution,4.5,B1_components,touch00_07.png,53,50,False,-3
resolution,4.5,B4_erosion_watershed,touch00_07.png,53,51,False,-2
resolution,4.5,Ours_ASW_SPC,touch00_07.png,53,53,False,0
resolution,4.5,B1_components,touch20_00.png,94,68,False,-26
resolution,4.5,B4_erosion_watershed,touch20_00.png,94,70,False,-24
resolution,4.5,Ours_ASW_SPC,touch20_00.png,94,94,False,0
resolution,4.5,B1_components,touch20_01.png,58,43,False,-15
resolution,4.5,B4_erosion_watershed,touch20_01.png,58,43,False,-15
resolution,4.5,Ours_ASW_SPC,touch20_01.png,58,56,False,-2
resolution,4.5,B1_components,touch20_02.png,67,55,False,-12
resolution,4.5,B4_erosion_watershed,touch20_02.png,67,56,False,-11
resolution,4.5,Ours_ASW_SPC,touch20_02.png,67,63,False,-4
resolution,4.5,B1_components,touch20_03.png,49,39,False,-10
resolution,4.5,B4_erosion_watershed,touch20_03.png,49,40,False,-9
resolution,4.5,Ours_ASW_SPC,touch20_03.png,49,49,False,0
resolution,4.5,B1_components,touch20_04.png,44,36,False,-8
resolution,4.5,B4_erosion_watershed,touch20_04.png,44,36,False,-8
resolution,4.5,Ours_ASW_SPC,touch20_04.png,44,44,False,0
resolution,4.5,B1_components,touch20_05.png,75,57,False,-18
resolution,4.5,B4_erosion_watershed,touch20_05.png,75,57,False,-18
resolution,4.5,Ours_ASW_SPC,touch20_05.png,75,74,False,-1
resolution,4.5,B1_components,touch20_06.png,44,31,False,-13
resolution,4.5,B4_erosion_watershed,touch20_06.png,44,32,False,-12
resolution,4.5,Ours_ASW_SPC,touch20_06.png,44,46,False,2
resolution,4.5,B1_components,touch20_07.png,79,63,False,-16
resolution,4.5,B4_erosion_watershed,touch20_07.png,79,64,False,-15
resolution,4.5,Ours_ASW_SPC,touch20_07.png,79,75,False,-4
resolution,4.5,B1_components,touch40_00.png,62,39,False,-23
resolution,4.5,B4_erosion_watershed,touch40_00.png,62,40,False,-22
resolution,4.5,Ours_ASW_SPC,touch40_00.png,62,61,False,-1
resolution,4.5,B1_components,touch40_01.png,81,48,False,-33
resolution,4.5,B4_erosion_watershed,touch40_01.png,81,51,False,-30
resolution,4.5,Ours_ASW_SPC,touch40_01.png,81,79,False,-2
resolution,4.5,B1_components,touch40_02.png,98,64,False,-34
resolution,4.5,B4_erosion_watershed,touch40_02.png,98,66,False,-32
resolution,4.5,Ours_ASW_SPC,touch40_02.png,98,101,False,3
resolution,4.5,B1_components,touch40_03.png,59,39,False,-20
resolution,4.5,B4_erosion_watershed,touch40_03.png,59,39,False,-20
resolution,4.5,Ours_ASW_SPC,touch40_03.png,59,62,False,3
resolution,4.5,B1_components,touch40_04.png,93,55,False,-38
resolution,4.5,B4_erosion_watershed,touch40_04.png,93,57,False,-36
resolution,4.5,Ours_ASW_SPC,touch40_04.png,93,92,False,-1
resolution,4.5,B1_components,touch40_05.png,49,26,False,-23
resolution,4.5,B4_erosion_watershed,touch40_05.png,49,27,False,-22
resolution,4.5,Ours_ASW_SPC,touch40_05.png,49,54,False,5
resolution,4.5,B1_components,touch40_06.png,80,49,False,-31
resolution,4.5,B4_erosion_watershed,touch40_06.png,80,49,False,-31
resolution,4.5,Ours_ASW_SPC,touch40_06.png,80,80,False,0
resolution,4.5,B1_components,touch40_07.png,69,38,False,-31
resolution,4.5,B4_erosion_watershed,touch40_07.png,69,39,False,-30
resolution,4.5,Ours_ASW_SPC,touch40_07.png,69,69,False,0
resolution,4.5,B1_components,touch60_00.png,77,40,False,-37
resolution,4.5,B4_erosion_watershed,touch60_00.png,77,40,False,-37
resolution,4.5,Ours_ASW_SPC,touch60_00.png,77,69,False,-8
resolution,4.5,B1_components,touch60_01.png,88,50,False,-38
resolution,4.5,B4_erosion_watershed,touch60_01.png,88,50,False,-38
resolution,4.5,Ours_ASW_SPC,touch60_01.png,88,89,False,1
resolution,4.5,B1_components,touch60_02.png,98,61,False,-37
resolution,4.5,B4_erosion_watershed,touch60_02.png,98,61,False,-37
resolution,4.5,Ours_ASW_SPC,touch60_02.png,98,98,False,0
resolution,4.5,B1_components,touch60_03.png,64,28,False,-36
resolution,4.5,B4_erosion_watershed,touch60_03.png,64,29,False,-35
resolution,4.5,Ours_ASW_SPC,touch60_03.png,64,63,False,-1
resolution,4.5,B1_components,touch60_04.png,91,58,False,-33
resolution,4.5,B4_erosion_watershed,touch60_04.png,91,59,False,-32
resolution,4.5,Ours_ASW_SPC,touch60_04.png,91,92,False,1
resolution,4.5,B1_components,touch60_05.png,58,24,False,-34
resolution,4.5,B4_erosion_watershed,touch60_05.png,58,25,False,-33
resolution,4.5,Ours_ASW_SPC,touch60_05.png,58,57,False,-1
resolution,4.5,B1_components,touch60_06.png,55,26,False,-29
resolution,4.5,B4_erosion_watershed,touch60_06.png,55,27,False,-28
resolution,4.5,Ours_ASW_SPC,touch60_06.png,55,52,False,-3
resolution,4.5,B1_components,touch60_07.png,89,35,False,-54
resolution,4.5,B4_erosion_watershed,touch60_07.png,89,38,False,-51
resolution,4.5,Ours_ASW_SPC,touch60_07.png,89,84,False,-5
resolution,4.5,B1_components,touch80_00.png,64,25,False,-39
resolution,4.5,B4_erosion_watershed,touch80_00.png,64,25,False,-39
resolution,4.5,Ours_ASW_SPC,touch80_00.png,64,65,False,1
resolution,4.5,B1_components,touch80_01.png,90,38,False,-52
resolution,4.5,B4_erosion_watershed,touch80_01.png,90,40,False,-50
resolution,4.5,Ours_ASW_SPC,touch80_01.png,90,93,False,3
resolution,4.5,B1_components,touch80_02.png,67,30,False,-37
resolution,4.5,B4_erosion_watershed,touch80_02.png,67,30,False,-37
resolution,4.5,Ours_ASW_SPC,touch80_02.png,67,73,False,6
resolution,4.5,B1_components,touch80_03.png,52,24,False,-28
resolution,4.5,B4_erosion_watershed,touch80_03.png,52,24,False,-28
resolution,4.5,Ours_ASW_SPC,touch80_03.png,52,56,False,4
resolution,4.5,B1_components,touch80_04.png,69,27,False,-42
resolution,4.5,B4_erosion_watershed,touch80_04.png,69,29,False,-40
resolution,4.5,Ours_ASW_SPC,touch80_04.png,69,56,False,-13
resolution,4.5,B1_components,touch80_05.png,87,32,False,-55
resolution,4.5,B4_erosion_watershed,touch80_05.png,87,38,False,-49
resolution,4.5,Ours_ASW_SPC,touch80_05.png,87,64,False,-23
resolution,4.5,B1_components,touch80_06.png,44,22,False,-22
resolution,4.5,B4_erosion_watershed,touch80_06.png,44,22,False,-22
resolution,4.5,Ours_ASW_SPC,touch80_06.png,44,45,False,1
resolution,4.5,B1_components,touch80_07.png,89,42,False,-47
resolution,4.5,B4_erosion_watershed,touch80_07.png,89,42,False,-47
resolution,4.5,Ours_ASW_SPC,touch80_07.png,89,90,False,1
resolution,6.0,B1_components,touch00_00.png,91,78,False,-13
resolution,6.0,B4_erosion_watershed,touch00_00.png,91,85,False,-6
resolution,6.0,Ours_ASW_SPC,touch00_00.png,91,92,False,1
resolution,6.0,B1_components,touch00_01.png,63,59,False,-4
resolution,6.0,B4_erosion_watershed,touch00_01.png,63,61,False,-2
resolution,6.0,Ours_ASW_SPC,touch00_01.png,63,63,False,0
resolution,6.0,B1_components,touch00_02.png,86,77,False,-9
resolution,6.0,B4_erosion_watershed,touch00_02.png,86,82,False,-4
resolution,6.0,Ours_ASW_SPC,touch00_02.png,86,87,False,1
resolution,6.0,B1_components,touch00_03.png,87,80,False,-7
resolution,6.0,B4_erosion_watershed,touch00_03.png,87,85,False,-2
resolution,6.0,Ours_ASW_SPC,touch00_03.png,87,88,False,1
resolution,6.0,B1_components,touch00_04.png,70,63,False,-7
resolution,6.0,B4_erosion_watershed,touch00_04.png,70,68,False,-2
resolution,6.0,Ours_ASW_SPC,touch00_04.png,70,71,False,1
resolution,6.0,B1_components,touch00_05.png,64,60,False,-4
resolution,6.0,B4_erosion_watershed,touch00_05.png,64,64,False,0
resolution,6.0,Ours_ASW_SPC,touch00_05.png,64,64,False,0
resolution,6.0,B1_components,touch00_06.png,89,79,False,-10
resolution,6.0,B4_erosion_watershed,touch00_06.png,89,84,False,-5
resolution,6.0,Ours_ASW_SPC,touch00_06.png,89,89,False,0
resolution,6.0,B1_components,touch00_07.png,53,49,False,-4
resolution,6.0,B4_erosion_watershed,touch00_07.png,53,52,False,-1
resolution,6.0,Ours_ASW_SPC,touch00_07.png,53,53,False,0
resolution,6.0,B1_components,touch20_00.png,94,66,False,-28
resolution,6.0,B4_erosion_watershed,touch20_00.png,94,70,False,-24
resolution,6.0,Ours_ASW_SPC,touch20_00.png,94,100,False,6
resolution,6.0,B1_components,touch20_01.png,58,41,False,-17
resolution,6.0,B4_erosion_watershed,touch20_01.png,58,43,False,-15
resolution,6.0,Ours_ASW_SPC,touch20_01.png,58,58,False,0
resolution,6.0,B1_components,touch20_02.png,67,55,False,-12
resolution,6.0,B4_erosion_watershed,touch20_02.png,67,56,False,-11
resolution,6.0,Ours_ASW_SPC,touch20_02.png,67,66,False,-1
resolution,6.0,B1_components,touch20_03.png,49,40,False,-9
resolution,6.0,B4_erosion_watershed,touch20_03.png,49,41,False,-8
resolution,6.0,Ours_ASW_SPC,touch20_03.png,49,47,False,-2
resolution,6.0,B1_components,touch20_04.png,44,35,False,-9
resolution,6.0,B4_erosion_watershed,touch20_04.png,44,36,False,-8
resolution,6.0,Ours_ASW_SPC,touch20_04.png,44,43,False,-1
resolution,6.0,B1_components,touch20_05.png,75,55,False,-20
resolution,6.0,B4_erosion_watershed,touch20_05.png,75,58,False,-17
resolution,6.0,Ours_ASW_SPC,touch20_05.png,75,73,False,-2
resolution,6.0,B1_components,touch20_06.png,44,31,False,-13
resolution,6.0,B4_erosion_watershed,touch20_06.png,44,31,False,-13
resolution,6.0,Ours_ASW_SPC,touch20_06.png,44,41,False,-3
resolution,6.0,B1_components,touch20_07.png,79,61,False,-18
resolution,6.0,B4_erosion_watershed,touch20_07.png,79,66,False,-13
resolution,6.0,Ours_ASW_SPC,touch20_07.png,79,75,False,-4
resolution,6.0,B1_components,touch40_00.png,62,39,False,-23
resolution,6.0,B4_erosion_watershed,touch40_00.png,62,40,False,-22
resolution,6.0,Ours_ASW_SPC,touch40_00.png,62,62,False,0
resolution,6.0,B1_components,touch40_01.png,81,47,False,-34
resolution,6.0,B4_erosion_watershed,touch40_01.png,81,53,False,-28
resolution,6.0,Ours_ASW_SPC,touch40_01.png,81,82,False,1
resolution,6.0,B1_components,touch40_02.png,98,64,False,-34
resolution,6.0,B4_erosion_watershed,touch40_02.png,98,65,False,-33
resolution,6.0,Ours_ASW_SPC,touch40_02.png,98,101,False,3
resolution,6.0,B1_components,touch40_03.png,59,39,False,-20
resolution,6.0,B4_erosion_watershed,touch40_03.png,59,39,False,-20
resolution,6.0,Ours_ASW_SPC,touch40_03.png,59,66,False,7
resolution,6.0,B1_components,touch40_04.png,93,54,False,-39
resolution,6.0,B4_erosion_watershed,touch40_04.png,93,57,False,-36
resolution,6.0,Ours_ASW_SPC,touch40_04.png,93,97,False,4
resolution,6.0,B1_components,touch40_05.png,49,26,False,-23
resolution,6.0,B4_erosion_watershed,touch40_05.png,49,29,False,-20
resolution,6.0,Ours_ASW_SPC,touch40_05.png,49,55,False,6
resolution,6.0,B1_components,touch40_06.png,80,47,False,-33
resolution,6.0,B4_erosion_watershed,touch40_06.png,80,47,False,-33
resolution,6.0,Ours_ASW_SPC,touch40_06.png,80,81,False,1
resolution,6.0,B1_components,touch40_07.png,69,37,False,-32
resolution,6.0,B4_erosion_watershed,touch40_07.png,69,43,False,-26
resolution,6.0,Ours_ASW_SPC,touch40_07.png,69,64,False,-5
resolution,6.0,B1_components,touch60_00.png,77,39,False,-38
resolution,6.0,B4_erosion_watershed,touch60_00.png,77,42,False,-35
resolution,6.0,Ours_ASW_SPC,touch60_00.png,77,70,False,-7
resolution,6.0,B1_components,touch60_01.png,88,50,False,-38
resolution,6.0,B4_erosion_watershed,touch60_01.png,88,51,False,-37
resolution,6.0,Ours_ASW_SPC,touch60_01.png,88,90,False,2
resolution,6.0,B1_components,touch60_02.png,98,60,False,-38
resolution,6.0,B4_erosion_watershed,touch60_02.png,98,62,False,-36
resolution,6.0,Ours_ASW_SPC,touch60_02.png,98,99,False,1
resolution,6.0,B1_components,touch60_03.png,64,29,False,-35
resolution,6.0,B4_erosion_watershed,touch60_03.png,64,32,False,-32
resolution,6.0,Ours_ASW_SPC,touch60_03.png,64,63,False,-1
resolution,6.0,B1_components,touch60_04.png,91,58,False,-33
resolution,6.0,B4_erosion_watershed,touch60_04.png,91,61,False,-30
resolution,6.0,Ours_ASW_SPC,touch60_04.png,91,97,False,6
resolution,6.0,B1_components,touch60_05.png,58,27,False,-31
resolution,6.0,B4_erosion_watershed,touch60_05.png,58,32,False,-26
resolution,6.0,Ours_ASW_SPC,touch60_05.png,58,64,False,6
resolution,6.0,B1_components,touch60_06.png,55,26,False,-29
resolution,6.0,B4_erosion_watershed,touch60_06.png,55,28,False,-27
resolution,6.0,Ours_ASW_SPC,touch60_06.png,55,53,False,-2
resolution,6.0,B1_components,touch60_07.png,89,35,False,-54
resolution,6.0,B4_erosion_watershed,touch60_07.png,89,39,False,-50
resolution,6.0,Ours_ASW_SPC,touch60_07.png,89,89,False,0
resolution,6.0,B1_components,touch80_00.png,64,24,False,-40
resolution,6.0,B4_erosion_watershed,touch80_00.png,64,25,False,-39
resolution,6.0,Ours_ASW_SPC,touch80_00.png,64,65,False,1
resolution,6.0,B1_components,touch80_01.png,90,36,False,-54
resolution,6.0,B4_erosion_watershed,touch80_01.png,90,41,False,-49
resolution,6.0,Ours_ASW_SPC,touch80_01.png,90,71,False,-19
resolution,6.0,B1_components,touch80_02.png,67,31,False,-36
resolution,6.0,B4_erosion_watershed,touch80_02.png,67,32,False,-35
resolution,6.0,Ours_ASW_SPC,touch80_02.png,67,69,False,2
resolution,6.0,B1_components,touch80_03.png,52,24,False,-28
resolution,6.0,B4_erosion_watershed,touch80_03.png,52,25,False,-27
resolution,6.0,Ours_ASW_SPC,touch80_03.png,52,52,False,0
resolution,6.0,B1_components,touch80_04.png,69,27,False,-42
resolution,6.0,B4_erosion_watershed,touch80_04.png,69,27,False,-42
resolution,6.0,Ours_ASW_SPC,touch80_04.png,69,56,False,-13
resolution,6.0,B1_components,touch80_05.png,87,35,False,-52
resolution,6.0,B4_erosion_watershed,touch80_05.png,87,42,False,-45
resolution,6.0,Ours_ASW_SPC,touch80_05.png,87,62,False,-25
resolution,6.0,B1_components,touch80_06.png,44,22,False,-22
resolution,6.0,B4_erosion_watershed,touch80_06.png,44,23,False,-21
resolution,6.0,Ours_ASW_SPC,touch80_06.png,44,42,False,-2
resolution,6.0,B1_components,touch80_07.png,89,41,False,-48
resolution,6.0,B4_erosion_watershed,touch80_07.png,89,42,False,-47
resolution,6.0,Ours_ASW_SPC,touch80_07.png,89,78,False,-11
